2006-01-01,350.0
2006-01-02,350.0
2006-01-03,350.0
2006-01-04,350.0
2006-01-05,350.0
2006-01-06,400.0
2006-01-07,400.0
2006-01-08,350.0
2006-01-09,300.0
2006-01-10,300.0
2006-01-11,359.62962963
2006-01-12,470.37037037
2006-01-13,530.0
2006-01-14,510.770887166
2006-01-15,463.763996555
2006-01-16,405.0
2006-01-17,320.0
2006-01-18,290.0
2006-01-19,275.0
2006-01-20,271.336206897
2006-01-21,270.0
2006-01-22,340.0
2006-01-23,470.0
2006-01-24,540.0
2006-01-25,325.0
2006-01-26,327.5
2006-01-27,330.0
2006-01-28,301.481481481
2006-01-29,248.518518519
2006-01-30,220.0
2006-01-31,220.0
2006-02-01,240.0
2006-02-02,250.0
2006-02-03,250.0
2006-02-04,250.0
2006-02-05,245.0
2006-02-06,240.0
2006-02-07,240.0
2006-02-08,270.0
2006-02-09,360.384615385
2006-02-10,430.0
2006-02-11,385.925925926
2006-02-12,304.074074074
2006-02-13,260.0
2006-02-14,260.0
2006-02-15,250.0
2006-02-16,275.0
2006-02-17,353.75
2006-02-18,415.0
2006-02-19,353.861940299
2006-02-20,270.0
2006-02-21,235.0
2006-02-22,235.0
2006-02-23,235.0
2006-02-24,275.0
2006-02-25,300.0
2006-02-26,281.851851852
2006-02-27,248.148148148
2006-02-28,230.0
2006-03-01,230.0
2006-03-02,260.0
2006-03-03,250.0
2006-03-04,270.0
2006-03-05,263.518518519
2006-03-06,251.481481481
2006-03-07,245.0
2006-03-08,270.0
2006-03-09,260.0
2006-03-10,310.0
2006-03-11,287.962962963
2006-03-12,247.037037037
2006-03-13,225.0
2006-03-14,252.222222222
2006-03-15,302.777777778
2006-03-16,330.0
2006-03-17,317.298387097
2006-03-18,288.629032258
2006-03-19,258.14516129
2006-03-20,240.0
2006-03-21,235.0
2006-03-22,265.0
2006-03-23,286.078431373
2006-03-24,303.039215686
2006-03-25,310.0
2006-03-26,310.0
2006-03-27,310.0
2006-03-28,225.0
2006-03-29,226.500829187
2006-03-30,231.334991708
2006-03-31,240.0
2006-04-01,300.0
2006-04-02,285.0
2006-04-03,270.0
2006-04-04,270.0
2006-04-05,268.951915853
2006-04-06,266.078136739
2006-04-07,261.784372652
2006-04-08,256.476333584
2006-04-09,250.559729527
2006-04-10,244.440270473
2006-04-11,238.523666416
2006-04-12,233.215627348
2006-04-13,228.921863261
2006-04-14,226.048084147
2006-04-15,225.0
2006-04-16,230.0
2006-04-17,235.0
2006-04-18,235.0
2006-04-19,230.0
2006-04-20,230.0
2006-04-21,230.0
2006-04-22,230.0
2006-04-23,227.5
2006-04-24,225.0
2006-04-25,225.0
2006-04-26,275.0
2006-04-27,270.0
2006-04-28,295.0
2006-04-29,287.96875
2006-04-30,272.5
2006-05-01,257.03125
2006-05-02,250.0
2006-05-03,250.0
2006-05-04,248.929398148
2006-05-05,246.018518519
2006-05-06,241.71875
2006-05-07,236.481481481
2006-05-08,230.758101852
2006-05-09,225.0
2006-05-10,216.09375
2006-05-11,210.0
2006-05-12,210.0
2006-05-13,210.0
2006-05-14,210.0
2006-05-15,210.0
2006-05-16,235.0
2006-05-17,235.0
2006-05-18,242.5
2006-05-19,250.0
2006-05-20,240.0
2006-05-21,240.0
2006-05-22,240.0
2006-05-23,240.0
2006-05-24,240.0
2006-05-25,240.0
2006-05-26,240.0
2006-05-27,270.0
2006-05-28,283.970588235
2006-05-29,290.0
2006-05-30,210.0
2006-05-31,210.0
2006-06-01,235.0
2006-06-02,275.0
2006-06-03,325.0
2006-06-04,325.0
2006-06-05,325.0
2006-06-06,355.0
2006-06-07,325.0
2006-06-08,325.0
2006-06-09,275.0
2006-06-10,256.54569142
2006-06-11,244.383956821
2006-06-12,240.0
2006-06-13,325.0
2006-06-14,325.0
2006-06-15,340.0
2006-06-16,325.0
2006-06-17,320.0
2006-06-18,293.060344828
2006-06-19,270.0
2006-06-20,325.0
2006-06-21,317.5
2006-06-22,310.0
2006-06-23,310.0
2006-06-24,317.037037037
2006-06-25,334.62962963
2006-06-26,357.5
2006-06-27,380.37037037
2006-06-28,397.962962963
2006-06-29,405.0
2006-06-30,310.0
2006-07-01,315.185185185
2006-07-02,324.814814815
2006-07-03,330.0
2006-07-04,325.0
2006-07-05,510.0
2006-07-06,300.0
2006-07-07,310.0
2006-07-08,316.71280847
2006-07-09,322.352820006
2006-07-10,330.0
2006-07-11,348.419354839
2006-07-12,362.0
2006-07-13,300.0
2006-07-14,225.0
2006-07-15,236.60130719
2006-07-16,264.869281046
2006-07-17,300.0
2006-07-18,350.0
2006-07-19,370.0
2006-07-20,325.0
2006-07-21,310.0
2006-07-22,250.0
2006-07-23,257.142857143
2006-07-24,275.0
2006-07-25,325.0
2006-07-26,325.0
2006-07-27,275.0
2006-07-28,430.0
2006-07-29,310.0
2006-07-30,289.479018492
2006-07-31,280.0
2006-08-01,275.0
2006-08-02,250.0
2006-08-03,405.0
2006-08-04,560.0
2006-08-05,340.0
2006-08-06,302.686567164
2006-08-07,290.0
2006-08-08,325.0
2006-08-09,280.0
2006-08-10,350.0
2006-08-11,350.0
2006-08-12,347.247904839
2006-08-13,340.051365234
2006-08-14,330.0
2006-08-15,302.262773723
2006-08-16,280.0
2006-08-17,350.0
2006-08-18,355.090300546
2006-08-19,360.0
2006-08-20,1857.49166667
2006-08-21,3350.0
2006-08-22,280.0
2006-08-23,380.0
2006-08-24,350.0
2006-08-25,280.0
2006-08-26,330.0
2006-08-27,363.653846154
2006-08-28,380.0
2006-08-29,370.0
2006-08-30,316.120689655
2006-08-31,270.0
2006-09-01,350.0
2006-09-02,280.0
2006-09-03,296.346153846
2006-09-04,330.0
2006-09-05,380.0
2006-09-06,420.0
2006-09-07,240.0
2006-09-08,280.0
2006-09-09,265.740740741
2006-09-10,239.259259259
2006-09-11,225.0
2006-09-12,350.0
2006-09-13,275.0
2006-09-14,230.0
2006-09-15,226.185064935
2006-09-16,225.0
2006-09-17,282.5
2006-09-18,340.0
2006-09-19,225.0
2006-09-20,350.0
2006-09-21,340.0
2006-09-22,330.0
2006-09-23,332.592592593
2006-09-24,337.407407407
2006-09-25,340.0
2006-09-26,260.0
2006-09-27,272.5
2006-09-28,300.0
2006-09-29,327.5
2006-09-30,340.0
2006-10-01,340.0
2006-10-02,340.0
2006-10-03,340.0
2006-10-04,320.0
2006-10-05,315.0
2006-10-06,420.0
2006-10-07,412.557970402
2006-10-08,394.073911205
2006-10-09,370.310866808
2006-10-10,347.031881607
2006-10-11,330.0
2006-10-12,318.004312979
2006-10-13,306.05848639
2006-10-14,294.262426913
2006-10-15,282.716041226
2006-10-16,271.51923601
2006-10-17,260.771917944
2006-10-18,250.573993707
2006-10-19,241.025369979
2006-10-20,232.225953439
2006-10-21,224.275650766
2006-10-22,217.274368641
2006-10-23,211.322013742
2006-10-24,206.518492749
2006-10-25,202.963712341
2006-10-26,200.757579199
2006-10-27,200.0
2006-10-28,200.0
2006-10-29,270.0
2006-10-30,340.0
2006-10-31,275.0
2006-11-01,256.831395349
2006-11-02,250.0
2006-11-03,250.0
2006-11-04,250.0
2006-11-05,260.0
2006-11-06,270.0
2006-11-07,270.0
2006-11-08,271.296296296
2006-11-09,273.703703704
2006-11-10,275.0
2006-11-11,275.0
2006-11-12,275.0
2006-11-13,275.0
2006-11-14,275.0
2006-11-15,287.002743484
2006-11-16,319.170096022
2006-11-17,365.740740741
2006-11-18,420.953360768
2006-11-19,479.046639232
2006-11-20,534.259259259
2006-11-21,580.829903978
2006-11-22,612.997256516
2006-11-23,625.0
2006-11-24,597.222222222
2006-11-25,527.777777778
2006-11-26,437.5
2006-11-27,347.222222222
2006-11-28,277.777777778
2006-11-29,250.0
2006-11-30,462.5
2006-12-01,675.0
2006-12-02,671.000713199
2006-12-03,659.723198499
2006-12-04,642.247974456
2006-12-05,619.655559624
2006-12-06,593.026472558
2006-12-07,563.441231813
2006-12-08,531.980355944
2006-12-09,499.724363505
2006-12-10,467.753773053
2006-12-11,437.149103141
2006-12-12,408.990872325
2006-12-13,384.35959916
2006-12-14,364.3358022
2006-12-15,350.0
2006-12-16,338.571126533
2006-12-17,329.007785489
2006-12-18,325.0
2006-12-19,350.0
2006-12-20,375.0
2006-12-21,385.07295174
2006-12-22,391.610549944
2006-12-23,400.0
2006-12-24,410.208926876
2006-12-25,424.121557455
2006-12-26,450.0
2006-12-27,600.0
2006-12-28,633.142701525
2006-12-29,658.867102397
2006-12-30,677.794117647
2006-12-31,690.544662309
2007-01-01,697.739651416
2007-01-02,700.0
2007-01-03,700.0
2007-01-04,700.0
2007-01-05,676.5625
2007-01-06,625.0
2007-01-07,573.4375
2007-01-08,550.0
2007-01-09,550.0
2007-01-10,650.0
2007-01-11,650.0
2007-01-12,644.460641399
2007-01-13,630.174927114
2007-01-14,610.641399417
2007-01-15,589.358600583
2007-01-16,569.825072886
2007-01-17,555.539358601
2007-01-18,550.0
2007-01-19,650.0
2007-01-20,650.0
2007-01-21,800.0
2007-01-22,950.0
2007-01-23,600.0
2007-01-24,623.4375
2007-01-25,675.0
2007-01-26,726.5625
2007-01-27,750.0
2007-01-28,750.0
2007-01-29,750.0
2007-01-30,750.0
2007-01-31,750.0
2007-02-01,750.0
2007-02-02,750.0
2007-02-03,750.0
2007-02-04,750.0
2007-02-05,750.0
2007-02-06,750.0
2007-02-07,750.0
2007-02-08,750.0
2007-02-09,750.0
2007-02-10,750.0
2007-02-11,750.0
2007-02-12,750.0
2007-02-13,750.0
2007-02-14,750.0
2007-02-15,750.0
2007-02-16,760.4
2007-02-17,785.2
2007-02-18,814.8
2007-02-19,839.6
2007-02-20,850.0
2007-02-21,850.0
2007-02-22,850.0
2007-02-23,850.0
2007-02-24,850.0
2007-02-25,823.688046647
2007-02-26,755.83090379
2007-02-27,663.04664723
2007-02-28,561.95335277
2007-03-01,469.16909621
2007-03-02,401.311953353
2007-03-03,375.0
2007-03-04,375.0
2007-03-05,375.0
2007-03-06,360.0
2007-03-07,410.0
2007-03-08,425.0
2007-03-09,425.0
2007-03-10,450.390625
2007-03-11,509.375
2007-03-12,576.171875
2007-03-13,625.0
2007-03-14,650.0
2007-03-15,650.0
2007-03-16,650.0
2007-03-17,650.0
2007-03-18,662.962962963
2007-03-19,687.037037037
2007-03-20,700.0
2007-03-21,700.0
2007-03-22,700.0
2007-03-23,625.0
2007-03-24,550.0
2007-03-25,550.0
2007-03-26,550.0
2007-03-27,550.0
2007-03-28,550.0
2007-03-29,250.0
2007-03-30,350.0
2007-03-31,429.621134896
2007-04-01,496.755011893
2007-04-02,525.0
2007-04-03,525.0
2007-04-04,525.0
2007-04-05,550.0
2007-04-06,646.656976744
2007-04-07,725.0
2007-04-08,660.185185185
2007-04-09,539.814814815
2007-04-10,475.0
2007-04-11,525.0
2007-04-12,525.0
2007-04-13,475.0
2007-04-14,480.755755756
2007-04-15,497.622622623
2007-04-16,525.0
2007-04-17,625.0
2007-04-18,525.0
2007-04-19,525.0
2007-04-20,525.0
2007-04-21,525.0
2007-04-22,525.0
2007-04-23,525.0
2007-04-24,507.5
2007-04-25,490.0
2007-04-26,490.0
2007-04-27,490.0
2007-04-28,490.0
2007-04-29,532.5
2007-04-30,575.0
2007-05-01,575.0
2007-05-02,575.0
2007-05-03,562.037037037
2007-05-04,537.962962963
2007-05-05,525.0
2007-05-06,525.0
2007-05-07,525.0
2007-05-08,525.0
2007-05-09,525.0
2007-05-10,525.0
2007-05-11,525.0
2007-05-12,505.555555556
2007-05-13,469.444444444
2007-05-14,450.0
2007-05-15,525.0
2007-05-16,525.0
2007-05-17,525.0
2007-05-18,525.0
2007-05-19,525.0
2007-05-20,525.0
2007-05-21,525.0
2007-05-22,525.0
2007-05-23,525.0
2007-05-24,500.0
2007-05-25,501.439144737
2007-05-26,505.921052632
2007-05-27,513.692434211
2007-05-28,525.0
2007-05-29,575.0
2007-05-30,575.0
2007-05-31,625.0
2007-06-01,625.0
2007-06-02,625.0
2007-06-03,625.0
2007-06-04,625.0
2007-06-05,625.0
2007-06-06,650.0
2007-06-07,825.0
2007-06-08,825.0
2007-06-09,825.0
2007-06-10,825.0
2007-06-11,825.0
2007-06-12,775.0
2007-06-13,825.0
2007-06-14,775.0
2007-06-15,775.0
2007-06-16,975.0
2007-06-17,975.0
2007-06-18,975.0
2007-06-19,975.0
2007-06-20,900.0
2007-06-21,850.0
2007-06-22,850.0
2007-06-23,850.0
2007-06-24,850.0
2007-06-25,850.0
2007-06-26,950.0
2007-06-27,950.0
2007-06-28,950.0
2007-06-29,950.0
2007-06-30,950.0
2007-07-01,950.0
2007-07-02,950.0
2007-07-03,950.0
2007-07-04,950.0
2007-07-05,950.0
2007-07-06,950.0
2007-07-07,950.0
2007-07-08,943.518518519
2007-07-09,931.481481481
2007-07-10,925.0
2007-07-11,925.0
2007-07-12,925.0
2007-07-13,925.0
2007-07-14,925.0
2007-07-15,925.0
2007-07-16,925.0
2007-07-17,925.0
2007-07-18,1025.0
2007-07-19,925.0
2007-07-20,925.0
2007-07-21,925.0
2007-07-22,925.0
2007-07-23,925.0
2007-07-24,925.0
2007-07-25,1025.0
2007-07-26,1025.0
2007-07-27,1025.0
2007-07-28,1025.0
2007-07-29,1000.0
2007-07-30,975.0
2007-07-31,975.0
2007-08-01,975.0
2007-08-02,975.0
2007-08-03,975.0
2007-08-04,975.0
2007-08-05,975.0
2007-08-06,975.0
2007-08-07,975.0
2007-08-08,975.0
2007-08-09,975.0
2007-08-10,975.0
2007-08-11,975.0
2007-08-12,975.0
2007-08-13,975.0
2007-08-14,850.0
2007-08-15,875.0
2007-08-16,900.0
2007-08-17,900.0
2007-08-18,904.382104877
2007-08-19,919.875320865
2007-08-20,950.0
2007-08-21,1600.0
2007-08-22,1350.0
2007-08-23,1200.0
2007-08-24,1000.0
2007-08-25,1000.0
2007-08-26,1075.0
2007-08-27,1150.0
2007-08-28,1150.0
2007-08-29,1150.0
2007-08-30,1150.0
2007-08-31,1150.0
2007-09-01,1150.0
2007-09-02,1150.0
2007-09-03,1150.0
2007-09-04,600.0
2007-09-05,850.0
2007-09-06,850.0
2007-09-07,850.0
2007-09-08,818.75
2007-09-09,750.0
2007-09-10,681.25
2007-09-11,650.0
2007-09-12,650.0
2007-09-13,650.0
2007-09-14,650.0
2007-09-15,650.0
2007-09-16,650.0
2007-09-17,650.0
2007-09-18,650.0
2007-09-19,1100.0
2007-09-20,1100.0
2007-09-21,1100.0
2007-09-22,1100.0
2007-09-23,1100.0
2007-09-24,1100.0
2007-09-25,1100.0
2007-09-26,1100.0
2007-09-27,450.0
2007-09-28,450.0
2007-09-29,450.0
2007-09-30,450.0
2007-10-01,450.0
2007-10-02,450.0
2007-10-03,450.0
2007-10-04,450.0
2007-10-05,450.0
2007-10-06,1100.0
2007-10-07,1175.65789474
2007-10-08,1200.0
2007-10-09,900.0
2007-10-10,634.099616858
2007-10-11,400.383141762
2007-10-12,300.0
2007-10-13,325.925925926
2007-10-14,374.074074074
2007-10-15,400.0
2007-10-16,400.0
2007-10-17,1150.0
2007-10-18,1050.0
2007-10-19,1050.0
2007-10-20,855.555555556
2007-10-21,494.444444444
2007-10-22,300.0
2007-10-23,300.0
2007-10-24,300.0
2007-10-25,300.0
2007-10-26,500.0
2007-10-27,500.0
2007-10-28,500.0
2007-10-29,500.0
2007-10-30,450.0
2007-10-31,450.0
2007-11-01,400.0
2007-11-02,350.0
2007-11-03,350.0
2007-11-04,400.0
2007-11-05,450.0
2007-11-06,350.0
2007-11-07,300.0
2007-11-08,266.346153846
2007-11-09,250.0
2007-11-10,275.925925926
2007-11-11,324.074074074
2007-11-12,350.0
2007-11-13,350.0
2007-11-14,300.0
2007-11-15,300.0
2007-11-16,300.0
2007-11-17,500.0
2007-11-18,475.0
2007-11-19,450.0
2007-11-20,450.0
2007-11-21,450.0
2007-11-22,550.0
2007-11-23,450.0
2007-11-24,400.0
2007-11-25,337.5
2007-11-26,300.0
2007-11-27,300.0
2007-11-28,300.0
2007-11-29,300.0
2007-11-30,300.0
2007-12-01,300.0
2007-12-02,300.0
2007-12-03,300.0
2007-12-04,300.0
2007-12-05,300.0
2007-12-06,300.0
2007-12-07,300.0
2007-12-08,300.0
2007-12-09,300.0
2007-12-10,300.0
2007-12-11,300.0
2007-12-12,300.0
2007-12-13,300.0
2007-12-14,300.0
2007-12-15,300.0
2007-12-16,300.0
2007-12-17,300.0
2007-12-18,300.0
2007-12-19,300.0
2007-12-20,250.0
2007-12-21,258.85589701
2007-12-22,275.0
2007-12-23,291.461201918
2007-12-24,311.284974564
2007-12-25,333.860804155
2007-12-26,358.57817691
2007-12-27,384.826579046
2007-12-28,411.995496782
2007-12-29,439.474416334
2007-12-30,466.65282392
2007-12-31,492.920205759
2008-01-01,517.666048069
2008-01-02,540.279837067
2008-01-03,560.15105897
2008-01-04,576.669199997
2008-01-05,589.223746366
2008-01-06,597.204184295
2008-01-07,600.0
2008-01-08,600.0
2008-01-09,600.0
2008-01-10,600.0
2008-01-11,545.3125
2008-01-12,425.0
2008-01-13,304.6875
2008-01-14,250.0
2008-01-15,250.0
2008-01-16,250.0
2008-01-17,250.0
2008-01-18,550.0
2008-01-19,472.222222222
2008-01-20,327.777777778
2008-01-21,250.0
2008-01-22,250.0
2008-01-23,300.0
2008-01-24,300.0
2008-01-25,300.0
2008-01-26,300.0
2008-01-27,300.0
2008-01-28,300.0
2008-01-29,550.0
2008-01-30,549.305262981
2008-01-31,547.344073881
2008-02-01,544.300965638
2008-02-02,540.360471191
2008-02-03,535.707123477
2008-02-04,530.525455434
2008-02-05,525.0
2008-02-06,515.530667951
2008-02-07,500.545921644
2008-02-08,483.273121387
2008-02-09,466.939627489
2008-02-10,454.772800257
2008-02-11,450.0
2008-02-12,450.0
2008-02-13,450.0
2008-02-14,450.0
2008-02-15,300.0
2008-02-16,300.0
2008-02-17,300.0
2008-02-18,300.0
2008-02-19,300.0
2008-02-20,300.0
2008-02-21,300.0
2008-02-22,250.0
2008-02-23,250.0
2008-02-24,275.0
2008-02-25,300.0
2008-02-26,300.0
2008-02-27,300.0
2008-02-28,300.0
2008-02-29,300.0
2008-03-01,300.0
2008-03-02,300.0
2008-03-03,300.0
2008-03-04,300.0
2008-03-05,300.0
2008-03-06,300.0
2008-03-07,298.285322359
2008-03-08,293.689986283
2008-03-09,287.037037037
2008-03-10,279.14951989
2008-03-11,270.85048011
2008-03-12,262.962962963
2008-03-13,256.310013717
2008-03-14,251.714677641
2008-03-15,250.0
2008-03-16,250.0
2008-03-17,250.0
2008-03-18,250.0
2008-03-19,250.0
2008-03-20,250.0
2008-03-21,250.0
2008-03-22,250.0
2008-03-23,250.0
2008-03-24,250.0
2008-03-25,250.0
2008-03-26,250.0
2008-03-27,250.0
2008-03-28,250.0
2008-03-29,250.0
2008-03-30,250.0
2008-03-31,250.0
2008-04-01,250.0
2008-04-02,250.0
2008-04-03,250.0
2008-04-04,250.0
2008-04-05,275.0
2008-04-06,275.0
2008-04-07,275.0
2008-04-08,275.0
2008-04-09,300.0
2008-04-10,250.0
2008-04-11,250.0
2008-04-12,250.0
2008-04-13,250.0
2008-04-14,250.0
2008-04-15,250.0
2008-04-16,250.0
2008-04-17,250.0
2008-04-18,250.0
2008-04-19,250.0
2008-04-20,250.0
2008-04-21,250.0
2008-04-22,250.0
2008-04-23,225.0
2008-04-24,225.0
2008-04-25,225.0
2008-04-26,231.481481481
2008-04-27,243.518518519
2008-04-28,250.0
2008-04-29,250.0
2008-04-30,350.0
2008-05-01,350.0
2008-05-02,350.0
2008-05-03,350.0
2008-05-04,300.0
2008-05-05,250.0
2008-05-06,250.377446245
2008-05-07,251.524095739
2008-05-08,253.461414618
2008-05-09,256.210869021
2008-05-10,259.793925083
2008-05-11,264.232048943
2008-05-12,269.546706737
2008-05-13,275.759364602
2008-05-14,282.891488677
2008-05-15,290.964545097
2008-05-16,300.0
2008-05-17,325.0
2008-05-18,325.0
2008-05-19,325.0
2008-05-20,325.0
2008-05-21,325.0
2008-05-22,325.0
2008-05-23,325.0
2008-05-24,325.0
2008-05-25,325.0
2008-05-26,325.0
2008-05-27,325.0
2008-05-28,325.0
2008-05-29,325.0
2008-05-30,325.0
2008-05-31,500.0
2008-06-01,375.0
2008-06-02,250.0
2008-06-03,250.0
2008-06-04,250.0
2008-06-05,250.0
2008-06-06,375.0
2008-06-07,342.592592593
2008-06-08,282.407407407
2008-06-09,250.0
2008-06-10,250.0
2008-06-11,250.0
2008-06-12,250.0
2008-06-13,255.2
2008-06-14,267.6
2008-06-15,282.4
2008-06-16,294.8
2008-06-17,300.0
2008-06-18,300.0
2008-06-19,300.0
2008-06-20,300.0
2008-06-21,300.0
2008-06-22,300.0
2008-06-23,300.0
2008-06-24,300.0
2008-06-25,300.0
2008-06-26,375.0
2008-06-27,375.0
2008-06-28,375.0
2008-06-29,375.0
2008-06-30,375.0
2008-07-01,375.0
2008-07-02,375.0
2008-07-03,375.0
2008-07-04,375.0
2008-07-05,375.0
2008-07-06,375.0
2008-07-07,375.0
2008-07-08,375.0
2008-07-09,375.0
2008-07-10,375.0
2008-07-11,375.0
2008-07-12,375.0
2008-07-13,375.0
2008-07-14,375.0
2008-07-15,375.0
2008-07-16,375.0
2008-07-17,410.0
2008-07-18,600.0
2008-07-19,640.0
2008-07-20,732.857142857
2008-07-21,800.0
2008-07-22,800.0
2008-07-23,780.0
2008-07-24,750.0
2008-07-25,750.0
2008-07-26,820.0
2008-07-27,820.0
2008-07-28,820.0
2008-07-29,820.0
2008-07-30,820.0
2008-07-31,900.0
2008-08-01,900.0
2008-08-02,900.0
2008-08-03,900.0
2008-08-04,900.0
2008-08-05,900.0
2008-08-06,900.0
2008-08-07,980.0
2008-08-08,900.0
2008-08-09,900.0
2008-08-10,900.0
2008-08-11,900.0
2008-08-12,900.0
2008-08-13,750.0
2008-08-14,750.0
2008-08-15,734.375
2008-08-16,700.0
2008-08-17,665.625
2008-08-18,650.0
2008-08-19,700.0
2008-08-20,700.0
2008-08-21,725.0
2008-08-22,725.0
2008-08-23,650.0
2008-08-24,680.163043478
2008-08-25,725.0
2008-08-26,750.0
2008-08-27,650.0
2008-08-28,550.0
2008-08-29,550.0
2008-08-30,550.0
2008-08-31,575.0
2008-09-01,600.0
2008-09-02,550.0
2008-09-03,433.928571429
2008-09-04,350.0
2008-09-05,425.0
2008-09-06,500.0
2008-09-07,450.0
2008-09-08,400.0
2008-09-09,400.0
2008-09-10,398.725925926
2008-09-11,395.140740741
2008-09-12,389.6
2008-09-13,382.459259259
2008-09-14,374.074074074
2008-09-15,364.8
2008-09-16,354.992592593
2008-09-17,345.007407407
2008-09-18,335.2
2008-09-19,325.925925926
2008-09-20,317.540740741
2008-09-21,310.4
2008-09-22,304.859259259
2008-09-23,301.274074074
2008-09-24,300.0
2008-09-25,350.0
2008-09-26,250.0
2008-09-27,300.0
2008-09-28,300.0
2008-09-29,300.0
2008-09-30,300.0
2008-10-01,300.0
2008-10-02,425.0
2008-10-03,550.0
2008-10-04,526.5625
2008-10-05,475.0
2008-10-06,423.4375
2008-10-07,400.0
2008-10-08,418.518518519
2008-10-09,464.814814815
2008-10-10,525.0
2008-10-11,585.185185185
2008-10-12,631.481481481
2008-10-13,650.0
2008-10-14,250.0
2008-10-15,425.0
2008-10-16,600.0
2008-10-17,560.0
2008-10-18,550.0
2008-10-19,533.603988604
2008-10-20,509.43019943
2008-10-21,475.0
2008-10-22,377.403846154
2008-10-23,300.0
2008-10-24,306.787096774
2008-10-25,324.361290323
2008-10-26,348.541935484
2008-10-27,375.148387097
2008-10-28,400.0
2008-10-29,422.122434018
2008-10-30,450.0
2008-10-31,493.117668622
2008-11-01,551.7228739
2008-11-02,621.966642229
2008-11-03,700.0
2008-11-04,800.0
2008-11-05,400.0
2008-11-06,575.0
2008-11-07,750.0
2008-11-08,659.259259259
2008-11-09,490.740740741
2008-11-10,400.0
2008-11-11,400.0
2008-11-12,410.883997205
2008-11-13,439.2732355
2008-11-14,478.773584906
2008-11-15,522.990915444
2008-11-16,565.531097135
2008-11-17,600.0
2008-11-18,631.544811321
2008-11-19,664.150943396
2008-11-20,689.681603774
2008-11-21,700.0
2008-11-22,700.0
2008-11-23,725.925925926
2008-11-24,774.074074074
2008-11-25,800.0
2008-11-26,675.0
2008-11-27,550.0
2008-11-28,573.4375
2008-11-29,625.0
2008-11-30,676.5625
2008-12-01,700.0
2008-12-02,700.0
2008-12-03,700.0
2008-12-04,700.0
2008-12-05,700.0
2008-12-06,700.0
2008-12-07,700.0
2008-12-08,700.0
2008-12-09,700.0
2008-12-10,700.0
2008-12-11,700.0
2008-12-12,700.0
2008-12-13,700.816445546
2008-12-14,703.207464645
2008-12-15,707.085580988
2008-12-16,712.363318268
2008-12-17,718.953200175
2008-12-18,726.767750401
2008-12-19,735.719492637
2008-12-20,745.720950576
2008-12-21,756.684647908
2008-12-22,768.523108325
2008-12-23,781.148855518
2008-12-24,794.47441318
2008-12-25,808.412305001
2008-12-26,822.875054673
2008-12-27,837.775185887
2008-12-28,853.025222336
2008-12-29,868.53768771
2008-12-30,884.225105701
2008-12-31,900.0
2009-01-01,915.774894299
2009-01-02,931.46231229
2009-01-03,946.974777664
2009-01-04,962.224814113
2009-01-05,977.124945327
2009-01-06,991.587694999
2009-01-07,1005.52558682
2009-01-08,1018.85114448
2009-01-09,1031.47689168
2009-01-10,1043.31535209
2009-01-11,1054.27904942
2009-01-12,1064.28050736
2009-01-13,1073.2322496
2009-01-14,1081.04679983
2009-01-15,1087.63668173
2009-01-16,1092.91441901
2009-01-17,1096.79253536
2009-01-18,1099.18355445
2009-01-19,1100.0
2009-01-20,1100.0
2009-01-21,1100.0
2009-01-22,1100.0
2009-01-23,1095.91262136
2009-01-24,1082.73786408
2009-01-25,1059.10679612
2009-01-26,1023.65048544
2009-01-27,975.0
2009-01-28,720.0
2009-01-29,720.0
2009-01-30,715.0
2009-01-31,710.0
2009-02-01,731.141102362
2009-02-02,782.023307087
2009-02-03,843.83496063
2009-02-04,897.764409449
2009-02-05,925.0
2009-02-06,930.0
2009-02-07,924.633543165
2009-02-08,911.106115108
2009-02-09,893.275629496
2009-02-10,875.0
2009-02-11,853.842338559
2009-02-12,827.022901453
2009-02-13,797.885318864
2009-02-14,769.773220971
2009-02-15,746.030237957
2009-02-16,730.0
2009-02-17,719.091631356
2009-02-18,709.470338983
2009-02-19,702.613877119
2009-02-20,700.0
2009-02-21,708.928571429
2009-02-22,732.142857143
2009-02-23,764.285714286
2009-02-24,800.0
2009-02-25,850.0
2009-02-26,850.0
2009-02-27,850.0
2009-02-28,745.0
2009-03-01,745.0
2009-03-02,745.0
2009-03-03,745.0
2009-03-04,745.0
2009-03-05,925.0
2009-03-06,905.612244898
2009-03-07,855.612244898
2009-03-08,787.244897959
2009-03-09,712.755102041
2009-03-10,644.387755102
2009-03-11,594.387755102
2009-03-12,575.0
2009-03-13,650.0
2009-03-14,722.380514706
2009-03-15,795.588235294
2009-03-16,852.251838235
2009-03-17,875.0
2009-03-18,680.0
2009-03-19,650.0
2009-03-20,650.0
2009-03-21,643.98
2009-03-22,627.64
2009-03-23,603.56
2009-03-24,574.32
2009-03-25,542.5
2009-03-26,510.68
2009-03-27,481.44
2009-03-28,457.36
2009-03-29,441.02
2009-03-30,435.0
2009-03-31,435.0
2009-04-01,435.0
2009-04-02,435.0
2009-04-03,435.0
2009-04-04,435.0
2009-04-05,425.625
2009-04-06,405.0
2009-04-07,384.375
2009-04-08,375.0
2009-04-09,380.539358601
2009-04-10,394.825072886
2009-04-11,414.358600583
2009-04-12,435.641399417
2009-04-13,455.174927114
2009-04-14,469.460641399
2009-04-15,475.0
2009-04-16,475.0
2009-04-17,475.0
2009-04-18,449.074074074
2009-04-19,400.925925926
2009-04-20,375.0
2009-04-21,413.739495798
2009-04-22,455.0
2009-04-23,459.728592826
2009-04-24,463.854652972
2009-04-25,467.414653361
2009-04-26,470.445066916
2009-04-27,472.982366558
2009-04-28,475.06302521
2009-04-29,476.723515795
2009-04-30,478.000311236
2009-05-01,478.929884454
2009-05-02,479.548708372
2009-05-03,479.893255913
2009-05-04,480.0
2009-05-05,480.0
2009-05-06,575.0
2009-05-07,532.509765625
2009-05-08,480.0
2009-05-09,460.828359375
2009-05-10,443.43
2009-05-11,427.862578125
2009-05-12,414.18375
2009-05-13,402.451171875
2009-05-14,392.7225
2009-05-15,385.055390625
2009-05-16,379.5075
2009-05-17,376.136484375
2009-05-18,375.0
2009-05-19,475.0
2009-05-20,475.0
2009-05-21,475.0
2009-05-22,475.0
2009-05-23,350.0
2009-05-24,350.0
2009-05-25,350.0
2009-05-26,450.0
2009-05-27,450.0
2009-05-28,450.0
2009-05-29,450.0
2009-05-30,450.0
2009-05-31,475.925925926
2009-06-01,524.074074074
2009-06-02,550.0
2009-06-03,550.0
2009-06-04,550.0
2009-06-05,550.0
2009-06-06,550.0
2009-06-07,550.0
2009-06-08,550.0
2009-06-09,550.0
2009-06-10,550.0
2009-06-11,475.0
2009-06-12,400.0
2009-06-13,425.925925926
2009-06-14,474.074074074
2009-06-15,500.0
2009-06-16,500.0
2009-06-17,500.0
2009-06-18,500.0
2009-06-19,500.0
2009-06-20,500.0
2009-06-21,500.0
2009-06-22,500.0
2009-06-23,500.0
2009-06-24,500.0
2009-06-25,500.0
2009-06-26,500.0
2009-06-27,500.0
2009-06-28,500.0
2009-06-29,500.0
2009-06-30,500.0
2009-07-01,550.0
2009-07-02,550.0
2009-07-03,550.0
2009-07-04,550.0
2009-07-05,550.0
2009-07-06,550.0
2009-07-07,550.0
2009-07-08,550.0
2009-07-09,550.0
2009-07-10,550.0
2009-07-11,550.0
2009-07-12,550.0
2009-07-13,550.0
2009-07-14,550.0
2009-07-15,550.0
2009-07-16,550.0
2009-07-17,550.0
2009-07-18,550.0
2009-07-19,550.0
2009-07-20,550.0
2009-07-21,550.0
2009-07-22,550.0
2009-07-23,550.0
2009-07-24,550.0
2009-07-25,550.0
2009-07-26,550.0
2009-07-27,550.0
2009-07-28,550.0
2009-07-29,650.0
2009-07-30,650.0
2009-07-31,650.0
2009-08-01,650.0
2009-08-02,650.0
2009-08-03,650.0
2009-08-04,625.0
2009-08-05,625.0
2009-08-06,625.0
2009-08-07,625.0
2009-08-08,632.8
2009-08-09,651.4
2009-08-10,673.6
2009-08-11,692.2
2009-08-12,700.0
2009-08-13,700.0
2009-08-14,700.0
2009-08-15,687.037037037
2009-08-16,662.962962963
2009-08-17,650.0
2009-08-18,687.5
2009-08-19,725.0
2009-08-20,650.0
2009-08-21,650.0
2009-08-22,598.148148148
2009-08-23,501.851851852
2009-08-24,450.0
2009-08-25,450.339911097
2009-08-26,451.333549293
2009-08-27,452.941771947
2009-08-28,455.125436418
2009-08-29,457.845400065
2009-08-30,461.062520246
2009-08-31,464.737654321
2009-09-01,468.831659648
2009-09-02,473.305393586
2009-09-03,478.119713494
2009-09-04,483.23547673
2009-09-05,488.613540654
2009-09-06,494.214762625
2009-09-07,500.0
2009-09-08,507.425625857
2009-09-09,517.84122085
2009-09-10,531.047453704
2009-09-11,546.844993141
2009-09-12,565.034507888
2009-09-13,585.416666667
2009-09-14,607.792138203
2009-09-15,631.961591221
2009-09-16,657.725694444
2009-09-17,684.885116598
2009-09-18,713.240526406
2009-09-19,742.592592593
2009-09-20,772.741983882
2009-09-21,803.489368999
2009-09-22,834.635416667
2009-09-23,865.98079561
2009-09-24,897.326174554
2009-09-25,928.472222222
2009-09-26,959.219607339
2009-09-27,989.368998628
2009-09-28,1018.72106481
2009-09-29,1047.07647462
2009-09-30,1074.23589678
2009-10-01,1100.0
2009-10-02,1131.25
2009-10-03,1150.0
2009-10-04,1135.71428571
2009-10-05,1100.0
2009-10-06,1000.0
2009-10-07,1400.0
2009-10-08,1350.0
2009-10-09,1000.0
2009-10-10,954.822737176
2009-10-11,934.482075659
2009-10-12,900.0
2009-10-13,800.0
2009-10-14,950.0
2009-10-15,900.0
2009-10-16,850.0
2009-10-17,904.6875
2009-10-18,1025.0
2009-10-19,1145.3125
2009-10-20,1200.0
2009-10-21,1150.0
2009-10-22,1150.0
2009-10-23,1150.0
2009-10-24,1200.0
2009-10-25,1050.0
2009-10-26,900.0
2009-10-27,900.0
2009-10-28,900.0
2009-10-29,1000.0
2009-10-30,1050.0
2009-10-31,1050.0
2009-11-01,1100.0
2009-11-02,1150.0
2009-11-03,1150.0
2009-11-04,1100.0
2009-11-05,1066.34615385
2009-11-06,1050.0
2009-11-07,1062.96296296
2009-11-08,1087.03703704
2009-11-09,1100.0
2009-11-10,1100.0
2009-11-11,1200.0
2009-11-12,1100.0
2009-11-13,1200.0
2009-11-14,1284.12698413
2009-11-15,1368.25396825
2009-11-16,1500.0
2009-11-17,1850.0
2009-11-18,1700.0
2009-11-19,1550.0
2009-11-20,1550.0
2009-11-21,1250.0
2009-11-22,1159.60743802
2009-11-23,1125.0
2009-11-24,1412.5
2009-11-25,1700.0
2009-11-26,1600.0
2009-11-27,1650.0
2009-11-28,1741.48148148
2009-11-29,1848.51851852
2009-11-30,1900.0
2009-12-01,1900.0
2009-12-02,1300.0
2009-12-03,1400.0
2009-12-04,1400.0
2009-12-05,1400.0
2009-12-06,1425.0
2009-12-07,1450.0
2009-12-08,1400.0
2009-12-09,1275.0
2009-12-10,1275.0
2009-12-11,1500.0
2009-12-12,1493.0976431
2009-12-13,1475.08417508
2009-12-14,1450.0
2009-12-15,1400.0
2009-12-16,1550.0
2009-12-17,1450.0
2009-12-18,1400.0
2009-12-19,1600.0
2009-12-20,1525.0
2009-12-21,1450.0
2009-12-22,1450.0
2009-12-23,1550.0
2009-12-24,1350.0
2009-12-25,1350.0
2009-12-26,1350.0
2009-12-27,1414.81481481
2009-12-28,1535.18518519
2009-12-29,1600.0
2009-12-30,1550.0
2009-12-31,1500.0
2010-01-01,1450.0
2010-01-02,1250.0
2010-01-03,1146.27659574
2010-01-04,1100.0
2010-01-05,1100.0
2010-01-06,1300.0
2010-01-07,1100.0
2010-01-08,1200.0
2010-01-09,1194.24424424
2010-01-10,1177.37737738
2010-01-11,1150.0
2010-01-12,1050.0
2010-01-13,725.0
2010-01-14,758.759124088
2010-01-15,850.0
2010-01-16,1200.0
2010-01-17,1200.0
2010-01-18,1200.0
2010-01-19,1350.0
2010-01-20,1150.0
2010-01-21,1350.0
2010-01-22,1250.0
2010-01-23,950.0
2010-01-24,1010.0
2010-01-25,1100.0
2010-01-26,1165.0
2010-01-27,1200.0
2010-01-28,1200.0
2010-01-29,1050.0
2010-01-30,1050.0
2010-01-31,1050.0
2010-02-01,1050.0
2010-02-02,1050.0
2010-02-03,1050.0
2010-02-04,1050.0
2010-02-05,1100.0
2010-02-06,1100.0
2010-02-07,1125.0
2010-02-08,1150.0
2010-02-09,1100.0
2010-02-10,1100.0
2010-02-11,950.0
2010-02-12,950.0
2010-02-13,950.0
2010-02-14,950.0
2010-02-15,950.0
2010-02-16,1000.0
2010-02-17,950.0
2010-02-18,1000.0
2010-02-19,900.0
2010-02-20,900.0
2010-02-21,875.0
2010-02-22,850.0
2010-02-23,850.0
2010-02-24,840.306122449
2010-02-25,815.306122449
2010-02-26,781.12244898
2010-02-27,743.87755102
2010-02-28,709.693877551
2010-03-01,684.693877551
2010-03-02,675.0
2010-03-03,700.0
2010-03-04,675.0
2010-03-05,750.0
2010-03-06,800.0
2010-03-07,775.0
2010-03-08,750.0
2010-03-09,850.0
2010-03-10,700.0
2010-03-11,675.0
2010-03-12,650.0
2010-03-13,615.592541926
2010-03-14,577.567512793
2010-03-15,550.0
2010-03-16,533.088235294
2010-03-17,525.0
2010-03-18,525.0
2010-03-19,525.0
2010-03-20,475.0
2010-03-21,549.130434783
2010-03-22,635.0
2010-03-23,650.0
2010-03-24,650.0
2010-03-25,600.0
2010-03-26,590.0
2010-03-27,575.0
2010-03-28,584.756097561
2010-03-29,600.0
2010-03-30,610.0
2010-03-31,590.0
2010-04-01,725.0
2010-04-02,641.987179487
2010-04-03,550.0
2010-04-04,535.512820513
2010-04-05,530.0
2010-04-06,650.0
2010-04-07,515.0
2010-04-08,506.339848271
2010-04-09,500.0
2010-04-10,475.605060506
2010-04-11,441.96919692
2010-04-12,425.0
2010-04-13,425.0
2010-04-14,437.5
2010-04-15,450.0
2010-04-16,425.0
2010-04-17,500.0
2010-04-18,491.826923077
2010-04-19,475.0
2010-04-20,450.0
2010-04-21,450.0
2010-04-22,500.0
2010-04-23,500.0
2010-04-24,510.0
2010-04-25,507.25
2010-04-26,500.0
2010-04-27,475.0
2010-04-28,525.0
2010-04-29,525.0
2010-04-30,525.0
2010-05-01,525.0
2010-05-02,525.0
2010-05-03,525.0
2010-05-04,525.0
2010-05-05,450.0
2010-05-06,525.0
2010-05-07,500.0
2010-05-08,506.481481481
2010-05-09,518.518518519
2010-05-10,525.0
2010-05-11,525.0
2010-05-12,500.0
2010-05-13,515.0
2010-05-14,515.0
2010-05-15,550.0
2010-05-16,550.0
2010-05-17,550.0
2010-05-18,625.0
2010-05-19,800.0
2010-05-20,650.0
2010-05-21,600.0
2010-05-22,625.0
2010-05-23,594.836956522
2010-05-24,550.0
2010-05-25,525.0
2010-05-26,550.0
2010-05-27,625.0
2010-05-28,525.0
2010-05-29,600.0
2010-05-30,575.0
2010-05-31,550.0
2010-06-01,600.0
2010-06-02,600.0
2010-06-03,600.0
2010-06-04,600.0
2010-06-05,615.0
2010-06-06,582.5
2010-06-07,550.0
2010-06-08,600.0
2010-06-09,650.0
2010-06-10,650.0
2010-06-11,650.0
2010-06-12,650.0
2010-06-13,650.0
2010-06-14,650.0
2010-06-15,650.0
2010-06-16,750.0
2010-06-17,750.0
2010-06-18,700.0
2010-06-19,725.0
2010-06-20,625.0
2010-06-21,525.0
2010-06-22,550.0
2010-06-23,550.0
2010-06-24,550.0
2010-06-25,615.0
2010-06-26,650.0
2010-06-27,667.361111111
2010-06-28,675.0
2010-06-29,650.0
2010-06-30,800.0
2010-07-01,615.0
2010-07-02,632.5
2010-07-03,650.0
2010-07-04,650.0
2010-07-05,650.0
2010-07-06,650.0
2010-07-07,700.0
2010-07-08,700.0
2010-07-09,650.0
2010-07-10,669.444444444
2010-07-11,705.555555556
2010-07-12,725.0
2010-07-13,700.0
2010-07-14,600.0
2010-07-15,625.0
2010-07-16,625.0
2010-07-17,700.0
2010-07-18,700.0
2010-07-19,700.0
2010-07-20,700.0
2010-07-21,600.0
2010-07-22,700.0
2010-07-23,700.0
2010-07-24,675.0
2010-07-25,664.431818182
2010-07-26,660.0
2010-07-27,700.0
2010-07-28,900.0
2010-07-29,800.0
2010-07-30,725.0
2010-07-31,650.0
2010-08-01,650.0
2010-08-02,650.0
2010-08-03,675.0
2010-08-04,725.0
2010-08-05,675.0
2010-08-06,700.0
2010-08-07,700.0
2010-08-08,737.5
2010-08-09,775.0
2010-08-10,775.0
2010-08-11,750.0
2010-08-12,750.0
2010-08-13,900.0
2010-08-14,874.074074074
2010-08-15,825.925925926
2010-08-16,800.0
2010-08-17,800.0
2010-08-18,900.0
2010-08-19,700.0
2010-08-20,900.0
2010-08-21,800.0
2010-08-22,800.0
2010-08-23,800.0
2010-08-24,825.0
2010-08-25,750.0
2010-08-26,950.0
2010-08-27,800.0
2010-08-28,600.0
2010-08-29,600.0
2010-08-30,600.0
2010-08-31,700.0
2010-09-01,700.0
2010-09-02,700.0
2010-09-03,700.0
2010-09-04,674.074074074
2010-09-05,625.925925926
2010-09-06,600.0
2010-09-07,600.0
2010-09-08,700.0
2010-09-09,600.0
2010-09-10,611.078717201
2010-09-11,639.650145773
2010-09-12,678.717201166
2010-09-13,721.282798834
2010-09-14,760.349854227
2010-09-15,788.921282799
2010-09-16,800.0
2010-09-17,800.0
2010-09-18,800.0
2010-09-19,800.0
2010-09-20,800.0
2010-09-21,800.0
2010-09-22,700.0
2010-09-23,700.0
2010-09-24,900.0
2010-09-25,800.0
2010-09-26,800.0
2010-09-27,800.0
2010-09-28,800.0
2010-09-29,800.0
2010-09-30,900.0
2010-10-01,800.0
2010-10-02,815.6
2010-10-03,852.8
2010-10-04,897.2
2010-10-05,934.4
2010-10-06,950.0
2010-10-07,906.465517241
2010-10-08,850.0
2010-10-09,825.542784163
2010-10-10,807.215836526
2010-10-11,800.0
2010-10-12,800.0
2010-10-13,800.0
2010-10-14,800.0
2010-10-15,600.0
2010-10-16,636.103820356
2010-10-17,716.652085156
2010-10-18,800.0
2010-10-19,892.716535433
2010-10-20,950.0
2010-10-21,800.0
2010-10-22,800.0
2010-10-23,800.0
2010-10-24,800.0
2010-10-25,800.0
2010-10-26,800.0
2010-10-27,600.0
2010-10-28,700.0
2010-10-29,700.0
2010-10-30,700.0
2010-10-31,751.851851852
2010-11-01,848.148148148
2010-11-02,900.0
2010-11-03,900.0
2010-11-04,900.0
2010-11-05,900.0
2010-11-06,900.0
2010-11-07,900.0
2010-11-08,900.0
2010-11-09,1200.0
2010-11-10,1200.0
2010-11-11,1400.0
2010-11-12,1395.65
2010-11-13,1383.2
2010-11-14,1363.55
2010-11-15,1337.6
2010-11-16,1306.25
2010-11-17,1270.4
2010-11-18,1230.95
2010-11-19,1188.8
2010-11-20,1144.85
2010-11-21,1100.0
2010-11-22,1055.15
2010-11-23,1011.2
2010-11-24,969.05
2010-11-25,929.6
2010-11-26,893.75
2010-11-27,862.4
2010-11-28,836.45
2010-11-29,816.8
2010-11-30,804.35
2010-12-01,800.0
2010-12-02,800.0
2010-12-03,900.0
2010-12-04,1000.0
2010-12-05,1000.0
2010-12-06,1000.0
2010-12-07,1200.0
2010-12-08,800.0
2010-12-09,1200.0
2010-12-10,1500.0
2010-12-11,1729.62962963
2010-12-12,1920.37037037
2010-12-13,2000.0
2010-12-14,1912.5
2010-12-15,1825.0
2010-12-16,1825.0
2010-12-17,1825.0
2010-12-18,1825.0
2010-12-19,1912.5
2010-12-20,2000.0
2010-12-21,1949.3902439
2010-12-22,1800.0
2010-12-23,900.0
2010-12-24,1500.0
2010-12-25,1500.0
2010-12-26,1500.0
2010-12-27,1500.0
2010-12-28,1500.0
2010-12-29,1600.0
2010-12-30,1600.0
2010-12-31,1600.0
2011-01-01,1500.0
2011-01-02,1500.0
2011-01-03,1500.0
2011-01-04,1700.0
2011-01-05,1900.0
2011-01-06,1900.0
2011-01-07,1900.0
2011-01-08,1500.0
2011-01-09,1500.0
2011-01-10,1500.0
2011-01-11,1500.0
2011-01-12,1500.0
2011-01-13,1600.0
2011-01-14,1500.0
2011-01-15,1500.0
2011-01-16,1500.0
2011-01-17,1500.0
2011-01-18,1500.0
2011-01-19,1500.0
2011-01-20,1500.0
2011-01-21,1400.0
2011-01-22,1400.0
2011-01-23,1371.42857143
2011-01-24,1300.0
2011-01-25,1100.0
2011-01-26,959.477124183
2011-01-27,846.405228758
2011-01-28,800.0
2011-01-29,1000.0
2011-01-30,1071.42857143
2011-01-31,1100.0
2011-02-01,1100.0
2011-02-02,1000.0
2011-02-03,900.0
2011-02-04,900.0
2011-02-05,800.0
2011-02-06,850.0
2011-02-07,900.0
2011-02-08,900.0
2011-02-09,900.0
2011-02-10,700.0
2011-02-11,700.0
2011-02-12,725.925925926
2011-02-13,774.074074074
2011-02-14,800.0
2011-02-15,800.0
2011-02-16,800.0
2011-02-17,800.0
2011-02-18,800.0
2011-02-19,750.0
2011-02-20,750.0
2011-02-21,750.0
2011-02-22,900.0
2011-02-23,975.0
2011-02-24,930.0
2011-02-25,875.0
2011-02-26,875.0
2011-02-27,917.5
2011-02-28,960.0
2011-03-01,700.0
2011-03-02,644.633273703
2011-03-03,600.0
2011-03-04,500.0
2011-03-05,500.0
2011-03-06,450.0
2011-03-07,400.0
2011-03-08,480.0
2011-03-09,500.0
2011-03-10,500.0
2011-03-11,530.0
2011-03-12,524.814814815
2011-03-13,515.185185185
2011-03-14,510.0
2011-03-15,580.0
2011-03-16,600.0
2011-03-17,580.0
2011-03-18,575.0
2011-03-19,560.0
2011-03-20,570.0
2011-03-21,580.0
2011-03-22,500.0
2011-03-23,521.590909091
2011-03-24,550.0
2011-03-25,560.0
2011-03-26,560.0
2011-03-27,517.5
2011-03-28,475.0
2011-03-29,575.0
2011-03-30,560.0
2011-03-31,570.0
2011-04-01,560.0
2011-04-02,475.0
2011-04-03,502.222222222
2011-04-04,552.777777778
2011-04-05,580.0
2011-04-06,580.0
2011-04-07,560.0
2011-04-08,500.0
2011-04-09,507.654320988
2011-04-10,528.641975309
2011-04-11,560.0
2011-04-12,640.0
2011-04-13,560.0
2011-04-14,531.428571429
2011-04-15,520.0
2011-04-16,525.521885522
2011-04-17,539.932659933
2011-04-18,560.0
2011-04-19,600.0
2011-04-20,560.0
2011-04-21,600.0
2011-04-22,650.0
2011-04-23,680.0
2011-04-24,655.0
2011-04-25,630.0
2011-04-26,630.0
2011-04-27,680.0
2011-04-28,650.0
2011-04-29,575.0
2011-04-30,615.0
2011-05-01,607.5
2011-05-02,600.0
2011-05-03,660.0
2011-05-04,500.0
2011-05-05,475.0
2011-05-06,458.173076923
2011-05-07,450.0
2011-05-08,458.173076923
2011-05-09,475.0
2011-05-10,500.0
2011-05-11,540.0
2011-05-12,550.0
2011-05-13,550.0
2011-05-14,546.548821549
2011-05-15,537.542087542
2011-05-16,525.0
2011-05-17,500.0
2011-05-18,500.0
2011-05-19,430.0
2011-05-20,400.0
2011-05-21,280.0
2011-05-22,323.181818182
2011-05-23,380.0
2011-05-24,400.0
2011-05-25,400.0
2011-05-26,500.0
2011-05-27,500.0
2011-05-28,500.0
2011-05-29,500.0
2011-05-30,500.0
2011-05-31,500.0
2011-06-01,500.0
2011-06-02,500.0
2011-06-03,500.0
2011-06-04,500.0
2011-06-05,530.163043478
2011-06-06,575.0
2011-06-07,600.0
2011-06-08,600.0
2011-06-09,570.0
2011-06-10,670.0
2011-06-11,651.851851852
2011-06-12,618.148148148
2011-06-13,600.0
2011-06-14,600.0
2011-06-15,500.0
2011-06-16,500.0
2011-06-17,600.0
2011-06-18,600.0
2011-06-19,629.276315789
2011-06-20,700.0
2011-06-21,875.0
2011-06-22,875.0
2011-06-23,860.0
2011-06-24,930.0
2011-06-25,900.0
2011-06-26,900.0
2011-06-27,900.0
2011-06-28,860.0
2011-06-29,860.0
2011-06-30,860.0
2011-07-01,860.0
2011-07-02,650.0
2011-07-03,675.0
2011-07-04,700.0
2011-07-05,600.0
2011-07-06,650.0
2011-07-07,700.0
2011-07-08,700.0
2011-07-09,687.037037037
2011-07-10,662.962962963
2011-07-11,650.0
2011-07-12,700.0
2011-07-13,700.0
2011-07-14,700.0
2011-07-15,700.0
2011-07-16,700.0
2011-07-17,700.0
2011-07-18,700.0
2011-07-19,700.0
2011-07-20,700.0
2011-07-21,750.0
2011-07-22,600.0
2011-07-23,600.0
2011-07-24,608.345070423
2011-07-25,630.0
2011-07-26,700.0
2011-07-27,700.0
2011-07-28,700.0
2011-07-29,700.0
2011-07-30,700.0
2011-07-31,700.0
2011-08-01,700.0
2011-08-02,760.0
2011-08-03,760.0
2011-08-04,800.0
2011-08-05,800.0
2011-08-06,780.0
2011-08-07,770.0
2011-08-08,760.0
2011-08-09,740.0
2011-08-10,780.0
2011-08-11,740.0
2011-08-12,760.0
2011-08-13,770.679945055
2011-08-14,777.527472527
2011-08-15,785.611263736
2011-08-16,800.0
2011-08-17,850.0
2011-08-18,840.0
2011-08-19,860.0
2011-08-20,860.0
2011-08-21,830.0
2011-08-22,800.0
2011-08-23,800.0
2011-08-24,780.0
2011-08-25,800.0
2011-08-26,800.0
2011-08-27,1100.0
2011-08-28,1130.38461538
2011-08-29,1140.0
2011-08-30,1100.0
2011-08-31,1026.81481481
2011-09-01,941.185185185
2011-09-02,900.0
2011-09-03,1180.0
2011-09-04,1170.0
2011-09-05,1160.0
2011-09-06,1260.0
2011-09-07,1220.0
2011-09-08,1130.0
2011-09-09,960.0
2011-09-10,965.192376843
2011-09-11,979.273642575
2011-09-12,1000.0
2011-09-13,1050.0
2011-09-14,1050.0
2011-09-15,1000.0
2011-09-16,1000.0
2011-09-17,1000.0
2011-09-18,1000.0
2011-09-19,1000.0
2011-09-20,980.0
2011-09-21,1000.0
2011-09-22,1000.0
2011-09-23,1180.0
2011-09-24,1000.0
2011-09-25,978.12195122
2011-09-26,960.0
2011-09-27,872.0
2011-09-28,800.0
2011-09-29,860.0
2011-09-30,940.0
2011-10-01,960.0
2011-10-02,970.0
2011-10-03,980.0
2011-10-04,1000.0
2011-10-05,1000.0
2011-10-06,1000.0
2011-10-07,1000.0
2011-10-08,1000.0
2011-10-09,1000.0
2011-10-10,1000.0
2011-10-11,975.0
2011-10-12,950.0
2011-10-13,980.0
2011-10-14,400.0
2011-10-15,900.0
2011-10-16,975.0
2011-10-17,1000.0
2011-10-18,1000.0
2011-10-19,1000.0
2011-10-20,1060.0
2011-10-21,1000.0
2011-10-22,960.0
2011-10-23,899.024390244
2011-10-24,860.0
2011-10-25,871.666666667
2011-10-26,900.0
2011-10-27,990.09009009
2011-10-28,1100.0
2011-10-29,1160.0
2011-10-30,1030.0
2011-10-31,900.0
2011-11-01,936.224489796
2011-11-02,1000.0
2011-11-03,1060.0
2011-11-04,1220.0
2011-11-05,1200.0
2011-11-06,1163.40740741
2011-11-07,1120.59259259
2011-11-08,1100.0
2011-11-09,1200.0
2011-11-10,1100.0
2011-11-11,1100.0
2011-11-12,1092.8
2011-11-13,1074.4
2011-11-14,1049.6
2011-11-15,1023.2
2011-11-16,1000.0
2011-11-17,980.0
2011-11-18,920.0
2011-11-19,990.0
2011-11-20,994.93490839
2011-11-21,1000.0
2011-11-22,1100.0
2011-11-23,1260.0
2011-11-24,930.0
2011-11-25,940.0
2011-11-26,1000.0
2011-11-27,975.0
2011-11-28,950.0
2011-11-29,1000.0
2011-11-30,1020.0
2011-12-01,970.0
2011-12-02,920.0
2011-12-03,1000.0
2011-12-04,1041.4893617
2011-12-05,1060.0
2011-12-06,990.0
2011-12-07,920.0
2011-12-08,1000.0
2011-12-09,900.0
2011-12-10,811.366538953
2011-12-11,733.461047254
2011-12-12,700.0
2011-12-13,700.0
2011-12-14,700.0
2011-12-15,620.0
2011-12-16,700.0
2011-12-17,760.0
2011-12-18,771.193633952
2011-12-19,780.0
2011-12-20,800.0
2011-12-21,675.0
2011-12-22,450.0
2011-12-23,450.0
2011-12-24,450.0
2011-12-25,450.0
2011-12-26,450.0
2011-12-27,430.0
2011-12-28,360.0
2011-12-29,350.0
2011-12-30,320.0
2011-12-31,300.0
2012-01-01,258.823529412
2012-01-02,230.0
2012-01-03,260.0
2012-01-04,280.0
2012-01-05,240.0
2012-01-06,250.0
2012-01-07,250.0
2012-01-08,245.0
2012-01-09,240.0
2012-01-10,250.0
2012-01-11,280.0
2012-01-12,250.0
2012-01-13,280.0
2012-01-14,277.407407407
2012-01-15,272.592592593
2012-01-16,270.0
2012-01-17,280.0
2012-01-18,280.0
2012-01-19,280.0
2012-01-20,280.0
2012-01-21,300.0
2012-01-22,300.0
2012-01-23,300.0
2012-01-24,275.0
2012-01-25,280.0
2012-01-26,280.0
2012-01-27,280.0
2012-01-28,200.0
2012-01-29,237.5
2012-01-30,275.0
2012-01-31,200.0
2012-02-01,260.0
2012-02-02,250.0
2012-02-03,250.0
2012-02-04,240.0
2012-02-05,252.25
2012-02-06,275.0
2012-02-07,300.0
2012-02-08,280.0
2012-02-09,280.0
2012-02-10,275.0
2012-02-11,281.481481481
2012-02-12,293.518518519
2012-02-13,300.0
2012-02-14,280.0
2012-02-15,260.0
2012-02-16,300.0
2012-02-17,300.0
2012-02-18,300.0
2012-02-19,287.037037037
2012-02-20,262.962962963
2012-02-21,250.0
2012-02-22,250.0
2012-02-23,280.0
2012-02-24,300.0
2012-02-25,300.0
2012-02-26,300.0
2012-02-27,300.0
2012-02-28,300.0
2012-02-29,280.0
2012-03-01,320.0
2012-03-02,275.0
2012-03-03,300.0
2012-03-04,300.0
2012-03-05,300.0
2012-03-06,300.0
2012-03-07,300.0
2012-03-08,300.0
2012-03-09,300.0
2012-03-10,300.0
2012-03-11,300.0
2012-03-12,300.0
2012-03-13,300.0
2012-03-14,300.0
2012-03-15,310.0
2012-03-16,300.0
2012-03-17,300.0
2012-03-18,290.0
2012-03-19,280.0
2012-03-20,300.0
2012-03-21,300.0
2012-03-22,300.0
2012-03-23,300.0
2012-03-24,300.0
2012-03-25,300.0
2012-03-26,300.0
2012-03-27,300.0
2012-03-28,375.0
2012-03-29,500.0
2012-03-30,485.0
2012-03-31,460.0
2012-04-01,480.0
2012-04-02,500.0
2012-04-03,360.0
2012-04-04,354.391025641
2012-04-05,350.0
2012-04-06,322.916666667
2012-04-07,300.0
2012-04-08,300.0
2012-04-09,300.0
2012-04-10,320.0
2012-04-11,350.0
2012-04-12,380.0
2012-04-13,380.0
2012-04-14,380.0
2012-04-15,380.0
2012-04-16,380.0
2012-04-17,300.0
2012-04-18,350.0
2012-04-19,375.0
2012-04-20,350.0
2012-04-21,380.0
2012-04-22,369.6875
2012-04-23,350.0
2012-04-24,320.3125
2012-04-25,300.0
2012-04-26,300.0
2012-04-27,300.0
2012-04-28,380.0
2012-04-29,378.671875
2012-04-30,375.0
2012-05-01,336.328125
2012-05-02,300.0
2012-05-03,375.0
2012-05-04,290.0
2012-05-05,300.0
2012-05-06,300.0
2012-05-07,300.0
2012-05-08,300.0
2012-05-09,300.0
2012-05-10,300.0
2012-05-11,300.0
2012-05-12,300.0
2012-05-13,300.0
2012-05-14,300.0
2012-05-15,240.0
2012-05-16,300.0
2012-05-17,300.0
2012-05-18,300.0
2012-05-19,275.0
2012-05-20,287.5
2012-05-21,300.0
2012-05-22,300.0
2012-05-23,300.0
2012-05-24,300.0
2012-05-25,350.0
2012-05-26,340.0
2012-05-27,343.269230769
2012-05-28,350.0
2012-05-29,360.0
2012-05-30,360.0
2012-05-31,367.5
2012-06-01,375.0
2012-06-02,375.0
2012-06-03,375.0
2012-06-04,375.0
2012-06-05,380.0
2012-06-06,375.0
2012-06-07,380.0
2012-06-08,360.0
2012-06-09,362.760942761
2012-06-10,369.966329966
2012-06-11,380.0
2012-06-12,400.0
2012-06-13,365.0
2012-06-14,375.0
2012-06-15,380.0
2012-06-16,380.0
2012-06-17,390.0
2012-06-18,400.0
2012-06-19,380.0
2012-06-20,380.0
2012-06-21,400.0
2012-06-22,400.0
2012-06-23,400.0
2012-06-24,370.0
2012-06-25,340.0
2012-06-26,400.0
2012-06-27,450.0
2012-06-28,400.0
2012-06-29,380.0
2012-06-30,450.0
2012-07-01,450.0
2012-07-02,450.0
2012-07-03,500.0
2012-07-04,500.0
2012-07-05,420.0
2012-07-06,500.0
2012-07-07,500.0
2012-07-08,440.0
2012-07-09,380.0
2012-07-10,400.0
2012-07-11,360.0
2012-07-12,350.0
2012-07-13,500.0
2012-07-14,500.0
2012-07-15,500.0
2012-07-16,500.0
2012-07-17,400.0
2012-07-18,480.0
2012-07-19,500.0
2012-07-20,500.0
2012-07-21,550.0
2012-07-22,550.0
2012-07-23,550.0
2012-07-24,480.0
2012-07-25,500.0
2012-07-26,500.0
2012-07-27,500.0
2012-07-28,500.0
2012-07-29,500.0
2012-07-30,500.0
2012-07-31,400.0
2012-08-01,400.0
2012-08-02,400.0
2012-08-03,540.0
2012-08-04,400.0
2012-08-05,475.0
2012-08-06,550.0
2012-08-07,400.0
2012-08-08,500.0
2012-08-09,500.0
2012-08-10,600.0
2012-08-11,650.168350168
2012-08-12,686.195286195
2012-08-13,700.0
2012-08-14,700.0
2012-08-15,700.0
2012-08-16,700.0
2012-08-17,450.0
2012-08-18,473.4375
2012-08-19,525.0
2012-08-20,576.5625
2012-08-21,600.0
2012-08-22,560.0
2012-08-23,540.0
2012-08-24,550.0
2012-08-25,550.0
2012-08-26,575.0
2012-08-27,600.0
2012-08-28,500.0
2012-08-29,600.0
2012-08-30,450.0
2012-08-31,400.0
2012-09-01,500.0
2012-09-02,567.307692308
2012-09-03,600.0
2012-09-04,400.0
2012-09-05,430.0
2012-09-06,550.0
2012-09-07,350.0
2012-09-08,388.888888889
2012-09-09,461.111111111
2012-09-10,500.0
2012-09-11,500.0
2012-09-12,500.0
2012-09-13,350.0
2012-09-14,400.0
2012-09-15,400.0
2012-09-16,500.0
2012-09-17,600.0
2012-09-18,580.0
2012-09-19,585.185185185
2012-09-20,594.814814815
2012-09-21,600.0
2012-09-22,500.0
2012-09-23,500.0
2012-09-24,500.0
2012-09-25,500.0
2012-09-26,500.0
2012-09-27,420.0
2012-09-28,420.0
2012-09-29,420.0
2012-09-30,460.0
2012-10-01,500.0
2012-10-02,500.0
2012-10-03,500.0
2012-10-04,500.0
2012-10-05,500.0
2012-10-06,519.444444444
2012-10-07,555.555555556
2012-10-08,575.0
2012-10-09,500.0
2012-10-10,500.0
2012-10-11,500.0
2012-10-12,500.0
2012-10-13,507.8125
2012-10-14,525.0
2012-10-15,542.1875
2012-10-16,550.0
2012-10-17,500.0
2012-10-18,500.0
2012-10-19,500.0
2012-10-20,500.0
2012-10-21,600.0
2012-10-22,700.0
2012-10-23,700.0
2012-10-24,700.0
2012-10-25,700.0
2012-10-26,900.0
2012-10-27,889.6
2012-10-28,864.8
2012-10-29,835.2
2012-10-30,810.4
2012-10-31,800.0
2012-11-01,800.0
2012-11-02,800.0
2012-11-03,800.0
2012-11-04,800.0
2012-11-05,800.0
2012-11-06,800.0
2012-11-07,800.0
2012-11-08,740.0
2012-11-09,700.0
2012-11-10,666.22983871
2012-11-11,633.870967742
2012-11-12,609.576612903
2012-11-13,600.0
2012-11-14,650.0
2012-11-15,700.0
2012-11-16,700.0
2012-11-17,700.0
2012-11-18,765.384615385
2012-11-19,900.0
2012-11-20,1100.0
2012-11-21,1100.0
2012-11-22,700.0
2012-11-23,800.0
2012-11-24,774.074074074
2012-11-25,725.925925926
2012-11-26,700.0
2012-11-27,900.0
2012-11-28,1000.0
2012-11-29,1000.0
2012-11-30,900.0
2012-12-01,925.925925926
2012-12-02,974.074074074
2012-12-03,1000.0
2012-12-04,1000.0
2012-12-05,800.0
2012-12-06,1000.0
2012-12-07,1000.0
2012-12-08,1025.92592593
2012-12-09,1074.07407407
2012-12-10,1100.0
2012-12-11,1100.0
2012-12-12,1100.0
2012-12-13,1100.0
2012-12-14,1100.0
2012-12-15,1100.0
2012-12-16,1000.0
2012-12-17,900.0
2012-12-18,1100.0
2012-12-19,900.0
2012-12-20,900.0
2012-12-21,900.0
2012-12-22,900.0
2012-12-23,900.0
2012-12-24,900.0
2012-12-25,1000.0
2012-12-26,1100.0
2012-12-27,1100.0
2012-12-28,1100.0
2012-12-29,850.0
2012-12-30,875.0
2012-12-31,900.0
2013-01-01,900.0
2013-01-02,900.0
2013-01-03,900.0
2013-01-04,900.0
2013-01-05,900.0
2013-01-06,900.0
2013-01-07,900.0
2013-01-08,900.0
2013-01-09,900.0
2013-01-10,900.0
2013-01-11,900.0
2013-01-12,900.0
2013-01-13,900.0
2013-01-14,900.0
2013-01-15,900.0
2013-01-16,900.0
2013-01-17,900.0
2013-01-18,900.0
2013-01-19,900.0
2013-01-20,1000.0
2013-01-21,1100.0
2013-01-22,1000.0
2013-01-23,1000.0
2013-01-24,1000.0
2013-01-25,1015.625
2013-01-26,1050.0
2013-01-27,1084.375
2013-01-28,1100.0
2013-01-29,1100.0
2013-01-30,1100.0
2013-01-31,1450.0
2013-02-01,1450.0
2013-02-02,1450.0
2013-02-03,1425.0
2013-02-04,1400.0
2013-02-05,1400.0
2013-02-06,1400.0
2013-02-07,1400.0
2013-02-08,1400.0
2013-02-09,1391.41815391
2013-02-10,1365.05853003
2013-02-11,1320.0
2013-02-12,1100.0
2013-02-13,900.0
2013-02-14,1050.0
2013-02-15,1050.0
2013-02-16,1050.0
2013-02-17,1000.0
2013-02-18,950.0
2013-02-19,1000.0
2013-02-20,1062.5
2013-02-21,1100.0
2013-02-22,1000.0
2013-02-23,1000.0
2013-02-24,1000.0
2013-02-25,1000.0
2013-02-26,1000.0
2013-02-27,800.0
2013-02-28,800.0
2013-03-01,800.0
2013-03-02,800.0
2013-03-03,750.0
2013-03-04,700.0
2013-03-05,800.0
2013-03-06,700.0
2013-03-07,800.0
2013-03-08,700.0
2013-03-09,713.804713805
2013-03-10,749.831649832
2013-03-11,800.0
2013-03-12,900.0
2013-03-13,900.0
2013-03-14,800.0
2013-03-15,800.0
2013-03-16,800.0
2013-03-17,816.346153846
2013-03-18,850.0
2013-03-19,900.0
2013-03-20,800.0
2013-03-21,800.0
2013-03-22,800.0
2013-03-23,800.0
2013-03-24,750.0
2013-03-25,700.0
2013-03-26,800.0
2013-03-27,800.0
2013-03-28,800.0
2013-03-29,800.0
2013-03-30,800.0
2013-03-31,800.0
2013-04-01,800.0
2013-04-02,820.0
2013-04-03,800.0
2013-04-04,800.0
2013-04-05,800.0
2013-04-06,800.0
2013-04-07,800.0
2013-04-08,800.0
2013-04-09,750.0
2013-04-10,700.0
2013-04-11,700.0
2013-04-12,700.0
2013-04-13,700.0
2013-04-14,700.0
2013-04-15,700.0
2013-04-16,800.0
2013-04-17,700.0
2013-04-18,700.0
2013-04-19,700.0
2013-04-20,800.0
2013-04-21,783.333333333
2013-04-22,750.0
2013-04-23,691.666666667
2013-04-24,650.0
2013-04-25,740.0
2013-04-26,700.0
2013-04-27,700.0
2013-04-28,750.0
2013-04-29,800.0
2013-04-30,700.0
2013-05-01,700.0
2013-05-02,700.0
2013-05-03,850.0
2013-05-04,850.0
2013-05-05,775.0
2013-05-06,700.0
2013-05-07,750.0
2013-05-08,800.0
2013-05-09,700.0
2013-05-10,700.0
2013-05-11,684.375
2013-05-12,650.0
2013-05-13,615.625
2013-05-14,600.0
2013-05-15,700.0
2013-05-16,500.0
2013-05-17,700.0
2013-05-18,700.0
2013-05-19,725.0
2013-05-20,750.0
2013-05-21,700.0
2013-05-22,700.0
2013-05-23,700.0
2013-05-24,700.0
2013-05-25,700.0
2013-05-26,750.0
2013-05-27,800.0
2013-05-28,800.0
2013-05-29,700.0
2013-05-30,700.0
2013-05-31,950.0
2013-06-01,800.0
2013-06-02,828.571428571
2013-06-03,900.0
2013-06-04,1100.0
2013-06-05,1000.0
2013-06-06,1000.0
2013-06-07,1000.0
2013-06-08,1000.0
2013-06-09,1000.0
2013-06-10,1000.0
2013-06-11,1000.0
2013-06-12,700.0
2013-06-13,800.0
2013-06-14,800.0
2013-06-15,900.0
2013-06-16,938.880932897
2013-06-17,975.0
2013-06-18,1050.0
2013-06-19,1100.0
2013-06-20,1100.0
2013-06-21,900.0
2013-06-22,1100.0
2013-06-23,1050.0
2013-06-24,1000.0
2013-06-25,1075.0
2013-06-26,1300.0
2013-06-27,1300.0
2013-06-28,1400.0
2013-06-29,1400.0
2013-06-30,1350.0
2013-07-01,1300.0
2013-07-02,1400.0
2013-07-03,1600.0
2013-07-04,1350.0
2013-07-05,1400.0
2013-07-06,1400.0
2013-07-07,1375.0
2013-07-08,1350.0
2013-07-09,1400.0
2013-07-10,1400.0
2013-07-11,1600.0
2013-07-12,1600.0
2013-07-13,1677.77777778
2013-07-14,1822.22222222
2013-07-15,1900.0
2013-07-16,1700.0
2013-07-17,1700.0
2013-07-18,1700.0
2013-07-19,1800.0
2013-07-20,1800.0
2013-07-21,1750.0
2013-07-22,1700.0
2013-07-23,1700.0
2013-07-24,1800.0
2013-07-25,1600.0
2013-07-26,1700.0
2013-07-27,1800.0
2013-07-28,1750.0
2013-07-29,1700.0
2013-07-30,1700.0
2013-07-31,1700.0
2013-08-01,1400.0
2013-08-02,1400.0
2013-08-03,1900.0
2013-08-04,1900.0
2013-08-05,1900.0
2013-08-06,1899.8465831
2013-08-07,1899.27655174
2013-08-08,1898.1252349
2013-08-09,1896.22796158
2013-08-10,1893.42006077
2013-08-11,1889.53686146
2013-08-12,1884.41369264
2013-08-13,1877.88588331
2013-08-14,1869.78876245
2013-08-15,1859.95765906
2013-08-16,1848.22790213
2013-08-17,1834.43482065
2013-08-18,1818.41374361
2013-08-19,1800.0
2013-08-20,1200.0
2013-08-21,1950.0
2013-08-22,1600.0
2013-08-23,1604.76389761
2013-08-24,1618.52549348
2013-08-25,1640.48964218
2013-08-26,1669.8611983
2013-08-27,1705.84501639
2013-08-28,1747.64595104
2013-08-29,1794.4688568
2013-08-30,1845.51858827
2013-08-31,1900.0
2013-09-01,2013.98305085
2013-09-02,2100.0
2013-09-03,2100.0
2013-09-04,2098.3158853
2013-09-05,2093.6276741
2013-09-06,2086.48156577
2013-09-07,2077.42375967
2013-09-08,2067.00045517
2013-09-09,2055.75785162
2013-09-10,2044.24214838
2013-09-11,2032.99954483
2013-09-12,2022.57624033
2013-09-13,2013.51843423
2013-09-14,2006.3723259
2013-09-15,2001.6841147
2013-09-16,2000.0
2013-09-17,2000.0
2013-09-18,2500.0
2013-09-19,2500.0
2013-09-20,1900.0
2013-09-21,1404.0363717
2013-09-22,979.795963628
2013-09-23,800.0
2013-09-24,800.0
2013-09-25,800.0
2013-09-26,750.0
2013-09-27,800.0
2013-09-28,850.0
2013-09-29,939.673913043
2013-09-30,1000.0
2013-10-01,1000.0
2013-10-02,1050.0
2013-10-03,1100.0
2013-10-04,1050.0
2013-10-05,1000.0
2013-10-06,1013.4765625
2013-10-07,1051.5625
2013-10-08,1110.7421875
2013-10-09,1187.5
2013-10-10,1278.3203125
2013-10-11,1379.6875
2013-10-12,1488.0859375
2013-10-13,1600.0
2013-10-14,1711.9140625
2013-10-15,1820.3125
2013-10-16,1921.6796875
2013-10-17,2012.5
2013-10-18,2089.2578125
2013-10-19,2148.4375
2013-10-20,2186.5234375
2013-10-21,2200.0
2013-10-22,2100.0
2013-10-23,2200.0
2013-10-24,2500.0
2013-10-25,2498.96831894
2013-10-26,2495.91239163
2013-10-27,2490.89089187
2013-10-28,2483.96249347
2013-10-29,2475.18587023
2013-10-30,2464.61969596
2013-10-31,2452.32264446
2013-11-01,2438.35338953
2013-11-02,2422.77060498
2013-11-03,2405.63296462
2013-11-04,2386.99914224
2013-11-05,2366.92781166
2013-11-06,2345.47764668
2013-11-07,2322.70732109
2013-11-08,2298.67550872
2013-11-09,2273.44088335
2013-11-10,2247.06211879
2013-11-11,2219.59788886
2013-11-12,2191.10686735
2013-11-13,2161.64772807
2013-11-14,2131.27914482
2013-11-15,2100.0597914
2013-11-16,2068.04834163
2013-11-17,2035.3034693
2013-11-18,2001.88384822
2013-11-19,1967.84815219
2013-11-20,1933.25505503
2013-11-21,1898.16323052
2013-11-22,1862.63135249
2013-11-23,1826.71809472
2013-11-24,1790.48213103
2013-11-25,1753.98213522
2013-11-26,1717.2767811
2013-11-27,1680.42474246
2013-11-28,1643.48469312
2013-11-29,1606.51530688
2013-11-30,1569.57525754
2013-12-01,1532.7232189
2013-12-02,1496.01786478
2013-12-03,1459.51786897
2013-12-04,1423.28190528
2013-12-05,1387.36864751
2013-12-06,1351.83676948
2013-12-07,1316.74494497
2013-12-08,1282.15184781
2013-12-09,1248.11615178
2013-12-10,1214.6965307
2013-12-11,1181.95165837
2013-12-12,1149.9402086
2013-12-13,1118.72085518
2013-12-14,1088.35227193
2013-12-15,1058.89313265
2013-12-16,1030.40211114
2013-12-17,1002.93788121
2013-12-18,976.559116652
2013-12-19,951.324491284
2013-12-20,927.292678906
2013-12-21,904.522353322
2013-12-22,883.072188337
2013-12-23,863.000857755
2013-12-24,844.36703538
2013-12-25,827.229395017
2013-12-26,811.64661047
2013-12-27,797.677355544
2013-12-28,785.380304042
2013-12-29,774.81412977
2013-12-30,766.037506531
2013-12-31,759.10910813
2014-01-01,754.087608372
2014-01-02,751.03168106
2014-01-03,750.0
2014-01-04,800.0
2014-01-05,800.0
2014-01-06,800.0
2014-01-07,500.0
2014-01-08,500.0
2014-01-09,600.0
2014-01-10,600.0
2014-01-11,600.0
2014-01-12,600.0
2014-01-13,600.0
2014-01-14,600.0
2014-01-15,600.0
2014-01-16,600.0
2014-01-17,575.0
2014-01-18,600.0
2014-01-19,600.0
2014-01-20,600.0
2014-01-21,600.0
2014-01-22,600.0
2014-01-23,500.0
2014-01-24,500.0
2014-01-25,500.0
2014-01-26,500.0
2014-01-27,500.0
2014-01-28,400.0
2014-01-29,500.0
2014-01-30,500.0
2014-01-31,500.0
2014-02-01,500.0
2014-02-02,500.0
2014-02-03,500.0
2014-02-04,500.0
2014-02-05,500.0
2014-02-06,450.0
2014-02-07,400.0
2014-02-08,400.0
2014-02-09,400.0
2014-02-10,400.0
2014-02-11,500.0
2014-02-12,400.0
2014-02-13,300.0
2014-02-14,350.0
2014-02-15,350.0
2014-02-16,375.0
2014-02-17,400.0
2014-02-18,400.0
2014-02-19,500.0
2014-02-20,400.0
2014-02-21,400.0
2014-02-22,500.0
2014-02-23,500.0
2014-02-24,500.0
2014-02-25,500.0
2014-02-26,500.0
2014-02-27,500.0
2014-02-28,500.0
2014-03-01,450.0
2014-03-02,450.0
2014-03-03,450.0
2014-03-04,500.0
2014-03-05,500.0
2014-03-06,600.0
2014-03-07,380.0
2014-03-08,375.0
2014-03-09,375.0
2014-03-10,375.0
2014-03-11,600.0
2014-03-12,500.0
2014-03-13,600.0
2014-03-14,600.0
2014-03-15,500.0
2014-03-16,432.692307692
2014-03-17,400.0
2014-03-18,400.0
2014-03-19,400.0
2014-03-20,400.0
2014-03-21,400.0
2014-03-22,400.0
2014-03-23,400.0
2014-03-24,400.0
2014-03-25,400.0
2014-03-26,400.0
2014-03-27,400.0
2014-03-28,400.0
2014-03-29,400.0
2014-03-30,431.559000861
2014-03-31,498.673557278
2014-04-01,560.0
2014-04-02,600.0
2014-04-03,600.0
2014-04-04,720.0
2014-04-05,700.0
2014-04-06,643.181818182
2014-04-07,600.0
2014-04-08,600.0
2014-04-09,650.0
2014-04-10,650.0
2014-04-11,450.0
2014-04-12,450.0
2014-04-13,450.0
2014-04-14,450.0
2014-04-15,450.0
2014-04-16,650.0
2014-04-17,650.0
2014-04-18,650.0
2014-04-19,650.0
2014-04-20,475.0
2014-04-21,300.0
2014-04-22,300.0
2014-04-23,400.0
2014-04-24,350.0
2014-04-25,350.0
2014-04-26,400.0
2014-04-27,300.0
2014-04-28,200.0
2014-04-29,300.0
2014-04-30,200.0
2014-05-01,303.703703704
2014-05-02,496.296296296
2014-05-03,600.0
2014-05-04,600.0
2014-05-05,600.0
2014-05-06,675.0
2014-05-07,700.0
2014-05-08,800.0
2014-05-09,750.0
2014-05-10,724.915824916
2014-05-11,706.902356902
2014-05-12,700.0
2014-05-13,700.0
2014-05-14,800.0
2014-05-15,800.0
2014-05-16,700.0
2014-05-17,900.0
2014-05-18,937.162162162
2014-05-19,950.0
2014-05-20,950.0
2014-05-21,950.0
2014-05-22,950.0
2014-05-23,950.0
2014-05-24,850.0
2014-05-25,850.0
2014-05-26,850.0
2014-05-27,900.0
2014-05-28,900.0
2014-05-29,975.0
2014-05-30,1100.0
2014-05-31,1100.0
2014-06-01,1025.0
2014-06-02,950.0
2014-06-03,1100.0
2014-06-04,1100.0
2014-06-05,1100.0
2014-06-06,1200.0
2014-06-07,1070.37037037
2014-06-08,829.62962963
2014-06-09,700.0
2014-06-10,700.0
2014-06-11,700.0
2014-06-12,1300.0
2014-06-13,1250.0
2014-06-14,1088.99782135
2014-06-15,863.94335512
2014-06-16,750.0
2014-06-17,750.0
2014-06-18,750.0
2014-06-19,700.0
2014-06-20,650.0
2014-06-21,750.0
2014-06-22,725.0
2014-06-23,700.0
2014-06-24,750.0
2014-06-25,750.0
2014-06-26,800.0
2014-06-27,800.0
2014-06-28,1000.0
2014-06-29,1054.12087912
2014-06-30,1100.0
2014-07-01,1200.0
2014-07-02,1350.0
2014-07-03,1500.0
2014-07-04,1500.0
2014-07-05,1300.0
2014-07-06,1420.65217391
2014-07-07,1600.0
2014-07-08,1700.0
2014-07-09,1700.0
2014-07-10,1500.0
2014-07-11,1500.0
2014-07-12,1525.92592593
2014-07-13,1574.07407407
2014-07-14,1600.0
2014-07-15,1600.0
2014-07-16,1600.0
2014-07-17,1800.0
2014-07-18,1800.0
2014-07-19,1800.0
2014-07-20,1650.0
2014-07-21,1500.0
2014-07-22,1700.0
2014-07-23,1600.0
2014-07-24,1300.0
2014-07-25,1300.0
2014-07-26,1300.0
2014-07-27,1275.0
2014-07-28,1250.0
2014-07-29,1375.0
2014-07-30,1500.0
2014-07-31,1300.0
2014-08-01,1300.0
2014-08-02,1300.0
2014-08-03,1250.0
2014-08-04,1200.0
2014-08-05,1200.0
2014-08-06,1000.0
2014-08-07,800.0
2014-08-08,800.0
2014-08-09,851.851851852
2014-08-10,948.148148148
2014-08-11,1000.0
2014-08-12,1000.0
2014-08-13,1200.0
2014-08-14,1200.0
2014-08-15,1200.0
2014-08-16,1200.0
2014-08-17,1200.0
2014-08-18,1200.0
2014-08-19,1300.0
2014-08-20,1100.0
2014-08-21,900.0
2014-08-22,1000.0
2014-08-23,974.074074074
2014-08-24,925.925925926
2014-08-25,900.0
2014-08-26,1000.0
2014-08-27,1200.0
2014-08-28,1200.0
2014-08-29,1200.0
2014-08-30,1200.0
2014-08-31,1200.0
2014-09-01,1200.0
2014-09-02,1400.0
2014-09-03,1200.0
2014-09-04,1200.0
2014-09-05,800.0
2014-09-06,1300.0
2014-09-07,1000.0
2014-09-08,700.0
2014-09-09,1200.0
2014-09-10,1300.0
2014-09-11,700.0
2014-09-12,1000.0
2014-09-13,1191.37493658
2014-09-14,1340.13191273
2014-09-15,1400.0
2014-09-16,900.0
2014-09-17,900.0
2014-09-18,900.0
2014-09-19,900.0
2014-09-20,800.0
2014-09-21,832.692307692
2014-09-22,900.0
2014-09-23,1000.0
2014-09-24,1125.0
2014-09-25,1200.0
2014-09-26,1100.0
2014-09-27,1000.0
2014-09-28,1037.5
2014-09-29,1100.0
2014-09-30,1150.0
2014-10-01,1206.12244898
2014-10-02,1270.40816327
2014-10-03,1336.73469388
2014-10-04,1398.97959184
2014-10-05,1451.02040816
2014-10-06,1486.73469388
2014-10-07,1500.0
2014-10-08,1500.0
2014-10-09,1500.0
2014-10-10,1300.0
2014-10-11,1300.0
2014-10-12,1300.0
2014-10-13,1300.0
2014-10-14,1300.0
2014-10-15,1400.0
2014-10-16,700.0
2014-10-17,700.0
2014-10-18,800.0
2014-10-19,800.0
2014-10-20,800.0
2014-10-21,750.0
2014-10-22,750.0
2014-10-23,750.0
2014-10-24,700.0
2014-10-25,650.0
2014-10-26,925.0
2014-10-27,1200.0
2014-10-28,1200.0
2014-10-29,700.0
2014-10-30,700.0
2014-10-31,1100.0
2014-11-01,1184.27895981
2014-11-02,1233.80614657
2014-11-03,1250.0
2014-11-04,1250.0
2014-11-05,1250.0
2014-11-06,1250.0
2014-11-07,1150.0
2014-11-08,1150.0
2014-11-09,1150.0
2014-11-10,1150.0
2014-11-11,1150.0
2014-11-12,1050.0
2014-11-13,1000.0
2014-11-14,1000.0
2014-11-15,1000.0
2014-11-16,1075.0
2014-11-17,1150.0
2014-11-18,1150.0
2014-11-19,1150.0
2014-11-20,1150.0
2014-11-21,1150.0
2014-11-22,1150.0
2014-11-23,1150.0
2014-11-24,1150.0
2014-11-25,1150.0
2014-11-26,1150.0
2014-11-27,1150.0
2014-11-28,1150.0
2014-11-29,1150.0
2014-11-30,1100.0
2014-12-01,1050.0
2014-12-02,1050.0
2014-12-03,850.0
2014-12-04,800.0
2014-12-05,800.0
2014-12-06,800.0
2014-12-07,950.0
2014-12-08,1100.0
2014-12-09,1100.0
2014-12-10,1100.0
2014-12-11,1100.0
2014-12-12,1100.0
2014-12-13,1177.77777778
2014-12-14,1322.22222222
2014-12-15,1400.0
2014-12-16,1400.0
2014-12-17,1400.0
2014-12-18,1500.0
2014-12-19,1500.0
2014-12-20,1500.0
2014-12-21,1500.0
2014-12-22,1500.0
2014-12-23,1500.0
2014-12-24,1200.0
2014-12-25,1275.0
2014-12-26,1350.0
2014-12-27,1250.0
2014-12-28,1097.56097561
2014-12-29,1000.0
2014-12-30,1000.0
2014-12-31,1000.0
2015-01-01,500.0
2015-01-02,500.0
2015-01-03,600.0
2015-01-04,600.0
2015-01-05,600.0
2015-01-06,600.0
2015-01-07,600.0
2015-01-08,600.0
2015-01-09,1250.0
2015-01-10,1055.55555556
2015-01-11,694.444444444
2015-01-12,500.0
2015-01-13,600.0
2015-01-14,700.0
2015-01-15,650.0
2015-01-16,600.0
2015-01-17,600.0
2015-01-18,632.692307692
2015-01-19,700.0
2015-01-20,800.0
2015-01-21,800.0
2015-01-22,800.0
2015-01-23,800.0
2015-01-24,800.0
2015-01-25,800.0
2015-01-26,800.0
2015-01-27,800.0
2015-01-28,850.0
2015-01-29,850.0
2015-01-30,900.0
2015-01-31,800.0
2015-02-01,764.285714286
2015-02-02,750.0
2015-02-03,750.0
2015-02-04,750.0
2015-02-05,750.0
2015-02-06,850.0
2015-02-07,1000.0
2015-02-08,950.0
2015-02-09,900.0
2015-02-10,1000.0
2015-02-11,1000.0
2015-02-12,900.0
2015-02-13,900.0
2015-02-14,925.925925926
2015-02-15,974.074074074
2015-02-16,1000.0
2015-02-17,900.0
2015-02-18,800.0
2015-02-19,800.0
2015-02-20,800.0
2015-02-21,900.0
2015-02-22,900.0
2015-02-23,900.0
2015-02-24,1000.0
2015-02-25,1000.0
2015-02-26,1000.0
2015-02-27,1000.0
2015-02-28,1000.0
2015-03-01,1000.0
2015-03-02,1000.0
2015-03-03,1000.0
2015-03-04,800.0
2015-03-05,800.0
2015-03-06,800.0
2015-03-07,1000.0
2015-03-08,1193.5483871
2015-03-09,1300.0
2015-03-10,1000.0
2015-03-11,1000.0
2015-03-12,900.0
2015-03-13,1000.0
2015-03-14,974.074074074
2015-03-15,925.925925926
2015-03-16,900.0
2015-03-17,900.0
2015-03-18,900.0
2015-03-19,900.0
2015-03-20,800.0
2015-03-21,800.0
2015-03-22,800.0
2015-03-23,800.0
2015-03-24,800.0
2015-03-25,700.0
2015-03-26,700.0
2015-03-27,700.0
2015-03-28,700.0
2015-03-29,737.5
2015-03-30,800.0
2015-03-31,850.0
2015-04-01,700.0
2015-04-02,712.962962963
2015-04-03,737.037037037
2015-04-04,750.0
2015-04-05,725.0
2015-04-06,700.0
2015-04-07,700.0
2015-04-08,700.0
2015-04-09,700.0
2015-04-10,700.0
2015-04-11,716.916916917
2015-04-12,756.056056056
2015-04-13,800.0
2015-04-14,860.135135135
2015-04-15,900.0
2015-04-16,800.0
2015-04-17,900.0
2015-04-18,900.0
2015-04-19,800.0
2015-04-20,700.0
2015-04-21,725.0
2015-04-22,750.0
2015-04-23,750.0
2015-04-24,900.0
2015-04-25,800.0
2015-04-26,732.692307692
2015-04-27,700.0
2015-04-28,700.0
2015-04-29,750.0
2015-04-30,750.0
2015-05-01,750.0
2015-05-02,750.0
2015-05-03,737.037037037
2015-05-04,712.962962963
2015-05-05,700.0
2015-05-06,700.0
2015-05-07,750.0
2015-05-08,750.0
2015-05-09,762.962962963
2015-05-10,787.037037037
2015-05-11,800.0
2015-05-12,750.0
2015-05-13,700.0
2015-05-14,700.0
2015-05-15,600.0
2015-05-16,600.0
2015-05-17,550.0
2015-05-18,500.0
2015-05-19,500.0
2015-05-20,500.0
2015-05-21,600.0
2015-05-22,600.0
2015-05-23,600.0
2015-05-24,600.0
2015-05-25,600.0
2015-05-26,500.0
2015-05-27,500.0
2015-05-28,500.0
2015-05-29,600.0
2015-05-30,800.0
2015-05-31,800.0
2015-06-01,800.0
2015-06-02,862.5
2015-06-03,1000.0
2015-06-04,1137.5
2015-06-05,1200.0
2015-06-06,1200.0
2015-06-07,1300.0
2015-06-08,1400.0
2015-06-09,1300.0
2015-06-10,1300.0
2015-06-11,1100.0
2015-06-12,1100.0
2015-06-13,1100.0
2015-06-14,1100.0
2015-06-15,1100.0
2015-06-16,1100.0
2015-06-17,1100.0
2015-06-18,1100.0
2015-06-19,1100.0
2015-06-20,1100.0
2015-06-21,1100.0
2015-06-22,1100.0
2015-06-23,1100.0
