2006-01-01,1601.11592353
2006-01-02,1618.779346
2006-01-03,1630.17817638
2006-01-04,1643.60889083
2006-01-05,1658.02913481
2006-01-06,1669.47552239
2006-01-07,1682.12219593
2006-01-08,1695.68143776
2006-01-09,1707.36468456
2006-01-10,1725.39348403
2006-01-11,1751.92561925
2006-01-12,1779.23032269
2006-01-13,1789.69565755
2006-01-14,1793.4964753
2006-01-15,1798.88924505
2006-01-16,1800.07776082
2006-01-17,1804.28967756
2006-01-18,1814.37642508
2006-01-19,1824.17686944
2006-01-20,1843.90192899
2006-01-21,1858.09550084
2006-01-22,1873.09231723
2006-01-23,1891.71209651
2006-01-24,1916.4609477
2006-01-25,1934.15286273
2006-01-26,1944.78211965
2006-01-27,1946.75448554
2006-01-28,1945.39824976
2006-01-29,1951.14187104
2006-01-30,1880.44631837
2006-01-31,1876.23662666
2006-02-01,1870.50727794
2006-02-02,1868.90827871
2006-02-03,1862.56998215
2006-02-04,1856.45288402
2006-02-05,1851.46948235
2006-02-06,1846.81962699
2006-02-07,1839.1868263
2006-02-08,1835.62816217
2006-02-09,1829.32920465
2006-02-10,1807.27226451
2006-02-11,1781.60022711
2006-02-12,1769.68354745
2006-02-13,1767.67905838
2006-02-14,1765.26664507
2006-02-15,1766.76812541
2006-02-16,1767.94197185
2006-02-17,1765.14346204
2006-02-18,1757.98458167
2006-02-19,1741.3597461
2006-02-20,1728.98089248
2006-02-21,1721.20756798
2006-02-22,1712.87078012
2006-02-23,1700.10370288
2006-02-24,1690.25470594
2006-02-25,1685.61662814
2006-02-26,1683.40997154
2006-02-27,1681.33144173
2006-02-28,1672.44648746
2006-03-01,1662.18259358
2006-03-02,1653.4741407
2006-03-03,1643.70218648
2006-03-04,1634.25887297
2006-03-05,1631.39393064
2006-03-06,1626.19271886
2006-03-07,1621.62372829
2006-03-08,1614.78467574
2006-03-09,1609.25465224
2006-03-10,1597.79414781
2006-03-11,1587.96521353
2006-03-12,1588.04508009
2006-03-13,1590.23891875
2006-03-14,1592.41429692
2006-03-15,1590.99209229
2006-03-16,1591.08833893
2006-03-17,1586.53131755
2006-03-18,1581.01885763
2006-03-19,1577.33567293
2006-03-20,1576.30996925
2006-03-21,1576.30147467
2006-03-22,1573.73082456
2006-03-23,1568.76453842
2006-03-24,1558.95435264
2006-03-25,1547.17728439
2006-03-26,1535.32702681
2006-03-27,1524.66101039
2006-03-28,1515.34077622
2006-03-29,1509.59303433
2006-03-30,1507.69108223
2006-03-31,1503.3309928
2006-04-01,1499.66053665
2006-04-02,1498.95141099
2006-04-03,1499.68574546
2006-04-04,1498.24067591
2006-04-05,1496.59660299
2006-04-06,1494.81965793
2006-04-07,1495.90079763
2006-04-08,1492.8919139
2006-04-09,1494.08852444
2006-04-10,1493.96398172
2006-04-11,1494.42304245
2006-04-12,1494.57644468
2006-04-13,1493.80474273
2006-04-14,1494.92734164
2006-04-15,1494.29449411
2006-04-16,1490.18172342
2006-04-17,1487.15567425
2006-04-18,1483.18712703
2006-04-19,1477.95031402
2006-04-20,1473.33495726
2006-04-21,1469.89032852
2006-04-22,1466.24121168
2006-04-23,1468.61611176
2006-04-24,1471.44288141
2006-04-25,1474.21584593
2006-04-26,1477.75164136
2006-04-27,1482.2489841
2006-04-28,1484.72136451
2006-04-29,1485.55813501
2006-04-30,1489.09395996
2006-05-01,1494.04604777
2006-05-02,1497.02686679
2006-05-03,1497.71169262
2006-05-04,1498.96329618
2006-05-05,1502.08727096
2006-05-06,1504.46080279
2006-05-07,1505.45064482
2006-05-08,1510.3966244
2006-05-09,1513.49476534
2006-05-10,1515.37080886
2006-05-11,1514.52679404
2006-05-12,1513.57949867
2006-05-13,1512.22756573
2006-05-14,1511.89279862
2006-05-15,1509.58306574
2006-05-16,1511.44389858
2006-05-17,1512.9372608
2006-05-18,1515.44893618
2006-05-19,1519.54468212
2006-05-20,1523.3656105
2006-05-21,1526.88064062
2006-05-22,1527.34335035
2006-05-23,1522.05969948
2006-05-24,1519.0723251
2006-05-25,1515.87866458
2006-05-26,1511.28336744
2006-05-27,1504.58237846
2006-05-28,1497.77527847
2006-05-29,1492.39306602
2006-05-30,1483.4910256
2006-05-31,1474.93594551
2006-06-01,1467.93278046
2006-06-02,1462.25576056
2006-06-03,1455.25592007
2006-06-04,1447.41570659
2006-06-05,1439.40338139
2006-06-06,1428.99780149
2006-06-07,1419.03864939
2006-06-08,1410.23195378
2006-06-09,1401.77439466
2006-06-10,1395.51822281
2006-06-11,1389.44910962
2006-06-12,1382.41610117
2006-06-13,1372.30238038
2006-06-14,1363.8018123
2006-06-15,1356.94331734
2006-06-16,1349.28791255
2006-06-17,1340.15343945
2006-06-18,1330.6021626
2006-06-19,1323.70382243
2006-06-20,1317.57476123
2006-06-21,1313.82548128
2006-06-22,1312.35598117
2006-06-23,1308.88929196
2006-06-24,1294.34541963
2006-06-25,1292.23551739
2006-06-26,1291.74550888
2006-06-27,1290.64448531
2006-06-28,1288.66232513
2006-06-29,1287.86223258
2006-06-30,1285.97265415
2006-07-01,1283.57531517
2006-07-02,1281.80517172
2006-07-03,1280.20289631
2006-07-04,1277.19879701
2006-07-05,1275.90872647
2006-07-06,1276.4006827
2006-07-07,1275.87994887
2006-07-08,1274.26581293
2006-07-09,1272.49450018
2006-07-10,1271.06260286
2006-07-11,1270.13045116
2006-07-12,1269.33232912
2006-07-13,1268.78284404
2006-07-14,1269.27004442
2006-07-15,1267.55011148
2006-07-16,1267.29439725
2006-07-17,1267.00097913
2006-07-18,1265.95458047
2006-07-19,1263.62127655
2006-07-20,1260.94961862
2006-07-21,1257.94329879
2006-07-22,1252.56989924
2006-07-23,1246.09204474
2006-07-24,1241.90564116
2006-07-25,1236.40247734
2006-07-26,1230.47066659
2006-07-27,1225.59470058
2006-07-28,1221.02660648
2006-07-29,1216.75701734
2006-07-30,1213.17254389
2006-07-31,1209.35542416
2006-08-01,1204.61308993
2006-08-02,1201.0079606
2006-08-03,1198.30597425
2006-08-04,1194.08167064
2006-08-05,1188.80719049
2006-08-06,1183.01521117
2006-08-07,1177.18346138
2006-08-08,1170.50213727
2006-08-09,1165.02068377
2006-08-10,1162.01492021
2006-08-11,1161.3400119
2006-08-12,1159.51141838
2006-08-13,1158.78587197
2006-08-14,1159.39924278
2006-08-15,1161.02184955
2006-08-16,1164.11806716
2006-08-17,1163.18748033
2006-08-18,1162.63537498
2006-08-19,1162.85219335
2006-08-20,1160.76231547
2006-08-21,1158.61211264
2006-08-22,1157.19187578
2006-08-23,1156.74688866
2006-08-24,1156.73703366
2006-08-25,1157.34945214
2006-08-26,1155.76387475
2006-08-27,1154.97012029
2006-08-28,1155.04361216
2006-08-29,1154.98279077
2006-08-30,1154.55734215
2006-08-31,1153.41604273
2006-09-01,1151.91795178
2006-09-02,1151.12095353
2006-09-03,1151.05926069
2006-09-04,1150.05579103
2006-09-05,1156.70792419
2006-09-06,1157.30180537
2006-09-07,1159.95706648
2006-09-08,1162.43350998
2006-09-09,1163.70511966
2006-09-10,1164.66675616
2006-09-11,1166.34287087
2006-09-12,1166.74416129
2006-09-13,1168.17423752
2006-09-14,1168.87080366
2006-09-15,1168.21673963
2006-09-16,1169.62391454
2006-09-17,1168.06684451
2006-09-18,1165.8526371
2006-09-19,1167.2129762
2006-09-20,1169.99025223
2006-09-21,1175.00790083
2006-09-22,1179.43530034
2006-09-23,1186.02260185
2006-09-24,1192.68367088
2006-09-25,1202.12092575
2006-09-26,1209.8241554
2006-09-27,1217.61238231
2006-09-28,1223.09524653
2006-09-29,1227.73777618
2006-09-30,1233.77462135
2006-10-01,1239.60007406
2006-10-02,1247.84523081
2006-10-03,1259.2424226
2006-10-04,1272.29447278
2006-10-05,1283.10282635
2006-10-06,1301.11774517
2006-10-07,1317.87950629
2006-10-08,1334.84840398
2006-10-09,1350.62559274
2006-10-10,1367.03457259
2006-10-11,1390.06282818
2006-10-12,1415.63373304
2006-10-13,1434.57039466
2006-10-14,1445.95397027
2006-10-15,1456.37076926
2006-10-16,1468.84020087
2006-10-17,1479.16930902
2006-10-18,1487.5131322
2006-10-19,1496.41143148
2006-10-20,1504.71363905
2006-10-21,1513.14614569
2006-10-22,1521.46888574
2006-10-23,1528.66633301
2006-10-24,1535.53218637
2006-10-25,1539.25884888
2006-10-26,1539.60931805
2006-10-27,1538.63259925
2006-10-28,1541.95172887
2006-10-29,1548.8241736
2006-10-30,1554.9192372
2006-10-31,1561.27548214
2006-11-01,1564.16236028
2006-11-02,1564.47005539
2006-11-03,1564.82487897
2006-11-04,1560.28665883
2006-11-05,1554.6225773
2006-11-06,1544.74884948
2006-11-07,1534.15516161
2006-11-08,1523.65263563
2006-11-09,1511.68822587
2006-11-10,1496.05569536
2006-11-11,1473.36265314
2006-11-12,1460.08129261
2006-11-13,1452.24582053
2006-11-14,1446.02979292
2006-11-15,1437.59663071
2006-11-16,1436.07293615
2006-11-17,1437.62108222
2006-11-18,1438.13274229
2006-11-19,1437.8477722
2006-11-20,1434.03195236
2006-11-21,1429.00148476
2006-11-22,1423.34727418
2006-11-23,1418.19892766
2006-11-24,1414.72921535
2006-11-25,1416.86955684
2006-11-26,1419.78540533
2006-11-27,1420.48990166
2006-11-28,1420.19629134
2006-11-29,1419.55240941
2006-11-30,1419.16809122
2006-12-01,1418.09086242
2006-12-02,1417.69835796
2006-12-03,1416.14147268
2006-12-04,1416.8775312
2006-12-05,1417.02883204
2006-12-06,1421.14307533
2006-12-07,1426.28549976
2006-12-08,1432.01538367
2006-12-09,1438.15994425
2006-12-10,1444.22039098
2006-12-11,1453.37206589
2006-12-12,1458.47693836
2006-12-13,1466.66143844
2006-12-14,1475.99668208
2006-12-15,1485.95260798
2006-12-16,1489.64127383
2006-12-17,1494.20190643
2006-12-18,1495.93111153
2006-12-19,1497.59072883
2006-12-20,1504.96611721
2006-12-21,1512.02214357
2006-12-22,1520.5221226
2006-12-23,1526.2157288
2006-12-24,1532.24774545
2006-12-25,1535.8549175
2006-12-26,1543.47709409
2006-12-27,1550.55937178
2006-12-28,1560.07755593
2006-12-29,1570.5125755
2006-12-30,1577.48549587
2006-12-31,1585.9012579
2007-01-01,1601.11592353
2007-01-02,1618.779346
2007-01-03,1630.17817638
2007-01-04,1643.60889083
2007-01-05,1658.02913481
2007-01-06,1669.47552239
2007-01-07,1682.12219593
2007-01-08,1695.68143776
2007-01-09,1707.36468456
2007-01-10,1725.39348403
2007-01-11,1751.92561925
2007-01-12,1779.23032269
2007-01-13,1789.69565755
2007-01-14,1793.4964753
2007-01-15,1798.88924505
2007-01-16,1800.07776082
2007-01-17,1804.28967756
2007-01-18,1814.37642508
2007-01-19,1824.17686944
2007-01-20,1843.90192899
2007-01-21,1858.09550084
2007-01-22,1873.09231723
2007-01-23,1891.71209651
2007-01-24,1916.4609477
2007-01-25,1934.15286273
2007-01-26,1944.78211965
2007-01-27,1946.75448554
2007-01-28,1945.39824976
2007-01-29,1951.14187104
2007-01-30,1880.44631837
2007-01-31,1876.23662666
2007-02-01,1870.50727794
2007-02-02,1868.90827871
2007-02-03,1862.56998215
2007-02-04,1856.45288402
2007-02-05,1851.46948235
2007-02-06,1846.81962699
2007-02-07,1839.1868263
2007-02-08,1835.62816217
2007-02-09,1829.32920465
2007-02-10,1807.27226451
2007-02-11,1781.60022711
2007-02-12,1769.68354745
2007-02-13,1767.67905838
2007-02-14,1765.26664507
2007-02-15,1766.76812541
2007-02-16,1767.94197185
2007-02-17,1765.14346204
2007-02-18,1757.98458167
2007-02-19,1741.3597461
2007-02-20,1728.98089248
2007-02-21,1721.20756798
2007-02-22,1712.87078012
2007-02-23,1700.10370288
2007-02-24,1690.25470594
2007-02-25,1685.61662814
2007-02-26,1683.40997154
2007-02-27,1681.33144173
2007-02-28,1672.44648746
2007-03-01,1662.18259358
2007-03-02,1653.4741407
2007-03-03,1643.70218648
2007-03-04,1634.25887297
2007-03-05,1631.39393064
2007-03-06,1626.19271886
2007-03-07,1621.62372829
2007-03-08,1614.78467574
2007-03-09,1609.25465224
2007-03-10,1597.79414781
2007-03-11,1587.96521353
2007-03-12,1588.04508009
2007-03-13,1590.23891875
2007-03-14,1592.41429692
2007-03-15,1590.99209229
2007-03-16,1591.08833893
2007-03-17,1586.53131755
2007-03-18,1581.01885763
2007-03-19,1577.33567293
2007-03-20,1576.30996925
2007-03-21,1576.30147467
2007-03-22,1573.73082456
2007-03-23,1568.76453842
2007-03-24,1558.95435264
2007-03-25,1547.17728439
2007-03-26,1535.32702681
2007-03-27,1524.66101039
2007-03-28,1515.34077622
2007-03-29,1509.59303433
2007-03-30,1507.69108223
2007-03-31,1503.3309928
2007-04-01,1499.66053665
2007-04-02,1498.95141099
2007-04-03,1499.68574546
2007-04-04,1498.24067591
2007-04-05,1496.59660299
2007-04-06,1494.81965793
2007-04-07,1495.90079763
2007-04-08,1492.8919139
2007-04-09,1494.08852444
2007-04-10,1493.96398172
2007-04-11,1494.42304245
2007-04-12,1494.57644468
2007-04-13,1493.80474273
2007-04-14,1494.92734164
2007-04-15,1494.29449411
2007-04-16,1490.18172342
2007-04-17,1487.15567425
2007-04-18,1483.18712703
2007-04-19,1477.95031402
2007-04-20,1473.33495726
2007-04-21,1469.89032852
2007-04-22,1466.24121168
2007-04-23,1468.61611176
2007-04-24,1471.44288141
2007-04-25,1474.21584593
2007-04-26,1477.75164136
2007-04-27,1482.2489841
2007-04-28,1484.72136451
2007-04-29,1485.55813501
2007-04-30,1489.09395996
2007-05-01,1494.04604777
2007-05-02,1497.02686679
2007-05-03,1497.71169262
2007-05-04,1498.96329618
2007-05-05,1502.08727096
2007-05-06,1504.46080279
2007-05-07,1505.45064482
2007-05-08,1510.3966244
2007-05-09,1513.49476534
2007-05-10,1515.37080886
2007-05-11,1514.52679404
2007-05-12,1513.57949867
2007-05-13,1512.22756573
2007-05-14,1511.89279862
2007-05-15,1509.58306574
2007-05-16,1511.44389858
2007-05-17,1512.9372608
2007-05-18,1515.44893618
2007-05-19,1519.54468212
2007-05-20,1523.3656105
2007-05-21,1526.88064062
2007-05-22,1527.34335035
2007-05-23,1522.05969948
2007-05-24,1519.0723251
2007-05-25,1515.87866458
2007-05-26,1511.28336744
2007-05-27,1504.58237846
2007-05-28,1497.77527847
2007-05-29,1492.39306602
2007-05-30,1483.4910256
2007-05-31,1474.93594551
2007-06-01,1467.93278046
2007-06-02,1462.25576056
2007-06-03,1455.25592007
2007-06-04,1447.41570659
2007-06-05,1439.40338139
2007-06-06,1428.99780149
2007-06-07,1419.03864939
2007-06-08,1410.23195378
2007-06-09,1401.77439466
2007-06-10,1395.51822281
2007-06-11,1389.44910962
2007-06-12,1382.41610117
2007-06-13,1372.30238038
2007-06-14,1363.8018123
2007-06-15,1356.94331734
2007-06-16,1349.28791255
2007-06-17,1340.15343945
2007-06-18,1330.6021626
2007-06-19,1323.70382243
2007-06-20,1317.57476123
2007-06-21,1313.82548128
2007-06-22,1312.35598117
2007-06-23,1308.88929196
2007-06-24,1294.34541963
2007-06-25,1292.23551739
2007-06-26,1291.74550888
2007-06-27,1290.64448531
2007-06-28,1288.66232513
2007-06-29,1287.86223258
2007-06-30,1285.97265415
2007-07-01,1283.57531517
2007-07-02,1281.80517172
2007-07-03,1280.20289631
2007-07-04,1277.19879701
2007-07-05,1275.90872647
2007-07-06,1276.4006827
2007-07-07,1275.87994887
2007-07-08,1274.26581293
2007-07-09,1272.49450018
2007-07-10,1271.06260286
2007-07-11,1270.13045116
2007-07-12,1269.33232912
2007-07-13,1268.78284404
2007-07-14,1269.27004442
2007-07-15,1267.55011148
2007-07-16,1267.29439725
2007-07-17,1267.00097913
2007-07-18,1265.95458047
2007-07-19,1263.62127655
2007-07-20,1260.94961862
2007-07-21,1257.94329879
2007-07-22,1252.56989924
2007-07-23,1246.09204474
2007-07-24,1241.90564116
2007-07-25,1236.40247734
2007-07-26,1230.47066659
2007-07-27,1225.59470058
2007-07-28,1221.02660648
2007-07-29,1216.75701734
2007-07-30,1213.17254389
2007-07-31,1209.35542416
2007-08-01,1204.61308993
2007-08-02,1201.0079606
2007-08-03,1198.30597425
2007-08-04,1194.08167064
2007-08-05,1188.80719049
2007-08-06,1183.01521117
2007-08-07,1177.18346138
2007-08-08,1170.50213727
2007-08-09,1165.02068377
2007-08-10,1162.01492021
2007-08-11,1161.3400119
2007-08-12,1159.51141838
2007-08-13,1158.78587197
2007-08-14,1159.39924278
2007-08-15,1161.02184955
2007-08-16,1164.11806716
2007-08-17,1163.18748033
2007-08-18,1162.63537498
2007-08-19,1162.85219335
2007-08-20,1160.76231547
2007-08-21,1158.61211264
2007-08-22,1157.19187578
2007-08-23,1156.74688866
2007-08-24,1156.73703366
2007-08-25,1157.34945214
2007-08-26,1155.76387475
2007-08-27,1154.97012029
2007-08-28,1155.04361216
2007-08-29,1154.98279077
2007-08-30,1154.55734215
2007-08-31,1153.41604273
2007-09-01,1151.91795178
2007-09-02,1151.12095353
2007-09-03,1151.05926069
2007-09-04,1150.05579103
2007-09-05,1156.70792419
2007-09-06,1157.30180537
2007-09-07,1159.95706648
2007-09-08,1162.43350998
2007-09-09,1163.70511966
2007-09-10,1164.66675616
2007-09-11,1166.34287087
2007-09-12,1166.74416129
2007-09-13,1168.17423752
2007-09-14,1168.87080366
2007-09-15,1168.21673963
2007-09-16,1169.62391454
2007-09-17,1168.06684451
2007-09-18,1165.8526371
2007-09-19,1167.2129762
2007-09-20,1169.99025223
2007-09-21,1175.00790083
2007-09-22,1179.43530034
2007-09-23,1186.02260185
2007-09-24,1192.68367088
2007-09-25,1202.12092575
2007-09-26,1209.8241554
2007-09-27,1217.61238231
2007-09-28,1223.09524653
2007-09-29,1227.73777618
2007-09-30,1233.77462135
2007-10-01,1239.60007406
2007-10-02,1247.84523081
2007-10-03,1259.2424226
2007-10-04,1272.29447278
2007-10-05,1283.10282635
2007-10-06,1301.11774517
2007-10-07,1317.87950629
2007-10-08,1334.84840398
2007-10-09,1350.62559274
2007-10-10,1367.03457259
2007-10-11,1390.06282818
2007-10-12,1415.63373304
2007-10-13,1434.57039466
2007-10-14,1445.95397027
2007-10-15,1456.37076926
2007-10-16,1468.84020087
2007-10-17,1479.16930902
2007-10-18,1487.5131322
2007-10-19,1496.41143148
2007-10-20,1504.71363905
2007-10-21,1513.14614569
2007-10-22,1521.46888574
2007-10-23,1528.66633301
2007-10-24,1535.53218637
2007-10-25,1539.25884888
2007-10-26,1539.60931805
2007-10-27,1538.63259925
2007-10-28,1541.95172887
2007-10-29,1548.8241736
2007-10-30,1554.9192372
2007-10-31,1561.27548214
2007-11-01,1564.16236028
2007-11-02,1564.47005539
2007-11-03,1564.82487897
2007-11-04,1560.28665883
2007-11-05,1554.6225773
2007-11-06,1544.74884948
2007-11-07,1534.15516161
2007-11-08,1523.65263563
2007-11-09,1511.68822587
2007-11-10,1496.05569536
2007-11-11,1473.36265314
2007-11-12,1460.08129261
2007-11-13,1452.24582053
2007-11-14,1446.02979292
2007-11-15,1437.59663071
2007-11-16,1436.07293615
2007-11-17,1437.62108222
2007-11-18,1438.13274229
2007-11-19,1437.8477722
2007-11-20,1434.03195236
2007-11-21,1429.00148476
2007-11-22,1423.34727418
2007-11-23,1418.19892766
2007-11-24,1414.72921535
2007-11-25,1416.86955684
2007-11-26,1419.78540533
2007-11-27,1420.48990166
2007-11-28,1420.19629134
2007-11-29,1419.55240941
2007-11-30,1419.16809122
2007-12-01,1418.09086242
2007-12-02,1417.69835796
2007-12-03,1416.14147268
2007-12-04,1416.8775312
2007-12-05,1417.02883204
2007-12-06,1421.14307533
2007-12-07,1426.28549976
2007-12-08,1432.01538367
2007-12-09,1438.15994425
2007-12-10,1444.22039098
2007-12-11,1453.37206589
2007-12-12,1458.47693836
2007-12-13,1466.66143844
2007-12-14,1475.99668208
2007-12-15,1485.95260798
2007-12-16,1489.64127383
2007-12-17,1494.20190643
2007-12-18,1495.93111153
2007-12-19,1497.59072883
2007-12-20,1504.96611721
2007-12-21,1512.02214357
2007-12-22,1520.5221226
2007-12-23,1526.2157288
2007-12-24,1532.24774545
2007-12-25,1535.8549175
2007-12-26,1543.47709409
2007-12-27,1550.55937178
2007-12-28,1560.07755593
2007-12-29,1570.5125755
2007-12-30,1577.48549587
2007-12-31,1585.9012579
2008-01-01,1601.11592353
2008-01-02,1618.779346
2008-01-03,1630.17817638
2008-01-04,1643.60889083
2008-01-05,1658.02913481
2008-01-06,1669.47552239
2008-01-07,1682.12219593
2008-01-08,1695.68143776
2008-01-09,1707.36468456
2008-01-10,1725.39348403
2008-01-11,1751.92561925
2008-01-12,1779.23032269
2008-01-13,1789.69565755
2008-01-14,1793.4964753
2008-01-15,1798.88924505
2008-01-16,1800.07776082
2008-01-17,1804.28967756
2008-01-18,1814.37642508
2008-01-19,1824.17686944
2008-01-20,1843.90192899
2008-01-21,1858.09550084
2008-01-22,1873.09231723
2008-01-23,1891.71209651
2008-01-24,1916.4609477
2008-01-25,1934.15286273
2008-01-26,1944.78211965
2008-01-27,1946.75448554
2008-01-28,1945.39824976
2008-01-29,1951.14187104
2008-01-30,1880.44631837
2008-01-31,1876.23662666
2008-02-01,1870.50727794
2008-02-02,1868.90827871
2008-02-03,1862.56998215
2008-02-04,1856.45288402
2008-02-05,1851.46948235
2008-02-06,1846.81962699
2008-02-07,1839.1868263
2008-02-08,1835.62816217
2008-02-09,1829.32920465
2008-02-10,1807.27226451
2008-02-11,1781.60022711
2008-02-12,1769.68354745
2008-02-13,1767.67905838
2008-02-14,1765.26664507
2008-02-15,1766.76812541
2008-02-16,1767.94197185
2008-02-17,1765.14346204
2008-02-18,1757.98458167
2008-02-19,1741.3597461
2008-02-20,1728.98089248
2008-02-21,1721.20756798
2008-02-22,1712.87078012
2008-02-23,1700.10370288
2008-02-24,1690.25470594
2008-02-25,1685.61662814
2008-02-26,1683.40997154
2008-02-27,1681.33144173
2008-02-28,1672.44648746
2008-02-29,1652.17111761
2008-03-01,1662.18259358
2008-03-02,1653.4741407
2008-03-03,1643.70218648
2008-03-04,1634.25887297
2008-03-05,1631.39393064
2008-03-06,1626.19271886
2008-03-07,1621.62372829
2008-03-08,1614.78467574
2008-03-09,1609.25465224
2008-03-10,1597.79414781
2008-03-11,1587.96521353
2008-03-12,1588.04508009
2008-03-13,1590.23891875
2008-03-14,1592.41429692
2008-03-15,1590.99209229
2008-03-16,1591.08833893
2008-03-17,1586.53131755
2008-03-18,1581.01885763
2008-03-19,1577.33567293
2008-03-20,1576.30996925
2008-03-21,1576.30147467
2008-03-22,1573.73082456
2008-03-23,1568.76453842
2008-03-24,1558.95435264
2008-03-25,1547.17728439
2008-03-26,1535.32702681
2008-03-27,1524.66101039
2008-03-28,1515.34077622
2008-03-29,1509.59303433
2008-03-30,1507.69108223
2008-03-31,1503.3309928
2008-04-01,1499.66053665
2008-04-02,1498.95141099
2008-04-03,1499.68574546
2008-04-04,1498.24067591
2008-04-05,1496.59660299
2008-04-06,1494.81965793
2008-04-07,1495.90079763
2008-04-08,1492.8919139
2008-04-09,1494.08852444
2008-04-10,1493.96398172
2008-04-11,1494.42304245
2008-04-12,1494.57644468
2008-04-13,1493.80474273
2008-04-14,1494.92734164
2008-04-15,1494.29449411
2008-04-16,1490.18172342
2008-04-17,1487.15567425
2008-04-18,1483.18712703
2008-04-19,1477.95031402
2008-04-20,1473.33495726
2008-04-21,1469.89032852
2008-04-22,1466.24121168
2008-04-23,1468.61611176
2008-04-24,1471.44288141
2008-04-25,1474.21584593
2008-04-26,1477.75164136
2008-04-27,1482.2489841
2008-04-28,1484.72136451
2008-04-29,1485.55813501
2008-04-30,1489.09395996
2008-05-01,1494.04604777
2008-05-02,1497.02686679
2008-05-03,1497.71169262
2008-05-04,1498.96329618
2008-05-05,1502.08727096
2008-05-06,1504.46080279
2008-05-07,1505.45064482
2008-05-08,1510.3966244
2008-05-09,1513.49476534
2008-05-10,1515.37080886
2008-05-11,1514.52679404
2008-05-12,1513.57949867
2008-05-13,1512.22756573
2008-05-14,1511.89279862
2008-05-15,1509.58306574
2008-05-16,1511.44389858
2008-05-17,1512.9372608
2008-05-18,1515.44893618
2008-05-19,1519.54468212
2008-05-20,1523.3656105
2008-05-21,1526.88064062
2008-05-22,1527.34335035
2008-05-23,1522.05969948
2008-05-24,1519.0723251
2008-05-25,1515.87866458
2008-05-26,1511.28336744
2008-05-27,1504.58237846
2008-05-28,1497.77527847
2008-05-29,1492.39306602
2008-05-30,1483.4910256
2008-05-31,1474.93594551
2008-06-01,1467.93278046
2008-06-02,1462.25576056
2008-06-03,1455.25592007
2008-06-04,1447.41570659
2008-06-05,1439.40338139
2008-06-06,1428.99780149
2008-06-07,1419.03864939
2008-06-08,1410.23195378
2008-06-09,1401.77439466
2008-06-10,1395.51822281
2008-06-11,1389.44910962
2008-06-12,1382.41610117
2008-06-13,1372.30238038
2008-06-14,1363.8018123
2008-06-15,1356.94331734
2008-06-16,1349.28791255
2008-06-17,1340.15343945
2008-06-18,1330.6021626
2008-06-19,1323.70382243
2008-06-20,1317.57476123
2008-06-21,1313.82548128
2008-06-22,1312.35598117
2008-06-23,1308.88929196
2008-06-24,1294.34541963
2008-06-25,1292.23551739
2008-06-26,1291.74550888
2008-06-27,1290.64448531
2008-06-28,1288.66232513
2008-06-29,1287.86223258
2008-06-30,1285.97265415
2008-07-01,1283.57531517
2008-07-02,1281.80517172
2008-07-03,1280.20289631
2008-07-04,1277.19879701
2008-07-05,1275.90872647
2008-07-06,1276.4006827
2008-07-07,1275.87994887
2008-07-08,1274.26581293
2008-07-09,1272.49450018
2008-07-10,1271.06260286
2008-07-11,1270.13045116
2008-07-12,1269.33232912
2008-07-13,1268.78284404
2008-07-14,1269.27004442
2008-07-15,1267.55011148
2008-07-16,1267.29439725
2008-07-17,1267.00097913
2008-07-18,1265.95458047
2008-07-19,1263.62127655
2008-07-20,1260.94961862
2008-07-21,1257.94329879
2008-07-22,1252.56989924
2008-07-23,1246.09204474
2008-07-24,1241.90564116
2008-07-25,1236.40247734
2008-07-26,1230.47066659
2008-07-27,1225.59470058
2008-07-28,1221.02660648
2008-07-29,1216.75701734
2008-07-30,1213.17254389
2008-07-31,1209.35542416
2008-08-01,1204.61308993
2008-08-02,1201.0079606
2008-08-03,1198.30597425
2008-08-04,1194.08167064
2008-08-05,1188.80719049
2008-08-06,1183.01521117
2008-08-07,1177.18346138
2008-08-08,1170.50213727
2008-08-09,1165.02068377
2008-08-10,1162.01492021
2008-08-11,1161.3400119
2008-08-12,1159.51141838
2008-08-13,1158.78587197
2008-08-14,1159.39924278
2008-08-15,1161.02184955
2008-08-16,1164.11806716
2008-08-17,1163.18748033
2008-08-18,1162.63537498
2008-08-19,1162.85219335
2008-08-20,1160.76231547
2008-08-21,1158.61211264
2008-08-22,1157.19187578
2008-08-23,1156.74688866
2008-08-24,1156.73703366
2008-08-25,1157.34945214
2008-08-26,1155.76387475
2008-08-27,1154.97012029
2008-08-28,1155.04361216
2008-08-29,1154.98279077
2008-08-30,1154.55734215
2008-08-31,1153.41604273
2008-09-01,1151.91795178
2008-09-02,1151.12095353
2008-09-03,1151.05926069
2008-09-04,1150.05579103
2008-09-05,1156.70792419
2008-09-06,1157.30180537
2008-09-07,1159.95706648
2008-09-08,1162.43350998
2008-09-09,1163.70511966
2008-09-10,1164.66675616
2008-09-11,1166.34287087
2008-09-12,1166.74416129
2008-09-13,1168.17423752
2008-09-14,1168.87080366
2008-09-15,1168.21673963
2008-09-16,1169.62391454
2008-09-17,1168.06684451
2008-09-18,1165.8526371
2008-09-19,1167.2129762
2008-09-20,1169.99025223
2008-09-21,1175.00790083
2008-09-22,1179.43530034
2008-09-23,1186.02260185
2008-09-24,1192.68367088
2008-09-25,1202.12092575
2008-09-26,1209.8241554
2008-09-27,1217.61238231
2008-09-28,1223.09524653
2008-09-29,1227.73777618
2008-09-30,1233.77462135
2008-10-01,1239.60007406
2008-10-02,1247.84523081
2008-10-03,1259.2424226
2008-10-04,1272.29447278
2008-10-05,1283.10282635
2008-10-06,1301.11774517
2008-10-07,1317.87950629
2008-10-08,1334.84840398
2008-10-09,1350.62559274
2008-10-10,1367.03457259
2008-10-11,1390.06282818
2008-10-12,1415.63373304
2008-10-13,1434.57039466
2008-10-14,1445.95397027
2008-10-15,1456.37076926
2008-10-16,1468.84020087
2008-10-17,1479.16930902
2008-10-18,1487.5131322
2008-10-19,1496.41143148
2008-10-20,1504.71363905
2008-10-21,1513.14614569
2008-10-22,1521.46888574
2008-10-23,1528.66633301
2008-10-24,1535.53218637
2008-10-25,1539.25884888
2008-10-26,1539.60931805
2008-10-27,1538.63259925
2008-10-28,1541.95172887
2008-10-29,1548.8241736
2008-10-30,1554.9192372
2008-10-31,1561.27548214
2008-11-01,1564.16236028
2008-11-02,1564.47005539
2008-11-03,1564.82487897
2008-11-04,1560.28665883
2008-11-05,1554.6225773
2008-11-06,1544.74884948
2008-11-07,1534.15516161
2008-11-08,1523.65263563
2008-11-09,1511.68822587
2008-11-10,1496.05569536
2008-11-11,1473.36265314
2008-11-12,1460.08129261
2008-11-13,1452.24582053
2008-11-14,1446.02979292
2008-11-15,1437.59663071
2008-11-16,1436.07293615
2008-11-17,1437.62108222
2008-11-18,1438.13274229
2008-11-19,1437.8477722
2008-11-20,1434.03195236
2008-11-21,1429.00148476
2008-11-22,1423.34727418
2008-11-23,1418.19892766
2008-11-24,1414.72921535
2008-11-25,1416.86955684
2008-11-26,1419.78540533
2008-11-27,1420.48990166
2008-11-28,1420.19629134
2008-11-29,1419.55240941
2008-11-30,1419.16809122
2008-12-01,1418.09086242
2008-12-02,1417.69835796
2008-12-03,1416.14147268
2008-12-04,1416.8775312
2008-12-05,1417.02883204
2008-12-06,1421.14307533
2008-12-07,1426.28549976
2008-12-08,1432.01538367
2008-12-09,1438.15994425
2008-12-10,1444.22039098
2008-12-11,1453.37206589
2008-12-12,1458.47693836
2008-12-13,1466.66143844
2008-12-14,1475.99668208
2008-12-15,1485.95260798
2008-12-16,1489.64127383
2008-12-17,1494.20190643
2008-12-18,1495.93111153
2008-12-19,1497.59072883
2008-12-20,1504.96611721
2008-12-21,1512.02214357
2008-12-22,1520.5221226
2008-12-23,1526.2157288
2008-12-24,1532.24774545
2008-12-25,1535.8549175
2008-12-26,1543.47709409
2008-12-27,1550.55937178
2008-12-28,1560.07755593
2008-12-29,1570.5125755
2008-12-30,1577.48549587
2008-12-31,1585.9012579
2009-01-01,1601.11592353
2009-01-02,1618.779346
2009-01-03,1630.17817638
2009-01-04,1643.60889083
2009-01-05,1658.02913481
2009-01-06,1669.47552239
2009-01-07,1682.12219593
2009-01-08,1695.68143776
2009-01-09,1707.36468456
2009-01-10,1725.39348403
2009-01-11,1751.92561925
2009-01-12,1779.23032269
2009-01-13,1789.69565755
2009-01-14,1793.4964753
2009-01-15,1798.88924505
2009-01-16,1800.07776082
2009-01-17,1804.28967756
2009-01-18,1814.37642508
2009-01-19,1824.17686944
2009-01-20,1843.90192899
2009-01-21,1858.09550084
2009-01-22,1873.09231723
2009-01-23,1891.71209651
2009-01-24,1916.4609477
2009-01-25,1934.15286273
2009-01-26,1944.78211965
2009-01-27,1946.75448554
2009-01-28,1945.39824976
2009-01-29,1951.14187104
2009-01-30,1880.44631837
2009-01-31,1876.23662666
2009-02-01,1870.50727794
2009-02-02,1868.90827871
2009-02-03,1862.56998215
2009-02-04,1856.45288402
2009-02-05,1851.46948235
2009-02-06,1846.81962699
2009-02-07,1839.1868263
2009-02-08,1835.62816217
2009-02-09,1829.32920465
2009-02-10,1807.27226451
2009-02-11,1781.60022711
2009-02-12,1769.68354745
2009-02-13,1767.67905838
2009-02-14,1765.26664507
2009-02-15,1766.76812541
2009-02-16,1767.94197185
2009-02-17,1765.14346204
2009-02-18,1757.98458167
2009-02-19,1741.3597461
2009-02-20,1728.98089248
2009-02-21,1721.20756798
2009-02-22,1712.87078012
2009-02-23,1700.10370288
2009-02-24,1690.25470594
2009-02-25,1685.61662814
2009-02-26,1683.40997154
2009-02-27,1681.33144173
2009-02-28,1672.44648746
2009-03-01,1662.18259358
2009-03-02,1653.4741407
2009-03-03,1643.70218648
2009-03-04,1634.25887297
2009-03-05,1631.39393064
2009-03-06,1626.19271886
2009-03-07,1621.62372829
2009-03-08,1614.78467574
2009-03-09,1609.25465224
2009-03-10,1597.79414781
2009-03-11,1587.96521353
2009-03-12,1588.04508009
2009-03-13,1590.23891875
2009-03-14,1592.41429692
2009-03-15,1590.99209229
2009-03-16,1591.08833893
2009-03-17,1586.53131755
2009-03-18,1581.01885763
2009-03-19,1577.33567293
2009-03-20,1576.30996925
2009-03-21,1576.30147467
2009-03-22,1573.73082456
2009-03-23,1568.76453842
2009-03-24,1558.95435264
2009-03-25,1547.17728439
2009-03-26,1535.32702681
2009-03-27,1524.66101039
2009-03-28,1515.34077622
2009-03-29,1509.59303433
2009-03-30,1507.69108223
2009-03-31,1503.3309928
2009-04-01,1499.66053665
2009-04-02,1498.95141099
2009-04-03,1499.68574546
2009-04-04,1498.24067591
2009-04-05,1496.59660299
2009-04-06,1494.81965793
2009-04-07,1495.90079763
2009-04-08,1492.8919139
2009-04-09,1494.08852444
2009-04-10,1493.96398172
2009-04-11,1494.42304245
2009-04-12,1494.57644468
2009-04-13,1493.80474273
2009-04-14,1494.92734164
2009-04-15,1494.29449411
2009-04-16,1490.18172342
2009-04-17,1487.15567425
2009-04-18,1483.18712703
2009-04-19,1477.95031402
2009-04-20,1473.33495726
2009-04-21,1469.89032852
2009-04-22,1466.24121168
2009-04-23,1468.61611176
2009-04-24,1471.44288141
2009-04-25,1474.21584593
2009-04-26,1477.75164136
2009-04-27,1482.2489841
2009-04-28,1484.72136451
2009-04-29,1485.55813501
2009-04-30,1489.09395996
2009-05-01,1494.04604777
2009-05-02,1497.02686679
2009-05-03,1497.71169262
2009-05-04,1498.96329618
2009-05-05,1502.08727096
2009-05-06,1504.46080279
2009-05-07,1505.45064482
2009-05-08,1510.3966244
2009-05-09,1513.49476534
2009-05-10,1515.37080886
2009-05-11,1514.52679404
2009-05-12,1513.57949867
2009-05-13,1512.22756573
2009-05-14,1511.89279862
2009-05-15,1509.58306574
2009-05-16,1511.44389858
2009-05-17,1512.9372608
2009-05-18,1515.44893618
2009-05-19,1519.54468212
2009-05-20,1523.3656105
2009-05-21,1526.88064062
2009-05-22,1527.34335035
2009-05-23,1522.05969948
2009-05-24,1519.0723251
2009-05-25,1515.87866458
2009-05-26,1511.28336744
2009-05-27,1504.58237846
2009-05-28,1497.77527847
2009-05-29,1492.39306602
2009-05-30,1483.4910256
2009-05-31,1474.93594551
2009-06-01,1467.93278046
2009-06-02,1462.25576056
2009-06-03,1455.25592007
2009-06-04,1447.41570659
2009-06-05,1439.40338139
2009-06-06,1428.99780149
2009-06-07,1419.03864939
2009-06-08,1410.23195378
2009-06-09,1401.77439466
2009-06-10,1395.51822281
2009-06-11,1389.44910962
2009-06-12,1382.41610117
2009-06-13,1372.30238038
2009-06-14,1363.8018123
2009-06-15,1356.94331734
2009-06-16,1349.28791255
2009-06-17,1340.15343945
2009-06-18,1330.6021626
2009-06-19,1323.70382243
2009-06-20,1317.57476123
2009-06-21,1313.82548128
2009-06-22,1312.35598117
2009-06-23,1308.88929196
2009-06-24,1294.34541963
2009-06-25,1292.23551739
2009-06-26,1291.74550888
2009-06-27,1290.64448531
2009-06-28,1288.66232513
2009-06-29,1287.86223258
2009-06-30,1285.97265415
2009-07-01,1283.57531517
2009-07-02,1281.80517172
2009-07-03,1280.20289631
2009-07-04,1277.19879701
2009-07-05,1275.90872647
2009-07-06,1276.4006827
2009-07-07,1275.87994887
2009-07-08,1274.26581293
2009-07-09,1272.49450018
2009-07-10,1271.06260286
2009-07-11,1270.13045116
2009-07-12,1269.33232912
2009-07-13,1268.78284404
2009-07-14,1269.27004442
2009-07-15,1267.55011148
2009-07-16,1267.29439725
2009-07-17,1267.00097913
2009-07-18,1265.95458047
2009-07-19,1263.62127655
2009-07-20,1260.94961862
2009-07-21,1257.94329879
2009-07-22,1252.56989924
2009-07-23,1246.09204474
2009-07-24,1241.90564116
2009-07-25,1236.40247734
2009-07-26,1230.47066659
2009-07-27,1225.59470058
2009-07-28,1221.02660648
2009-07-29,1216.75701734
2009-07-30,1213.17254389
2009-07-31,1209.35542416
2009-08-01,1204.61308993
2009-08-02,1201.0079606
2009-08-03,1198.30597425
2009-08-04,1194.08167064
2009-08-05,1188.80719049
2009-08-06,1183.01521117
2009-08-07,1177.18346138
2009-08-08,1170.50213727
2009-08-09,1165.02068377
2009-08-10,1162.01492021
2009-08-11,1161.3400119
2009-08-12,1159.51141838
2009-08-13,1158.78587197
2009-08-14,1159.39924278
2009-08-15,1161.02184955
2009-08-16,1164.11806716
2009-08-17,1163.18748033
2009-08-18,1162.63537498
2009-08-19,1162.85219335
2009-08-20,1160.76231547
2009-08-21,1158.61211264
2009-08-22,1157.19187578
2009-08-23,1156.74688866
2009-08-24,1156.73703366
2009-08-25,1157.34945214
2009-08-26,1155.76387475
2009-08-27,1154.97012029
2009-08-28,1155.04361216
2009-08-29,1154.98279077
2009-08-30,1154.55734215
2009-08-31,1153.41604273
2009-09-01,1151.91795178
2009-09-02,1151.12095353
2009-09-03,1151.05926069
2009-09-04,1150.05579103
2009-09-05,1156.70792419
2009-09-06,1157.30180537
2009-09-07,1159.95706648
2009-09-08,1162.43350998
2009-09-09,1163.70511966
2009-09-10,1164.66675616
2009-09-11,1166.34287087
2009-09-12,1166.74416129
2009-09-13,1168.17423752
2009-09-14,1168.87080366
2009-09-15,1168.21673963
2009-09-16,1169.62391454
2009-09-17,1168.06684451
2009-09-18,1165.8526371
2009-09-19,1167.2129762
2009-09-20,1169.99025223
2009-09-21,1175.00790083
2009-09-22,1179.43530034
2009-09-23,1186.02260185
2009-09-24,1192.68367088
2009-09-25,1202.12092575
2009-09-26,1209.8241554
2009-09-27,1217.61238231
2009-09-28,1223.09524653
2009-09-29,1227.73777618
2009-09-30,1233.77462135
2009-10-01,1239.60007406
2009-10-02,1247.84523081
2009-10-03,1259.2424226
2009-10-04,1272.29447278
2009-10-05,1283.10282635
2009-10-06,1301.11774517
2009-10-07,1317.87950629
2009-10-08,1334.84840398
2009-10-09,1350.62559274
2009-10-10,1367.03457259
2009-10-11,1390.06282818
2009-10-12,1415.63373304
2009-10-13,1434.57039466
2009-10-14,1445.95397027
2009-10-15,1456.37076926
2009-10-16,1468.84020087
2009-10-17,1479.16930902
2009-10-18,1487.5131322
2009-10-19,1496.41143148
2009-10-20,1504.71363905
2009-10-21,1513.14614569
2009-10-22,1521.46888574
2009-10-23,1528.66633301
2009-10-24,1535.53218637
2009-10-25,1539.25884888
2009-10-26,1539.60931805
2009-10-27,1538.63259925
2009-10-28,1541.95172887
2009-10-29,1548.8241736
2009-10-30,1554.9192372
2009-10-31,1561.27548214
2009-11-01,1564.16236028
2009-11-02,1564.47005539
2009-11-03,1564.82487897
2009-11-04,1560.28665883
2009-11-05,1554.6225773
2009-11-06,1544.74884948
2009-11-07,1534.15516161
2009-11-08,1523.65263563
2009-11-09,1511.68822587
2009-11-10,1496.05569536
2009-11-11,1473.36265314
2009-11-12,1460.08129261
2009-11-13,1452.24582053
2009-11-14,1446.02979292
2009-11-15,1437.59663071
2009-11-16,1436.07293615
2009-11-17,1437.62108222
2009-11-18,1438.13274229
2009-11-19,1437.8477722
2009-11-20,1434.03195236
2009-11-21,1429.00148476
2009-11-22,1423.34727418
2009-11-23,1418.19892766
2009-11-24,1414.72921535
2009-11-25,1416.86955684
2009-11-26,1419.78540533
2009-11-27,1420.48990166
2009-11-28,1420.19629134
2009-11-29,1419.55240941
2009-11-30,1419.16809122
2009-12-01,1418.09086242
2009-12-02,1417.69835796
2009-12-03,1416.14147268
2009-12-04,1416.8775312
2009-12-05,1417.02883204
2009-12-06,1421.14307533
2009-12-07,1426.28549976
2009-12-08,1432.01538367
2009-12-09,1438.15994425
2009-12-10,1444.22039098
2009-12-11,1453.37206589
2009-12-12,1458.47693836
2009-12-13,1466.66143844
2009-12-14,1475.99668208
2009-12-15,1485.95260798
2009-12-16,1489.64127383
2009-12-17,1494.20190643
2009-12-18,1495.93111153
2009-12-19,1497.59072883
2009-12-20,1504.96611721
2009-12-21,1512.02214357
2009-12-22,1520.5221226
2009-12-23,1526.2157288
2009-12-24,1532.24774545
2009-12-25,1535.8549175
2009-12-26,1543.47709409
2009-12-27,1550.55937178
2009-12-28,1560.07755593
2009-12-29,1570.5125755
2009-12-30,1577.48549587
2009-12-31,1585.9012579
2010-01-01,1601.11592353
2010-01-02,1618.779346
2010-01-03,1630.17817638
2010-01-04,1643.60889083
2010-01-05,1658.02913481
2010-01-06,1669.47552239
2010-01-07,1682.12219593
2010-01-08,1695.68143776
2010-01-09,1707.36468456
2010-01-10,1725.39348403
2010-01-11,1751.92561925
2010-01-12,1779.23032269
2010-01-13,1789.69565755
2010-01-14,1793.4964753
2010-01-15,1798.88924505
2010-01-16,1800.07776082
2010-01-17,1804.28967756
2010-01-18,1814.37642508
2010-01-19,1824.17686944
2010-01-20,1843.90192899
2010-01-21,1858.09550084
2010-01-22,1873.09231723
2010-01-23,1891.71209651
2010-01-24,1916.4609477
2010-01-25,1934.15286273
2010-01-26,1944.78211965
2010-01-27,1946.75448554
2010-01-28,1945.39824976
2010-01-29,1951.14187104
2010-01-30,1880.44631837
2010-01-31,1876.23662666
2010-02-01,1870.50727794
2010-02-02,1868.90827871
2010-02-03,1862.56998215
2010-02-04,1856.45288402
2010-02-05,1851.46948235
2010-02-06,1846.81962699
2010-02-07,1839.1868263
2010-02-08,1835.62816217
2010-02-09,1829.32920465
2010-02-10,1807.27226451
2010-02-11,1781.60022711
2010-02-12,1769.68354745
2010-02-13,1767.67905838
2010-02-14,1765.26664507
2010-02-15,1766.76812541
2010-02-16,1767.94197185
2010-02-17,1765.14346204
2010-02-18,1757.98458167
2010-02-19,1741.3597461
2010-02-20,1728.98089248
2010-02-21,1721.20756798
2010-02-22,1712.87078012
2010-02-23,1700.10370288
2010-02-24,1690.25470594
2010-02-25,1685.61662814
2010-02-26,1683.40997154
2010-02-27,1681.33144173
2010-02-28,1672.44648746
2010-03-01,1662.18259358
2010-03-02,1653.4741407
2010-03-03,1643.70218648
2010-03-04,1634.25887297
2010-03-05,1631.39393064
2010-03-06,1626.19271886
2010-03-07,1621.62372829
2010-03-08,1614.78467574
2010-03-09,1609.25465224
2010-03-10,1597.79414781
2010-03-11,1587.96521353
2010-03-12,1588.04508009
2010-03-13,1590.23891875
2010-03-14,1592.41429692
2010-03-15,1590.99209229
2010-03-16,1591.08833893
2010-03-17,1586.53131755
2010-03-18,1581.01885763
2010-03-19,1577.33567293
2010-03-20,1576.30996925
2010-03-21,1576.30147467
2010-03-22,1573.73082456
2010-03-23,1568.76453842
2010-03-24,1558.95435264
2010-03-25,1547.17728439
2010-03-26,1535.32702681
2010-03-27,1524.66101039
2010-03-28,1515.34077622
2010-03-29,1509.59303433
2010-03-30,1507.69108223
2010-03-31,1503.3309928
2010-04-01,1499.66053665
2010-04-02,1498.95141099
2010-04-03,1499.68574546
2010-04-04,1498.24067591
2010-04-05,1496.59660299
2010-04-06,1494.81965793
2010-04-07,1495.90079763
2010-04-08,1492.8919139
2010-04-09,1494.08852444
2010-04-10,1493.96398172
2010-04-11,1494.42304245
2010-04-12,1494.57644468
2010-04-13,1493.80474273
2010-04-14,1494.92734164
2010-04-15,1494.29449411
2010-04-16,1490.18172342
2010-04-17,1487.15567425
2010-04-18,1483.18712703
2010-04-19,1477.95031402
2010-04-20,1473.33495726
2010-04-21,1469.89032852
2010-04-22,1466.24121168
2010-04-23,1468.61611176
2010-04-24,1471.44288141
2010-04-25,1474.21584593
2010-04-26,1477.75164136
2010-04-27,1482.2489841
2010-04-28,1484.72136451
2010-04-29,1485.55813501
2010-04-30,1489.09395996
2010-05-01,1494.04604777
2010-05-02,1497.02686679
2010-05-03,1497.71169262
2010-05-04,1498.96329618
2010-05-05,1502.08727096
2010-05-06,1504.46080279
2010-05-07,1505.45064482
2010-05-08,1510.3966244
2010-05-09,1513.49476534
2010-05-10,1515.37080886
2010-05-11,1514.52679404
2010-05-12,1513.57949867
2010-05-13,1512.22756573
2010-05-14,1511.89279862
2010-05-15,1509.58306574
2010-05-16,1511.44389858
2010-05-17,1512.9372608
2010-05-18,1515.44893618
2010-05-19,1519.54468212
2010-05-20,1523.3656105
2010-05-21,1526.88064062
2010-05-22,1527.34335035
2010-05-23,1522.05969948
2010-05-24,1519.0723251
2010-05-25,1515.87866458
2010-05-26,1511.28336744
2010-05-27,1504.58237846
2010-05-28,1497.77527847
2010-05-29,1492.39306602
2010-05-30,1483.4910256
2010-05-31,1474.93594551
2010-06-01,1467.93278046
2010-06-02,1462.25576056
2010-06-03,1455.25592007
2010-06-04,1447.41570659
2010-06-05,1439.40338139
2010-06-06,1428.99780149
2010-06-07,1419.03864939
2010-06-08,1410.23195378
2010-06-09,1401.77439466
2010-06-10,1395.51822281
2010-06-11,1389.44910962
2010-06-12,1382.41610117
2010-06-13,1372.30238038
2010-06-14,1363.8018123
2010-06-15,1356.94331734
2010-06-16,1349.28791255
2010-06-17,1340.15343945
2010-06-18,1330.6021626
2010-06-19,1323.70382243
2010-06-20,1317.57476123
2010-06-21,1313.82548128
2010-06-22,1312.35598117
2010-06-23,1308.88929196
2010-06-24,1294.34541963
2010-06-25,1292.23551739
2010-06-26,1291.74550888
2010-06-27,1290.64448531
2010-06-28,1288.66232513
2010-06-29,1287.86223258
2010-06-30,1285.97265415
2010-07-01,1283.57531517
2010-07-02,1281.80517172
2010-07-03,1280.20289631
2010-07-04,1277.19879701
2010-07-05,1275.90872647
2010-07-06,1276.4006827
2010-07-07,1275.87994887
2010-07-08,1274.26581293
2010-07-09,1272.49450018
2010-07-10,1271.06260286
2010-07-11,1270.13045116
2010-07-12,1269.33232912
2010-07-13,1268.78284404
2010-07-14,1269.27004442
2010-07-15,1267.55011148
2010-07-16,1267.29439725
2010-07-17,1267.00097913
2010-07-18,1265.95458047
2010-07-19,1263.62127655
2010-07-20,1260.94961862
2010-07-21,1257.94329879
2010-07-22,1252.56989924
2010-07-23,1246.09204474
2010-07-24,1241.90564116
2010-07-25,1236.40247734
2010-07-26,1230.47066659
2010-07-27,1225.59470058
2010-07-28,1221.02660648
2010-07-29,1216.75701734
2010-07-30,1213.17254389
2010-07-31,1209.35542416
2010-08-01,1204.61308993
2010-08-02,1201.0079606
2010-08-03,1198.30597425
2010-08-04,1194.08167064
2010-08-05,1188.80719049
2010-08-06,1183.01521117
2010-08-07,1177.18346138
2010-08-08,1170.50213727
2010-08-09,1165.02068377
2010-08-10,1162.01492021
2010-08-11,1161.3400119
2010-08-12,1159.51141838
2010-08-13,1158.78587197
2010-08-14,1159.39924278
2010-08-15,1161.02184955
2010-08-16,1164.11806716
2010-08-17,1163.18748033
2010-08-18,1162.63537498
2010-08-19,1162.85219335
2010-08-20,1160.76231547
2010-08-21,1158.61211264
2010-08-22,1157.19187578
2010-08-23,1156.74688866
2010-08-24,1156.73703366
2010-08-25,1157.34945214
2010-08-26,1155.76387475
2010-08-27,1154.97012029
2010-08-28,1155.04361216
2010-08-29,1154.98279077
2010-08-30,1154.55734215
2010-08-31,1153.41604273
2010-09-01,1151.91795178
2010-09-02,1151.12095353
2010-09-03,1151.05926069
2010-09-04,1150.05579103
2010-09-05,1156.70792419
2010-09-06,1157.30180537
2010-09-07,1159.95706648
2010-09-08,1162.43350998
2010-09-09,1163.70511966
2010-09-10,1164.66675616
2010-09-11,1166.34287087
2010-09-12,1166.74416129
2010-09-13,1168.17423752
2010-09-14,1168.87080366
2010-09-15,1168.21673963
2010-09-16,1169.62391454
2010-09-17,1168.06684451
2010-09-18,1165.8526371
2010-09-19,1167.2129762
2010-09-20,1169.99025223
2010-09-21,1175.00790083
2010-09-22,1179.43530034
2010-09-23,1186.02260185
2010-09-24,1192.68367088
2010-09-25,1202.12092575
2010-09-26,1209.8241554
2010-09-27,1217.61238231
2010-09-28,1223.09524653
2010-09-29,1227.73777618
2010-09-30,1233.77462135
2010-10-01,1239.60007406
2010-10-02,1247.84523081
2010-10-03,1259.2424226
2010-10-04,1272.29447278
2010-10-05,1283.10282635
2010-10-06,1301.11774517
2010-10-07,1317.87950629
2010-10-08,1334.84840398
2010-10-09,1350.62559274
2010-10-10,1367.03457259
2010-10-11,1390.06282818
2010-10-12,1415.63373304
2010-10-13,1434.57039466
2010-10-14,1445.95397027
2010-10-15,1456.37076926
2010-10-16,1468.84020087
2010-10-17,1479.16930902
2010-10-18,1487.5131322
2010-10-19,1496.41143148
2010-10-20,1504.71363905
2010-10-21,1513.14614569
2010-10-22,1521.46888574
2010-10-23,1528.66633301
2010-10-24,1535.53218637
2010-10-25,1539.25884888
2010-10-26,1539.60931805
2010-10-27,1538.63259925
2010-10-28,1541.95172887
2010-10-29,1548.8241736
2010-10-30,1554.9192372
2010-10-31,1561.27548214
2010-11-01,1564.16236028
2010-11-02,1564.47005539
2010-11-03,1564.82487897
2010-11-04,1560.28665883
2010-11-05,1554.6225773
2010-11-06,1544.74884948
2010-11-07,1534.15516161
2010-11-08,1523.65263563
2010-11-09,1511.68822587
2010-11-10,1496.05569536
2010-11-11,1473.36265314
2010-11-12,1460.08129261
2010-11-13,1452.24582053
2010-11-14,1446.02979292
2010-11-15,1437.59663071
2010-11-16,1436.07293615
2010-11-17,1437.62108222
2010-11-18,1438.13274229
2010-11-19,1437.8477722
2010-11-20,1434.03195236
2010-11-21,1429.00148476
2010-11-22,1423.34727418
2010-11-23,1418.19892766
2010-11-24,1414.72921535
2010-11-25,1416.86955684
2010-11-26,1419.78540533
2010-11-27,1420.48990166
2010-11-28,1420.19629134
2010-11-29,1419.55240941
2010-11-30,1419.16809122
2010-12-01,1418.09086242
2010-12-02,1417.69835796
2010-12-03,1416.14147268
2010-12-04,1416.8775312
2010-12-05,1417.02883204
2010-12-06,1421.14307533
2010-12-07,1426.28549976
2010-12-08,1432.01538367
2010-12-09,1438.15994425
2010-12-10,1444.22039098
2010-12-11,1453.37206589
2010-12-12,1458.47693836
2010-12-13,1466.66143844
2010-12-14,1475.99668208
2010-12-15,1485.95260798
2010-12-16,1489.64127383
2010-12-17,1494.20190643
2010-12-18,1495.93111153
2010-12-19,1497.59072883
2010-12-20,1504.96611721
2010-12-21,1512.02214357
2010-12-22,1520.5221226
2010-12-23,1526.2157288
2010-12-24,1532.24774545
2010-12-25,1535.8549175
2010-12-26,1543.47709409
2010-12-27,1550.55937178
2010-12-28,1560.07755593
2010-12-29,1570.5125755
2010-12-30,1577.48549587
2010-12-31,1585.9012579
2011-01-01,1601.11592353
2011-01-02,1618.779346
2011-01-03,1630.17817638
2011-01-04,1643.60889083
2011-01-05,1658.02913481
2011-01-06,1669.47552239
2011-01-07,1682.12219593
2011-01-08,1695.68143776
2011-01-09,1707.36468456
2011-01-10,1725.39348403
2011-01-11,1751.92561925
2011-01-12,1779.23032269
2011-01-13,1789.69565755
2011-01-14,1793.4964753
2011-01-15,1798.88924505
2011-01-16,1800.07776082
2011-01-17,1804.28967756
2011-01-18,1814.37642508
2011-01-19,1824.17686944
2011-01-20,1843.90192899
2011-01-21,1858.09550084
2011-01-22,1873.09231723
2011-01-23,1891.71209651
2011-01-24,1916.4609477
2011-01-25,1934.15286273
2011-01-26,1944.78211965
2011-01-27,1946.75448554
2011-01-28,1945.39824976
2011-01-29,1951.14187104
2011-01-30,1880.44631837
2011-01-31,1876.23662666
2011-02-01,1870.50727794
2011-02-02,1868.90827871
2011-02-03,1862.56998215
2011-02-04,1856.45288402
2011-02-05,1851.46948235
2011-02-06,1846.81962699
2011-02-07,1839.1868263
2011-02-08,1835.62816217
2011-02-09,1829.32920465
2011-02-10,1807.27226451
2011-02-11,1781.60022711
2011-02-12,1769.68354745
2011-02-13,1767.67905838
2011-02-14,1765.26664507
2011-02-15,1766.76812541
2011-02-16,1767.94197185
2011-02-17,1765.14346204
2011-02-18,1757.98458167
2011-02-19,1741.3597461
2011-02-20,1728.98089248
2011-02-21,1721.20756798
2011-02-22,1712.87078012
2011-02-23,1700.10370288
2011-02-24,1690.25470594
2011-02-25,1685.61662814
2011-02-26,1683.40997154
2011-02-27,1681.33144173
2011-02-28,1672.44648746
2011-03-01,1662.18259358
2011-03-02,1653.4741407
2011-03-03,1643.70218648
2011-03-04,1634.25887297
2011-03-05,1631.39393064
2011-03-06,1626.19271886
2011-03-07,1621.62372829
2011-03-08,1614.78467574
2011-03-09,1609.25465224
2011-03-10,1597.79414781
2011-03-11,1587.96521353
2011-03-12,1588.04508009
2011-03-13,1590.23891875
2011-03-14,1592.41429692
2011-03-15,1590.99209229
2011-03-16,1591.08833893
2011-03-17,1586.53131755
2011-03-18,1581.01885763
2011-03-19,1577.33567293
2011-03-20,1576.30996925
2011-03-21,1576.30147467
2011-03-22,1573.73082456
2011-03-23,1568.76453842
2011-03-24,1558.95435264
2011-03-25,1547.17728439
2011-03-26,1535.32702681
2011-03-27,1524.66101039
2011-03-28,1515.34077622
2011-03-29,1509.59303433
2011-03-30,1507.69108223
2011-03-31,1503.3309928
2011-04-01,1499.66053665
2011-04-02,1498.95141099
2011-04-03,1499.68574546
2011-04-04,1498.24067591
2011-04-05,1496.59660299
2011-04-06,1494.81965793
2011-04-07,1495.90079763
2011-04-08,1492.8919139
2011-04-09,1494.08852444
2011-04-10,1493.96398172
2011-04-11,1494.42304245
2011-04-12,1494.57644468
2011-04-13,1493.80474273
2011-04-14,1494.92734164
2011-04-15,1494.29449411
2011-04-16,1490.18172342
2011-04-17,1487.15567425
2011-04-18,1483.18712703
2011-04-19,1477.95031402
2011-04-20,1473.33495726
2011-04-21,1469.89032852
2011-04-22,1466.24121168
2011-04-23,1468.61611176
2011-04-24,1471.44288141
2011-04-25,1474.21584593
2011-04-26,1477.75164136
2011-04-27,1482.2489841
2011-04-28,1484.72136451
2011-04-29,1485.55813501
2011-04-30,1489.09395996
2011-05-01,1494.04604777
2011-05-02,1497.02686679
2011-05-03,1497.71169262
2011-05-04,1498.96329618
2011-05-05,1502.08727096
2011-05-06,1504.46080279
2011-05-07,1505.45064482
2011-05-08,1510.3966244
2011-05-09,1513.49476534
2011-05-10,1515.37080886
2011-05-11,1514.52679404
2011-05-12,1513.57949867
2011-05-13,1512.22756573
2011-05-14,1511.89279862
2011-05-15,1509.58306574
2011-05-16,1511.44389858
2011-05-17,1512.9372608
2011-05-18,1515.44893618
2011-05-19,1519.54468212
2011-05-20,1523.3656105
2011-05-21,1526.88064062
2011-05-22,1527.34335035
2011-05-23,1522.05969948
2011-05-24,1519.0723251
2011-05-25,1515.87866458
2011-05-26,1511.28336744
2011-05-27,1504.58237846
2011-05-28,1497.77527847
2011-05-29,1492.39306602
2011-05-30,1483.4910256
2011-05-31,1474.93594551
2011-06-01,1467.93278046
2011-06-02,1462.25576056
2011-06-03,1455.25592007
2011-06-04,1447.41570659
2011-06-05,1439.40338139
2011-06-06,1428.99780149
2011-06-07,1419.03864939
2011-06-08,1410.23195378
2011-06-09,1401.77439466
2011-06-10,1395.51822281
2011-06-11,1389.44910962
2011-06-12,1382.41610117
2011-06-13,1372.30238038
2011-06-14,1363.8018123
2011-06-15,1356.94331734
2011-06-16,1349.28791255
2011-06-17,1340.15343945
2011-06-18,1330.6021626
2011-06-19,1323.70382243
2011-06-20,1317.57476123
2011-06-21,1313.82548128
2011-06-22,1312.35598117
2011-06-23,1308.88929196
2011-06-24,1294.34541963
2011-06-25,1292.23551739
2011-06-26,1291.74550888
2011-06-27,1290.64448531
2011-06-28,1288.66232513
2011-06-29,1287.86223258
2011-06-30,1285.97265415
2011-07-01,1283.57531517
2011-07-02,1281.80517172
2011-07-03,1280.20289631
2011-07-04,1277.19879701
2011-07-05,1275.90872647
2011-07-06,1276.4006827
2011-07-07,1275.87994887
2011-07-08,1274.26581293
2011-07-09,1272.49450018
2011-07-10,1271.06260286
2011-07-11,1270.13045116
2011-07-12,1269.33232912
2011-07-13,1268.78284404
2011-07-14,1269.27004442
2011-07-15,1267.55011148
2011-07-16,1267.29439725
2011-07-17,1267.00097913
2011-07-18,1265.95458047
2011-07-19,1263.62127655
2011-07-20,1260.94961862
2011-07-21,1257.94329879
2011-07-22,1252.56989924
2011-07-23,1246.09204474
2011-07-24,1241.90564116
2011-07-25,1236.40247734
2011-07-26,1230.47066659
2011-07-27,1225.59470058
2011-07-28,1221.02660648
2011-07-29,1216.75701734
2011-07-30,1213.17254389
2011-07-31,1209.35542416
2011-08-01,1204.61308993
2011-08-02,1201.0079606
2011-08-03,1198.30597425
2011-08-04,1194.08167064
2011-08-05,1188.80719049
2011-08-06,1183.01521117
2011-08-07,1177.18346138
2011-08-08,1170.50213727
2011-08-09,1165.02068377
2011-08-10,1162.01492021
2011-08-11,1161.3400119
2011-08-12,1159.51141838
2011-08-13,1158.78587197
2011-08-14,1159.39924278
2011-08-15,1161.02184955
2011-08-16,1164.11806716
2011-08-17,1163.18748033
2011-08-18,1162.63537498
2011-08-19,1162.85219335
2011-08-20,1160.76231547
2011-08-21,1158.61211264
2011-08-22,1157.19187578
2011-08-23,1156.74688866
2011-08-24,1156.73703366
2011-08-25,1157.34945214
2011-08-26,1155.76387475
2011-08-27,1154.97012029
2011-08-28,1155.04361216
2011-08-29,1154.98279077
2011-08-30,1154.55734215
2011-08-31,1153.41604273
2011-09-01,1151.91795178
2011-09-02,1151.12095353
2011-09-03,1151.05926069
2011-09-04,1150.05579103
2011-09-05,1156.70792419
2011-09-06,1157.30180537
2011-09-07,1159.95706648
2011-09-08,1162.43350998
2011-09-09,1163.70511966
2011-09-10,1164.66675616
2011-09-11,1166.34287087
2011-09-12,1166.74416129
2011-09-13,1168.17423752
2011-09-14,1168.87080366
2011-09-15,1168.21673963
2011-09-16,1169.62391454
2011-09-17,1168.06684451
2011-09-18,1165.8526371
2011-09-19,1167.2129762
2011-09-20,1169.99025223
2011-09-21,1175.00790083
2011-09-22,1179.43530034
2011-09-23,1186.02260185
2011-09-24,1192.68367088
2011-09-25,1202.12092575
2011-09-26,1209.8241554
2011-09-27,1217.61238231
2011-09-28,1223.09524653
2011-09-29,1227.73777618
2011-09-30,1233.77462135
2011-10-01,1239.60007406
2011-10-02,1247.84523081
2011-10-03,1259.2424226
2011-10-04,1272.29447278
2011-10-05,1283.10282635
2011-10-06,1301.11774517
2011-10-07,1317.87950629
2011-10-08,1334.84840398
2011-10-09,1350.62559274
2011-10-10,1367.03457259
2011-10-11,1390.06282818
2011-10-12,1415.63373304
2011-10-13,1434.57039466
2011-10-14,1445.95397027
2011-10-15,1456.37076926
2011-10-16,1468.84020087
2011-10-17,1479.16930902
2011-10-18,1487.5131322
2011-10-19,1496.41143148
2011-10-20,1504.71363905
2011-10-21,1513.14614569
2011-10-22,1521.46888574
2011-10-23,1528.66633301
2011-10-24,1535.53218637
2011-10-25,1539.25884888
2011-10-26,1539.60931805
2011-10-27,1538.63259925
2011-10-28,1541.95172887
2011-10-29,1548.8241736
2011-10-30,1554.9192372
2011-10-31,1561.27548214
2011-11-01,1564.16236028
2011-11-02,1564.47005539
2011-11-03,1564.82487897
2011-11-04,1560.28665883
2011-11-05,1554.6225773
2011-11-06,1544.74884948
2011-11-07,1534.15516161
2011-11-08,1523.65263563
2011-11-09,1511.68822587
2011-11-10,1496.05569536
2011-11-11,1473.36265314
2011-11-12,1460.08129261
2011-11-13,1452.24582053
2011-11-14,1446.02979292
2011-11-15,1437.59663071
2011-11-16,1436.07293615
2011-11-17,1437.62108222
2011-11-18,1438.13274229
2011-11-19,1437.8477722
2011-11-20,1434.03195236
2011-11-21,1429.00148476
2011-11-22,1423.34727418
2011-11-23,1418.19892766
2011-11-24,1414.72921535
2011-11-25,1416.86955684
2011-11-26,1419.78540533
2011-11-27,1420.48990166
2011-11-28,1420.19629134
2011-11-29,1419.55240941
2011-11-30,1419.16809122
2011-12-01,1418.09086242
2011-12-02,1417.69835796
2011-12-03,1416.14147268
2011-12-04,1416.8775312
2011-12-05,1417.02883204
2011-12-06,1421.14307533
2011-12-07,1426.28549976
2011-12-08,1432.01538367
2011-12-09,1438.15994425
2011-12-10,1444.22039098
2011-12-11,1453.37206589
2011-12-12,1458.47693836
2011-12-13,1466.66143844
2011-12-14,1475.99668208
2011-12-15,1485.95260798
2011-12-16,1489.64127383
2011-12-17,1494.20190643
2011-12-18,1495.93111153
2011-12-19,1497.59072883
2011-12-20,1504.96611721
2011-12-21,1512.02214357
2011-12-22,1520.5221226
2011-12-23,1526.2157288
2011-12-24,1532.24774545
2011-12-25,1535.8549175
2011-12-26,1543.47709409
2011-12-27,1550.55937178
2011-12-28,1560.07755593
2011-12-29,1570.5125755
2011-12-30,1577.48549587
2011-12-31,1585.9012579
2012-01-01,1601.11592353
2012-01-02,1618.779346
2012-01-03,1630.17817638
2012-01-04,1643.60889083
2012-01-05,1658.02913481
2012-01-06,1669.47552239
2012-01-07,1682.12219593
2012-01-08,1695.68143776
2012-01-09,1707.36468456
2012-01-10,1725.39348403
2012-01-11,1751.92561925
2012-01-12,1779.23032269
2012-01-13,1789.69565755
2012-01-14,1793.4964753
2012-01-15,1798.88924505
2012-01-16,1800.07776082
2012-01-17,1804.28967756
2012-01-18,1814.37642508
2012-01-19,1824.17686944
2012-01-20,1843.90192899
2012-01-21,1858.09550084
2012-01-22,1873.09231723
2012-01-23,1891.71209651
2012-01-24,1916.4609477
2012-01-25,1934.15286273
2012-01-26,1944.78211965
2012-01-27,1946.75448554
2012-01-28,1945.39824976
2012-01-29,1951.14187104
2012-01-30,1880.44631837
2012-01-31,1876.23662666
2012-02-01,1870.50727794
2012-02-02,1868.90827871
2012-02-03,1862.56998215
2012-02-04,1856.45288402
2012-02-05,1851.46948235
2012-02-06,1846.81962699
2012-02-07,1839.1868263
2012-02-08,1835.62816217
2012-02-09,1829.32920465
2012-02-10,1807.27226451
2012-02-11,1781.60022711
2012-02-12,1769.68354745
2012-02-13,1767.67905838
2012-02-14,1765.26664507
2012-02-15,1766.76812541
2012-02-16,1767.94197185
2012-02-17,1765.14346204
2012-02-18,1757.98458167
2012-02-19,1741.3597461
2012-02-20,1728.98089248
2012-02-21,1721.20756798
2012-02-22,1712.87078012
2012-02-23,1700.10370288
2012-02-24,1690.25470594
2012-02-25,1685.61662814
2012-02-26,1683.40997154
2012-02-27,1681.33144173
2012-02-28,1672.44648746
2012-02-29,1652.17111761
2012-03-01,1662.18259358
2012-03-02,1653.4741407
2012-03-03,1643.70218648
2012-03-04,1634.25887297
2012-03-05,1631.39393064
2012-03-06,1626.19271886
2012-03-07,1621.62372829
2012-03-08,1614.78467574
2012-03-09,1609.25465224
2012-03-10,1597.79414781
2012-03-11,1587.96521353
2012-03-12,1588.04508009
2012-03-13,1590.23891875
2012-03-14,1592.41429692
2012-03-15,1590.99209229
2012-03-16,1591.08833893
2012-03-17,1586.53131755
2012-03-18,1581.01885763
2012-03-19,1577.33567293
2012-03-20,1576.30996925
2012-03-21,1576.30147467
2012-03-22,1573.73082456
2012-03-23,1568.76453842
2012-03-24,1558.95435264
2012-03-25,1547.17728439
2012-03-26,1535.32702681
2012-03-27,1524.66101039
2012-03-28,1515.34077622
2012-03-29,1509.59303433
2012-03-30,1507.69108223
2012-03-31,1503.3309928
2012-04-01,1499.66053665
2012-04-02,1498.95141099
2012-04-03,1499.68574546
2012-04-04,1498.24067591
2012-04-05,1496.59660299
2012-04-06,1494.81965793
2012-04-07,1495.90079763
2012-04-08,1492.8919139
2012-04-09,1494.08852444
2012-04-10,1493.96398172
2012-04-11,1494.42304245
2012-04-12,1494.57644468
2012-04-13,1493.80474273
2012-04-14,1494.92734164
2012-04-15,1494.29449411
2012-04-16,1490.18172342
2012-04-17,1487.15567425
2012-04-18,1483.18712703
2012-04-19,1477.95031402
2012-04-20,1473.33495726
2012-04-21,1469.89032852
2012-04-22,1466.24121168
2012-04-23,1468.61611176
2012-04-24,1471.44288141
2012-04-25,1474.21584593
2012-04-26,1477.75164136
2012-04-27,1482.2489841
2012-04-28,1484.72136451
2012-04-29,1485.55813501
2012-04-30,1489.09395996
2012-05-01,1494.04604777
2012-05-02,1497.02686679
2012-05-03,1497.71169262
2012-05-04,1498.96329618
2012-05-05,1502.08727096
2012-05-06,1504.46080279
2012-05-07,1505.45064482
2012-05-08,1510.3966244
2012-05-09,1513.49476534
2012-05-10,1515.37080886
2012-05-11,1514.52679404
2012-05-12,1513.57949867
2012-05-13,1512.22756573
2012-05-14,1511.89279862
2012-05-15,1509.58306574
2012-05-16,1511.44389858
2012-05-17,1512.9372608
2012-05-18,1515.44893618
2012-05-19,1519.54468212
2012-05-20,1523.3656105
2012-05-21,1526.88064062
2012-05-22,1527.34335035
2012-05-23,1522.05969948
2012-05-24,1519.0723251
2012-05-25,1515.87866458
2012-05-26,1511.28336744
2012-05-27,1504.58237846
2012-05-28,1497.77527847
2012-05-29,1492.39306602
2012-05-30,1483.4910256
2012-05-31,1474.93594551
2012-06-01,1467.93278046
2012-06-02,1462.25576056
2012-06-03,1455.25592007
2012-06-04,1447.41570659
2012-06-05,1439.40338139
2012-06-06,1428.99780149
2012-06-07,1419.03864939
2012-06-08,1410.23195378
2012-06-09,1401.77439466
2012-06-10,1395.51822281
2012-06-11,1389.44910962
2012-06-12,1382.41610117
2012-06-13,1372.30238038
2012-06-14,1363.8018123
2012-06-15,1356.94331734
2012-06-16,1349.28791255
2012-06-17,1340.15343945
2012-06-18,1330.6021626
2012-06-19,1323.70382243
2012-06-20,1317.57476123
2012-06-21,1313.82548128
2012-06-22,1312.35598117
2012-06-23,1308.88929196
2012-06-24,1294.34541963
2012-06-25,1292.23551739
2012-06-26,1291.74550888
2012-06-27,1290.64448531
2012-06-28,1288.66232513
2012-06-29,1287.86223258
2012-06-30,1285.97265415
2012-07-01,1283.57531517
2012-07-02,1281.80517172
2012-07-03,1280.20289631
2012-07-04,1277.19879701
2012-07-05,1275.90872647
2012-07-06,1276.4006827
2012-07-07,1275.87994887
2012-07-08,1274.26581293
2012-07-09,1272.49450018
2012-07-10,1271.06260286
2012-07-11,1270.13045116
2012-07-12,1269.33232912
2012-07-13,1268.78284404
2012-07-14,1269.27004442
2012-07-15,1267.55011148
2012-07-16,1267.29439725
2012-07-17,1267.00097913
2012-07-18,1265.95458047
2012-07-19,1263.62127655
2012-07-20,1260.94961862
2012-07-21,1257.94329879
2012-07-22,1252.56989924
2012-07-23,1246.09204474
2012-07-24,1241.90564116
2012-07-25,1236.40247734
2012-07-26,1230.47066659
2012-07-27,1225.59470058
2012-07-28,1221.02660648
2012-07-29,1216.75701734
2012-07-30,1213.17254389
2012-07-31,1209.35542416
2012-08-01,1204.61308993
2012-08-02,1201.0079606
2012-08-03,1198.30597425
2012-08-04,1194.08167064
2012-08-05,1188.80719049
2012-08-06,1183.01521117
2012-08-07,1177.18346138
2012-08-08,1170.50213727
2012-08-09,1165.02068377
2012-08-10,1162.01492021
2012-08-11,1161.3400119
2012-08-12,1159.51141838
2012-08-13,1158.78587197
2012-08-14,1159.39924278
2012-08-15,1161.02184955
2012-08-16,1164.11806716
2012-08-17,1163.18748033
2012-08-18,1162.63537498
2012-08-19,1162.85219335
2012-08-20,1160.76231547
2012-08-21,1158.61211264
2012-08-22,1157.19187578
2012-08-23,1156.74688866
2012-08-24,1156.73703366
2012-08-25,1157.34945214
2012-08-26,1155.76387475
2012-08-27,1154.97012029
2012-08-28,1155.04361216
2012-08-29,1154.98279077
2012-08-30,1154.55734215
2012-08-31,1153.41604273
2012-09-01,1151.91795178
2012-09-02,1151.12095353
2012-09-03,1151.05926069
2012-09-04,1150.05579103
2012-09-05,1156.70792419
2012-09-06,1157.30180537
2012-09-07,1159.95706648
2012-09-08,1162.43350998
2012-09-09,1163.70511966
2012-09-10,1164.66675616
2012-09-11,1166.34287087
2012-09-12,1166.74416129
2012-09-13,1168.17423752
2012-09-14,1168.87080366
2012-09-15,1168.21673963
2012-09-16,1169.62391454
2012-09-17,1168.06684451
2012-09-18,1165.8526371
2012-09-19,1167.2129762
2012-09-20,1169.99025223
2012-09-21,1175.00790083
2012-09-22,1179.43530034
2012-09-23,1186.02260185
2012-09-24,1192.68367088
2012-09-25,1202.12092575
2012-09-26,1209.8241554
2012-09-27,1217.61238231
2012-09-28,1223.09524653
2012-09-29,1227.73777618
2012-09-30,1233.77462135
2012-10-01,1239.60007406
2012-10-02,1247.84523081
2012-10-03,1259.2424226
2012-10-04,1272.29447278
2012-10-05,1283.10282635
2012-10-06,1301.11774517
2012-10-07,1317.87950629
2012-10-08,1334.84840398
2012-10-09,1350.62559274
2012-10-10,1367.03457259
2012-10-11,1390.06282818
2012-10-12,1415.63373304
2012-10-13,1434.57039466
2012-10-14,1445.95397027
2012-10-15,1456.37076926
2012-10-16,1468.84020087
2012-10-17,1479.16930902
2012-10-18,1487.5131322
2012-10-19,1496.41143148
2012-10-20,1504.71363905
2012-10-21,1513.14614569
2012-10-22,1521.46888574
2012-10-23,1528.66633301
2012-10-24,1535.53218637
2012-10-25,1539.25884888
2012-10-26,1539.60931805
2012-10-27,1538.63259925
2012-10-28,1541.95172887
2012-10-29,1548.8241736
2012-10-30,1554.9192372
2012-10-31,1561.27548214
2012-11-01,1564.16236028
2012-11-02,1564.47005539
2012-11-03,1564.82487897
2012-11-04,1560.28665883
2012-11-05,1554.6225773
2012-11-06,1544.74884948
2012-11-07,1534.15516161
2012-11-08,1523.65263563
2012-11-09,1511.68822587
2012-11-10,1496.05569536
2012-11-11,1473.36265314
2012-11-12,1460.08129261
2012-11-13,1452.24582053
2012-11-14,1446.02979292
2012-11-15,1437.59663071
2012-11-16,1436.07293615
2012-11-17,1437.62108222
2012-11-18,1438.13274229
2012-11-19,1437.8477722
2012-11-20,1434.03195236
2012-11-21,1429.00148476
2012-11-22,1423.34727418
2012-11-23,1418.19892766
2012-11-24,1414.72921535
2012-11-25,1416.86955684
2012-11-26,1419.78540533
2012-11-27,1420.48990166
2012-11-28,1420.19629134
2012-11-29,1419.55240941
2012-11-30,1419.16809122
2012-12-01,1418.09086242
2012-12-02,1417.69835796
2012-12-03,1416.14147268
2012-12-04,1416.8775312
2012-12-05,1417.02883204
2012-12-06,1421.14307533
2012-12-07,1426.28549976
2012-12-08,1432.01538367
2012-12-09,1438.15994425
2012-12-10,1444.22039098
2012-12-11,1453.37206589
2012-12-12,1458.47693836
2012-12-13,1466.66143844
2012-12-14,1475.99668208
2012-12-15,1485.95260798
2012-12-16,1489.64127383
2012-12-17,1494.20190643
2012-12-18,1495.93111153
2012-12-19,1497.59072883
2012-12-20,1504.96611721
2012-12-21,1512.02214357
2012-12-22,1520.5221226
2012-12-23,1526.2157288
2012-12-24,1532.24774545
2012-12-25,1535.8549175
2012-12-26,1543.47709409
2012-12-27,1550.55937178
2012-12-28,1560.07755593
2012-12-29,1570.5125755
2012-12-30,1577.48549587
2012-12-31,1585.9012579
2013-01-01,1601.11592353
2013-01-02,1618.779346
2013-01-03,1630.17817638
2013-01-04,1643.60889083
2013-01-05,1658.02913481
2013-01-06,1669.47552239
2013-01-07,1682.12219593
2013-01-08,1695.68143776
2013-01-09,1707.36468456
2013-01-10,1725.39348403
2013-01-11,1751.92561925
2013-01-12,1779.23032269
2013-01-13,1789.69565755
2013-01-14,1793.4964753
2013-01-15,1798.88924505
2013-01-16,1800.07776082
2013-01-17,1804.28967756
2013-01-18,1814.37642508
2013-01-19,1824.17686944
2013-01-20,1843.90192899
2013-01-21,1858.09550084
2013-01-22,1873.09231723
2013-01-23,1891.71209651
2013-01-24,1916.4609477
2013-01-25,1934.15286273
2013-01-26,1944.78211965
2013-01-27,1946.75448554
2013-01-28,1945.39824976
2013-01-29,1951.14187104
2013-01-30,1880.44631837
2013-01-31,1876.23662666
2013-02-01,1870.50727794
2013-02-02,1868.90827871
2013-02-03,1862.56998215
2013-02-04,1856.45288402
2013-02-05,1851.46948235
2013-02-06,1846.81962699
2013-02-07,1839.1868263
2013-02-08,1835.62816217
2013-02-09,1829.32920465
2013-02-10,1807.27226451
2013-02-11,1781.60022711
2013-02-12,1769.68354745
2013-02-13,1767.67905838
2013-02-14,1765.26664507
2013-02-15,1766.76812541
2013-02-16,1767.94197185
2013-02-17,1765.14346204
2013-02-18,1757.98458167
2013-02-19,1741.3597461
2013-02-20,1728.98089248
2013-02-21,1721.20756798
2013-02-22,1712.87078012
2013-02-23,1700.10370288
2013-02-24,1690.25470594
2013-02-25,1685.61662814
2013-02-26,1683.40997154
2013-02-27,1681.33144173
2013-02-28,1672.44648746
2013-03-01,1662.18259358
2013-03-02,1653.4741407
2013-03-03,1643.70218648
2013-03-04,1634.25887297
2013-03-05,1631.39393064
2013-03-06,1626.19271886
2013-03-07,1621.62372829
2013-03-08,1614.78467574
2013-03-09,1609.25465224
2013-03-10,1597.79414781
2013-03-11,1587.96521353
2013-03-12,1588.04508009
2013-03-13,1590.23891875
2013-03-14,1592.41429692
2013-03-15,1590.99209229
2013-03-16,1591.08833893
2013-03-17,1586.53131755
2013-03-18,1581.01885763
2013-03-19,1577.33567293
2013-03-20,1576.30996925
2013-03-21,1576.30147467
2013-03-22,1573.73082456
2013-03-23,1568.76453842
2013-03-24,1558.95435264
2013-03-25,1547.17728439
2013-03-26,1535.32702681
2013-03-27,1524.66101039
2013-03-28,1515.34077622
2013-03-29,1509.59303433
2013-03-30,1507.69108223
2013-03-31,1503.3309928
2013-04-01,1499.66053665
2013-04-02,1498.95141099
2013-04-03,1499.68574546
2013-04-04,1498.24067591
2013-04-05,1496.59660299
2013-04-06,1494.81965793
2013-04-07,1495.90079763
2013-04-08,1492.8919139
2013-04-09,1494.08852444
2013-04-10,1493.96398172
2013-04-11,1494.42304245
2013-04-12,1494.57644468
2013-04-13,1493.80474273
2013-04-14,1494.92734164
2013-04-15,1494.29449411
2013-04-16,1490.18172342
2013-04-17,1487.15567425
2013-04-18,1483.18712703
2013-04-19,1477.95031402
2013-04-20,1473.33495726
2013-04-21,1469.89032852
2013-04-22,1466.24121168
2013-04-23,1468.61611176
2013-04-24,1471.44288141
2013-04-25,1474.21584593
2013-04-26,1477.75164136
2013-04-27,1482.2489841
2013-04-28,1484.72136451
2013-04-29,1485.55813501
2013-04-30,1489.09395996
2013-05-01,1494.04604777
2013-05-02,1497.02686679
2013-05-03,1497.71169262
2013-05-04,1498.96329618
2013-05-05,1502.08727096
2013-05-06,1504.46080279
2013-05-07,1505.45064482
2013-05-08,1510.3966244
2013-05-09,1513.49476534
2013-05-10,1515.37080886
2013-05-11,1514.52679404
2013-05-12,1513.57949867
2013-05-13,1512.22756573
2013-05-14,1511.89279862
2013-05-15,1509.58306574
2013-05-16,1511.44389858
2013-05-17,1512.9372608
2013-05-18,1515.44893618
2013-05-19,1519.54468212
2013-05-20,1523.3656105
2013-05-21,1526.88064062
2013-05-22,1527.34335035
2013-05-23,1522.05969948
2013-05-24,1519.0723251
2013-05-25,1515.87866458
2013-05-26,1511.28336744
2013-05-27,1504.58237846
2013-05-28,1497.77527847
2013-05-29,1492.39306602
2013-05-30,1483.4910256
2013-05-31,1474.93594551
2013-06-01,1467.93278046
2013-06-02,1462.25576056
2013-06-03,1455.25592007
2013-06-04,1447.41570659
2013-06-05,1439.40338139
2013-06-06,1428.99780149
2013-06-07,1419.03864939
2013-06-08,1410.23195378
2013-06-09,1401.77439466
2013-06-10,1395.51822281
2013-06-11,1389.44910962
2013-06-12,1382.41610117
2013-06-13,1372.30238038
2013-06-14,1363.8018123
2013-06-15,1356.94331734
2013-06-16,1349.28791255
2013-06-17,1340.15343945
2013-06-18,1330.6021626
2013-06-19,1323.70382243
2013-06-20,1317.57476123
2013-06-21,1313.82548128
2013-06-22,1312.35598117
2013-06-23,1308.88929196
2013-06-24,1294.34541963
2013-06-25,1292.23551739
2013-06-26,1291.74550888
2013-06-27,1290.64448531
2013-06-28,1288.66232513
2013-06-29,1287.86223258
2013-06-30,1285.97265415
2013-07-01,1283.57531517
2013-07-02,1281.80517172
2013-07-03,1280.20289631
2013-07-04,1277.19879701
2013-07-05,1275.90872647
2013-07-06,1276.4006827
2013-07-07,1275.87994887
2013-07-08,1274.26581293
2013-07-09,1272.49450018
2013-07-10,1271.06260286
2013-07-11,1270.13045116
2013-07-12,1269.33232912
2013-07-13,1268.78284404
2013-07-14,1269.27004442
2013-07-15,1267.55011148
2013-07-16,1267.29439725
2013-07-17,1267.00097913
2013-07-18,1265.95458047
2013-07-19,1263.62127655
2013-07-20,1260.94961862
2013-07-21,1257.94329879
2013-07-22,1252.56989924
2013-07-23,1246.09204474
2013-07-24,1241.90564116
2013-07-25,1236.40247734
2013-07-26,1230.47066659
2013-07-27,1225.59470058
2013-07-28,1221.02660648
2013-07-29,1216.75701734
2013-07-30,1213.17254389
2013-07-31,1209.35542416
2013-08-01,1204.61308993
2013-08-02,1201.0079606
2013-08-03,1198.30597425
2013-08-04,1194.08167064
2013-08-05,1188.80719049
2013-08-06,1183.01521117
2013-08-07,1177.18346138
2013-08-08,1170.50213727
2013-08-09,1165.02068377
2013-08-10,1162.01492021
2013-08-11,1161.3400119
2013-08-12,1159.51141838
2013-08-13,1158.78587197
2013-08-14,1159.39924278
2013-08-15,1161.02184955
2013-08-16,1164.11806716
2013-08-17,1163.18748033
2013-08-18,1162.63537498
2013-08-19,1162.85219335
2013-08-20,1160.76231547
2013-08-21,1158.61211264
2013-08-22,1157.19187578
2013-08-23,1156.74688866
2013-08-24,1156.73703366
2013-08-25,1157.34945214
2013-08-26,1155.76387475
2013-08-27,1154.97012029
2013-08-28,1155.04361216
2013-08-29,1154.98279077
2013-08-30,1154.55734215
2013-08-31,1153.41604273
2013-09-01,1151.91795178
2013-09-02,1151.12095353
2013-09-03,1151.05926069
2013-09-04,1150.05579103
2013-09-05,1156.70792419
2013-09-06,1157.30180537
2013-09-07,1159.95706648
2013-09-08,1162.43350998
2013-09-09,1163.70511966
2013-09-10,1164.66675616
2013-09-11,1166.34287087
2013-09-12,1166.74416129
2013-09-13,1168.17423752
2013-09-14,1168.87080366
2013-09-15,1168.21673963
2013-09-16,1169.62391454
2013-09-17,1168.06684451
2013-09-18,1165.8526371
2013-09-19,1167.2129762
2013-09-20,1169.99025223
2013-09-21,1175.00790083
2013-09-22,1179.43530034
2013-09-23,1186.02260185
2013-09-24,1192.68367088
2013-09-25,1202.12092575
2013-09-26,1209.8241554
2013-09-27,1217.61238231
2013-09-28,1223.09524653
2013-09-29,1227.73777618
2013-09-30,1233.77462135
2013-10-01,1239.60007406
2013-10-02,1247.84523081
2013-10-03,1259.2424226
2013-10-04,1272.29447278
2013-10-05,1283.10282635
2013-10-06,1301.11774517
2013-10-07,1317.87950629
2013-10-08,1334.84840398
2013-10-09,1350.62559274
2013-10-10,1367.03457259
2013-10-11,1390.06282818
2013-10-12,1415.63373304
2013-10-13,1434.57039466
2013-10-14,1445.95397027
2013-10-15,1456.37076926
2013-10-16,1468.84020087
2013-10-17,1479.16930902
2013-10-18,1487.5131322
2013-10-19,1496.41143148
2013-10-20,1504.71363905
2013-10-21,1513.14614569
2013-10-22,1521.46888574
2013-10-23,1528.66633301
2013-10-24,1535.53218637
2013-10-25,1539.25884888
2013-10-26,1539.60931805
2013-10-27,1538.63259925
2013-10-28,1541.95172887
2013-10-29,1548.8241736
2013-10-30,1554.9192372
2013-10-31,1561.27548214
2013-11-01,1564.16236028
2013-11-02,1564.47005539
2013-11-03,1564.82487897
2013-11-04,1560.28665883
2013-11-05,1554.6225773
2013-11-06,1544.74884948
2013-11-07,1534.15516161
2013-11-08,1523.65263563
2013-11-09,1511.68822587
2013-11-10,1496.05569536
2013-11-11,1473.36265314
2013-11-12,1460.08129261
2013-11-13,1452.24582053
2013-11-14,1446.02979292
2013-11-15,1437.59663071
2013-11-16,1436.07293615
2013-11-17,1437.62108222
2013-11-18,1438.13274229
2013-11-19,1437.8477722
2013-11-20,1434.03195236
2013-11-21,1429.00148476
2013-11-22,1423.34727418
2013-11-23,1418.19892766
2013-11-24,1414.72921535
2013-11-25,1416.86955684
2013-11-26,1419.78540533
2013-11-27,1420.48990166
2013-11-28,1420.19629134
2013-11-29,1419.55240941
2013-11-30,1419.16809122
2013-12-01,1418.09086242
2013-12-02,1417.69835796
2013-12-03,1416.14147268
2013-12-04,1416.8775312
2013-12-05,1417.02883204
2013-12-06,1421.14307533
2013-12-07,1426.28549976
2013-12-08,1432.01538367
2013-12-09,1438.15994425
2013-12-10,1444.22039098
2013-12-11,1453.37206589
2013-12-12,1458.47693836
2013-12-13,1466.66143844
2013-12-14,1475.99668208
2013-12-15,1485.95260798
2013-12-16,1489.64127383
2013-12-17,1494.20190643
2013-12-18,1495.93111153
2013-12-19,1497.59072883
2013-12-20,1504.96611721
2013-12-21,1512.02214357
2013-12-22,1520.5221226
2013-12-23,1526.2157288
2013-12-24,1532.24774545
2013-12-25,1535.8549175
2013-12-26,1543.47709409
2013-12-27,1550.55937178
2013-12-28,1560.07755593
2013-12-29,1570.5125755
2013-12-30,1577.48549587
2013-12-31,1585.9012579
2014-01-01,1601.11592353
2014-01-02,1618.779346
2014-01-03,1630.17817638
2014-01-04,1643.60889083
2014-01-05,1658.02913481
2014-01-06,1669.47552239
2014-01-07,1682.12219593
2014-01-08,1695.68143776
2014-01-09,1707.36468456
2014-01-10,1725.39348403
2014-01-11,1751.92561925
2014-01-12,1779.23032269
2014-01-13,1789.69565755
2014-01-14,1793.4964753
2014-01-15,1798.88924505
2014-01-16,1800.07776082
2014-01-17,1804.28967756
2014-01-18,1814.37642508
2014-01-19,1824.17686944
2014-01-20,1843.90192899
2014-01-21,1858.09550084
2014-01-22,1873.09231723
2014-01-23,1891.71209651
2014-01-24,1916.4609477
2014-01-25,1934.15286273
2014-01-26,1944.78211965
2014-01-27,1946.75448554
2014-01-28,1945.39824976
2014-01-29,1951.14187104
2014-01-30,1880.44631837
2014-01-31,1876.23662666
2014-02-01,1870.50727794
2014-02-02,1868.90827871
2014-02-03,1862.56998215
2014-02-04,1856.45288402
2014-02-05,1851.46948235
2014-02-06,1846.81962699
2014-02-07,1839.1868263
2014-02-08,1835.62816217
2014-02-09,1829.32920465
2014-02-10,1807.27226451
2014-02-11,1781.60022711
2014-02-12,1769.68354745
2014-02-13,1767.67905838
2014-02-14,1765.26664507
2014-02-15,1766.76812541
2014-02-16,1767.94197185
2014-02-17,1765.14346204
2014-02-18,1757.98458167
2014-02-19,1741.3597461
2014-02-20,1728.98089248
2014-02-21,1721.20756798
2014-02-22,1712.87078012
2014-02-23,1700.10370288
2014-02-24,1690.25470594
2014-02-25,1685.61662814
2014-02-26,1683.40997154
2014-02-27,1681.33144173
2014-02-28,1672.44648746
2014-03-01,1662.18259358
2014-03-02,1653.4741407
2014-03-03,1643.70218648
2014-03-04,1634.25887297
2014-03-05,1631.39393064
2014-03-06,1626.19271886
2014-03-07,1621.62372829
2014-03-08,1614.78467574
2014-03-09,1609.25465224
2014-03-10,1597.79414781
2014-03-11,1587.96521353
2014-03-12,1588.04508009
2014-03-13,1590.23891875
2014-03-14,1592.41429692
2014-03-15,1590.99209229
2014-03-16,1591.08833893
2014-03-17,1586.53131755
2014-03-18,1581.01885763
2014-03-19,1577.33567293
2014-03-20,1576.30996925
2014-03-21,1576.30147467
2014-03-22,1573.73082456
2014-03-23,1568.76453842
2014-03-24,1558.95435264
2014-03-25,1547.17728439
2014-03-26,1535.32702681
2014-03-27,1524.66101039
2014-03-28,1515.34077622
2014-03-29,1509.59303433
2014-03-30,1507.69108223
2014-03-31,1503.3309928
2014-04-01,1499.66053665
2014-04-02,1498.95141099
2014-04-03,1499.68574546
2014-04-04,1498.24067591
2014-04-05,1496.59660299
2014-04-06,1494.81965793
2014-04-07,1495.90079763
2014-04-08,1492.8919139
2014-04-09,1494.08852444
2014-04-10,1493.96398172
2014-04-11,1494.42304245
2014-04-12,1494.57644468
2014-04-13,1493.80474273
2014-04-14,1494.92734164
2014-04-15,1494.29449411
2014-04-16,1490.18172342
2014-04-17,1487.15567425
2014-04-18,1483.18712703
2014-04-19,1477.95031402
2014-04-20,1473.33495726
2014-04-21,1469.89032852
2014-04-22,1466.24121168
2014-04-23,1468.61611176
2014-04-24,1471.44288141
2014-04-25,1474.21584593
2014-04-26,1477.75164136
2014-04-27,1482.2489841
2014-04-28,1484.72136451
2014-04-29,1485.55813501
2014-04-30,1489.09395996
2014-05-01,1494.04604777
2014-05-02,1497.02686679
2014-05-03,1497.71169262
2014-05-04,1498.96329618
2014-05-05,1502.08727096
2014-05-06,1504.46080279
2014-05-07,1505.45064482
2014-05-08,1510.3966244
2014-05-09,1513.49476534
2014-05-10,1515.37080886
2014-05-11,1514.52679404
2014-05-12,1513.57949867
2014-05-13,1512.22756573
2014-05-14,1511.89279862
2014-05-15,1509.58306574
2014-05-16,1511.44389858
2014-05-17,1512.9372608
2014-05-18,1515.44893618
2014-05-19,1519.54468212
2014-05-20,1523.3656105
2014-05-21,1526.88064062
2014-05-22,1527.34335035
2014-05-23,1522.05969948
2014-05-24,1519.0723251
2014-05-25,1515.87866458
2014-05-26,1511.28336744
2014-05-27,1504.58237846
2014-05-28,1497.77527847
2014-05-29,1492.39306602
2014-05-30,1483.4910256
2014-05-31,1474.93594551
2014-06-01,1467.93278046
2014-06-02,1462.25576056
2014-06-03,1455.25592007
2014-06-04,1447.41570659
2014-06-05,1439.40338139
2014-06-06,1428.99780149
2014-06-07,1419.03864939
2014-06-08,1410.23195378
2014-06-09,1401.77439466
2014-06-10,1395.51822281
2014-06-11,1389.44910962
2014-06-12,1382.41610117
2014-06-13,1372.30238038
2014-06-14,1363.8018123
2014-06-15,1356.94331734
2014-06-16,1349.28791255
2014-06-17,1340.15343945
2014-06-18,1330.6021626
2014-06-19,1323.70382243
2014-06-20,1317.57476123
2014-06-21,1313.82548128
2014-06-22,1312.35598117
2014-06-23,1308.88929196
2014-06-24,1294.34541963
2014-06-25,1292.23551739
2014-06-26,1291.74550888
2014-06-27,1290.64448531
2014-06-28,1288.66232513
2014-06-29,1287.86223258
2014-06-30,1285.97265415
2014-07-01,1283.57531517
2014-07-02,1281.80517172
2014-07-03,1280.20289631
2014-07-04,1277.19879701
2014-07-05,1275.90872647
2014-07-06,1276.4006827
2014-07-07,1275.87994887
2014-07-08,1274.26581293
2014-07-09,1272.49450018
2014-07-10,1271.06260286
2014-07-11,1270.13045116
2014-07-12,1269.33232912
2014-07-13,1268.78284404
2014-07-14,1269.27004442
2014-07-15,1267.55011148
2014-07-16,1267.29439725
2014-07-17,1267.00097913
2014-07-18,1265.95458047
2014-07-19,1263.62127655
2014-07-20,1260.94961862
2014-07-21,1257.94329879
2014-07-22,1252.56989924
2014-07-23,1246.09204474
2014-07-24,1241.90564116
2014-07-25,1236.40247734
2014-07-26,1230.47066659
2014-07-27,1225.59470058
2014-07-28,1221.02660648
2014-07-29,1216.75701734
2014-07-30,1213.17254389
2014-07-31,1209.35542416
2014-08-01,1204.61308993
2014-08-02,1201.0079606
2014-08-03,1198.30597425
2014-08-04,1194.08167064
2014-08-05,1188.80719049
2014-08-06,1183.01521117
2014-08-07,1177.18346138
2014-08-08,1170.50213727
2014-08-09,1165.02068377
2014-08-10,1162.01492021
2014-08-11,1161.3400119
2014-08-12,1159.51141838
2014-08-13,1158.78587197
2014-08-14,1159.39924278
2014-08-15,1161.02184955
2014-08-16,1164.11806716
2014-08-17,1163.18748033
2014-08-18,1162.63537498
2014-08-19,1162.85219335
2014-08-20,1160.76231547
2014-08-21,1158.61211264
2014-08-22,1157.19187578
2014-08-23,1156.74688866
2014-08-24,1156.73703366
2014-08-25,1157.34945214
2014-08-26,1155.76387475
2014-08-27,1154.97012029
2014-08-28,1155.04361216
2014-08-29,1154.98279077
2014-08-30,1154.55734215
2014-08-31,1153.41604273
2014-09-01,1151.91795178
2014-09-02,1151.12095353
2014-09-03,1151.05926069
2014-09-04,1150.05579103
2014-09-05,1156.70792419
2014-09-06,1157.30180537
2014-09-07,1159.95706648
2014-09-08,1162.43350998
2014-09-09,1163.70511966
2014-09-10,1164.66675616
2014-09-11,1166.34287087
2014-09-12,1166.74416129
2014-09-13,1168.17423752
2014-09-14,1168.87080366
2014-09-15,1168.21673963
2014-09-16,1169.62391454
2014-09-17,1168.06684451
2014-09-18,1165.8526371
2014-09-19,1167.2129762
2014-09-20,1169.99025223
2014-09-21,1175.00790083
2014-09-22,1179.43530034
2014-09-23,1186.02260185
2014-09-24,1192.68367088
2014-09-25,1202.12092575
2014-09-26,1209.8241554
2014-09-27,1217.61238231
2014-09-28,1223.09524653
2014-09-29,1227.73777618
2014-09-30,1233.77462135
2014-10-01,1239.60007406
2014-10-02,1247.84523081
2014-10-03,1259.2424226
2014-10-04,1272.29447278
2014-10-05,1283.10282635
2014-10-06,1301.11774517
2014-10-07,1317.87950629
2014-10-08,1334.84840398
2014-10-09,1350.62559274
2014-10-10,1367.03457259
2014-10-11,1390.06282818
2014-10-12,1415.63373304
2014-10-13,1434.57039466
2014-10-14,1445.95397027
2014-10-15,1456.37076926
2014-10-16,1468.84020087
2014-10-17,1479.16930902
2014-10-18,1487.5131322
2014-10-19,1496.41143148
2014-10-20,1504.71363905
2014-10-21,1513.14614569
2014-10-22,1521.46888574
2014-10-23,1528.66633301
2014-10-24,1535.53218637
2014-10-25,1539.25884888
2014-10-26,1539.60931805
2014-10-27,1538.63259925
2014-10-28,1541.95172887
2014-10-29,1548.8241736
2014-10-30,1554.9192372
2014-10-31,1561.27548214
2014-11-01,1564.16236028
2014-11-02,1564.47005539
2014-11-03,1564.82487897
2014-11-04,1560.28665883
2014-11-05,1554.6225773
2014-11-06,1544.74884948
2014-11-07,1534.15516161
2014-11-08,1523.65263563
2014-11-09,1511.68822587
2014-11-10,1496.05569536
2014-11-11,1473.36265314
2014-11-12,1460.08129261
2014-11-13,1452.24582053
2014-11-14,1446.02979292
2014-11-15,1437.59663071
2014-11-16,1436.07293615
2014-11-17,1437.62108222
2014-11-18,1438.13274229
2014-11-19,1437.8477722
2014-11-20,1434.03195236
2014-11-21,1429.00148476
2014-11-22,1423.34727418
2014-11-23,1418.19892766
2014-11-24,1414.72921535
2014-11-25,1416.86955684
2014-11-26,1419.78540533
2014-11-27,1420.48990166
2014-11-28,1420.19629134
2014-11-29,1419.55240941
2014-11-30,1419.16809122
2014-12-01,1418.09086242
2014-12-02,1417.69835796
2014-12-03,1416.14147268
2014-12-04,1416.8775312
2014-12-05,1417.02883204
2014-12-06,1421.14307533
2014-12-07,1426.28549976
2014-12-08,1432.01538367
2014-12-09,1438.15994425
2014-12-10,1444.22039098
2014-12-11,1453.37206589
2014-12-12,1458.47693836
2014-12-13,1466.66143844
2014-12-14,1475.99668208
2014-12-15,1485.95260798
2014-12-16,1489.64127383
2014-12-17,1494.20190643
2014-12-18,1495.93111153
2014-12-19,1497.59072883
2014-12-20,1504.96611721
2014-12-21,1512.02214357
2014-12-22,1520.5221226
2014-12-23,1526.2157288
2014-12-24,1532.24774545
2014-12-25,1535.8549175
2014-12-26,1543.47709409
2014-12-27,1550.55937178
2014-12-28,1560.07755593
2014-12-29,1570.5125755
2014-12-30,1577.48549587
2014-12-31,1585.9012579
2015-01-01,1601.11592353
2015-01-02,1618.779346
2015-01-03,1630.17817638
2015-01-04,1643.60889083
2015-01-05,1658.02913481
2015-01-06,1669.47552239
2015-01-07,1682.12219593
2015-01-08,1695.68143776
2015-01-09,1707.36468456
2015-01-10,1725.39348403
2015-01-11,1751.92561925
2015-01-12,1779.23032269
2015-01-13,1789.69565755
2015-01-14,1793.4964753
2015-01-15,1798.88924505
2015-01-16,1800.07776082
2015-01-17,1804.28967756
2015-01-18,1814.37642508
2015-01-19,1824.17686944
2015-01-20,1843.90192899
2015-01-21,1858.09550084
2015-01-22,1873.09231723
2015-01-23,1891.71209651
2015-01-24,1916.4609477
2015-01-25,1934.15286273
2015-01-26,1944.78211965
2015-01-27,1946.75448554
2015-01-28,1945.39824976
2015-01-29,1951.14187104
2015-01-30,1880.44631837
2015-01-31,1876.23662666
2015-02-01,1870.50727794
2015-02-02,1868.90827871
2015-02-03,1862.56998215
2015-02-04,1856.45288402
2015-02-05,1851.46948235
2015-02-06,1846.81962699
2015-02-07,1839.1868263
2015-02-08,1835.62816217
2015-02-09,1829.32920465
2015-02-10,1807.27226451
2015-02-11,1781.60022711
2015-02-12,1769.68354745
2015-02-13,1767.67905838
2015-02-14,1765.26664507
2015-02-15,1766.76812541
2015-02-16,1767.94197185
2015-02-17,1765.14346204
2015-02-18,1757.98458167
2015-02-19,1741.3597461
2015-02-20,1728.98089248
2015-02-21,1721.20756798
2015-02-22,1712.87078012
2015-02-23,1700.10370288
2015-02-24,1690.25470594
2015-02-25,1685.61662814
2015-02-26,1683.40997154
2015-02-27,1681.33144173
2015-02-28,1672.44648746
2015-03-01,1662.18259358
2015-03-02,1653.4741407
2015-03-03,1643.70218648
2015-03-04,1634.25887297
2015-03-05,1631.39393064
2015-03-06,1626.19271886
2015-03-07,1621.62372829
2015-03-08,1614.78467574
2015-03-09,1609.25465224
2015-03-10,1597.79414781
2015-03-11,1587.96521353
2015-03-12,1588.04508009
2015-03-13,1590.23891875
2015-03-14,1592.41429692
2015-03-15,1590.99209229
2015-03-16,1591.08833893
2015-03-17,1586.53131755
2015-03-18,1581.01885763
2015-03-19,1577.33567293
2015-03-20,1576.30996925
2015-03-21,1576.30147467
2015-03-22,1573.73082456
2015-03-23,1568.76453842
2015-03-24,1558.95435264
2015-03-25,1547.17728439
2015-03-26,1535.32702681
2015-03-27,1524.66101039
2015-03-28,1515.34077622
2015-03-29,1509.59303433
2015-03-30,1507.69108223
2015-03-31,1503.3309928
2015-04-01,1499.66053665
2015-04-02,1498.95141099
2015-04-03,1499.68574546
2015-04-04,1498.24067591
2015-04-05,1496.59660299
2015-04-06,1494.81965793
2015-04-07,1495.90079763
2015-04-08,1492.8919139
2015-04-09,1494.08852444
2015-04-10,1493.96398172
2015-04-11,1494.42304245
2015-04-12,1494.57644468
2015-04-13,1493.80474273
2015-04-14,1494.92734164
2015-04-15,1494.29449411
2015-04-16,1490.18172342
2015-04-17,1487.15567425
2015-04-18,1483.18712703
2015-04-19,1477.95031402
2015-04-20,1473.33495726
2015-04-21,1469.89032852
2015-04-22,1466.24121168
2015-04-23,1468.61611176
2015-04-24,1471.44288141
2015-04-25,1474.21584593
2015-04-26,1477.75164136
2015-04-27,1482.2489841
2015-04-28,1484.72136451
2015-04-29,1485.55813501
2015-04-30,1489.09395996
2015-05-01,1494.04604777
2015-05-02,1497.02686679
2015-05-03,1497.71169262
2015-05-04,1498.96329618
2015-05-05,1502.08727096
2015-05-06,1504.46080279
2015-05-07,1505.45064482
2015-05-08,1510.3966244
2015-05-09,1513.49476534
2015-05-10,1515.37080886
2015-05-11,1514.52679404
2015-05-12,1513.57949867
2015-05-13,1512.22756573
2015-05-14,1511.89279862
2015-05-15,1509.58306574
2015-05-16,1511.44389858
2015-05-17,1512.9372608
2015-05-18,1515.44893618
2015-05-19,1519.54468212
2015-05-20,1523.3656105
2015-05-21,1526.88064062
2015-05-22,1527.34335035
2015-05-23,1522.05969948
2015-05-24,1519.0723251
2015-05-25,1515.87866458
2015-05-26,1511.28336744
2015-05-27,1504.58237846
2015-05-28,1497.77527847
2015-05-29,1492.39306602
2015-05-30,1483.4910256
2015-05-31,1474.93594551
2015-06-01,1467.93278046
2015-06-02,1462.25576056
2015-06-03,1455.25592007
2015-06-04,1447.41570659
2015-06-05,1439.40338139
2015-06-06,1428.99780149
2015-06-07,1419.03864939
2015-06-08,1410.23195378
2015-06-09,1401.77439466
2015-06-10,1395.51822281
2015-06-11,1389.44910962
2015-06-12,1382.41610117
2015-06-13,1372.30238038
2015-06-14,1363.8018123
2015-06-15,1356.94331734
2015-06-16,1349.28791255
2015-06-17,1340.15343945
2015-06-18,1330.6021626
2015-06-19,1323.70382243
2015-06-20,1317.57476123
2015-06-21,1313.82548128
2015-06-22,1312.35598117
2015-06-23,1308.88929196
