2006-01-01,
2006-01-02,
2006-01-03,
2006-01-04,
2006-01-05,
2006-01-06,
2006-01-07,1042.85714286
2006-01-08,1050.79365079
2006-01-09,1058.73015873
2006-01-10,1066.66666667
2006-01-11,1066.66666667
2006-01-12,1066.66666667
2006-01-13,1066.66666667
2006-01-14,1066.66666667
2006-01-15,1066.66666667
2006-01-16,1066.66666667
2006-01-17,1066.66666667
2006-01-18,1066.66666667
2006-01-19,1066.66666667
2006-01-20,1066.66666667
2006-01-21,1065.43209877
2006-01-22,1061.9047619
2006-01-23,1057.14285714
2006-01-24,1044.44444444
2006-01-25,1031.74603175
2006-01-26,1019.04761905
2006-01-27,1006.34920635
2006-01-28,994.885361552
2006-01-29,985.714285714
2006-01-30,977.777777778
2006-01-31,977.777777778
2006-02-01,977.777777778
2006-02-02,977.777777778
2006-02-03,977.777777778
2006-02-04,975.720164609
2006-02-05,969.841269841
2006-02-06,961.904761905
2006-02-07,955.555555556
2006-02-08,933.333333333
2006-02-09,911.111111111
2006-02-10,888.888888889
2006-02-11,868.724279835
2006-02-12,852.380952381
2006-02-13,838.095238095
2006-02-14,822.222222222
2006-02-15,825.396825397
2006-02-16,828.571428571
2006-02-17,831.746031746
2006-02-18,834.920634921
2006-02-19,838.095238095
2006-02-20,841.26984127
2006-02-21,844.444444444
2006-02-22,844.444444444
2006-02-23,844.444444444
2006-02-24,844.444444444
2006-02-25,842.798353909
2006-02-26,838.095238095
2006-02-27,831.746031746
2006-02-28,825.396825397
2006-03-01,819.047619048
2006-03-02,820.634920635
2006-03-03,814.285714286
2006-03-04,809.582598471
2006-03-05,807.936507937
2006-03-06,807.936507937
2006-03-07,807.936507937
2006-03-08,807.936507937
2006-03-09,792.063492063
2006-03-10,784.126984127
2006-03-11,776.19047619
2006-03-12,768.253968254
2006-03-13,760.317460317
2006-03-14,752.380952381
2006-03-15,743.650793651
2006-03-16,742.063492063
2006-03-17,740.476190476
2006-03-18,738.888888889
2006-03-19,737.301587302
2006-03-20,735.714285714
2006-03-21,734.126984127
2006-03-22,733.333333333
2006-03-23,733.333333333
2006-03-24,733.333333333
2006-03-25,733.333333333
2006-03-26,733.333333333
2006-03-27,733.333333333
2006-03-28,733.333333333
2006-03-29,733.333333333
2006-03-30,733.333333333
2006-03-31,733.333333333
2006-04-01,735.390946502
2006-04-02,741.26984127
2006-04-03,749.206349206
2006-04-04,758.73015873
2006-04-05,760.317460317
2006-04-06,765.873015873
2006-04-07,775.396825397
2006-04-08,782.863021752
2006-04-09,786.507936508
2006-04-10,788.095238095
2006-04-11,788.095238095
2006-04-12,796.031746032
2006-04-13,792.063492063
2006-04-14,784.126984127
2006-04-15,776.19047619
2006-04-16,768.253968254
2006-04-17,760.317460317
2006-04-18,750.793650794
2006-04-19,749.206349206
2006-04-20,763.492063492
2006-04-21,777.777777778
2006-04-22,792.063492063
2006-04-23,806.349206349
2006-04-24,820.634920635
2006-04-25,836.507936508
2006-04-26,844.444444444
2006-04-27,828.571428571
2006-04-28,812.698412698
2006-04-29,798.883009994
2006-04-30,788.888888889
2006-05-01,780.952380952
2006-05-02,773.015873016
2006-05-03,765.079365079
2006-05-04,757.142857143
2006-05-05,749.206349206
2006-05-06,743.327454439
2006-05-07,741.26984127
2006-05-08,741.26984127
2006-05-09,741.26984127
2006-05-10,741.26984127
2006-05-11,749.206349206
2006-05-12,755.555555556
2006-05-13,757.789535567
2006-05-14,752.380952381
2006-05-15,742.857142857
2006-05-16,733.333333333
2006-05-17,723.80952381
2006-05-18,722.222222222
2006-05-19,730.158730159
2006-05-20,738.918283363
2006-05-21,749.206349206
2006-05-22,760.317460317
2006-05-23,771.428571429
2006-05-24,782.53968254
2006-05-25,793.650793651
2006-05-26,796.825396825
2006-05-27,799.176954733
2006-05-28,800.0
2006-05-29,800.0
2006-05-30,784.126984127
2006-05-31,768.253968254
2006-06-01,752.380952381
2006-06-02,736.507936508
2006-06-03,720.634920635
2006-06-04,704.761904762
2006-06-05,688.888888889
2006-06-06,688.888888889
2006-06-07,688.888888889
2006-06-08,688.888888889
2006-06-09,688.888888889
2006-06-10,688.888888889
2006-06-11,688.888888889
2006-06-12,688.888888889
2006-06-13,688.888888889
2006-06-14,688.888888889
2006-06-15,704.761904762
2006-06-16,720.634920635
2006-06-17,736.507936508
2006-06-18,752.380952381
2006-06-19,768.253968254
2006-06-20,776.19047619
2006-06-21,792.063492063
2006-06-22,800.0
2006-06-23,807.936507937
2006-06-24,815.873015873
2006-06-25,823.80952381
2006-06-26,831.746031746
2006-06-27,847.619047619
2006-06-28,855.555555556
2006-06-29,855.555555556
2006-06-30,855.555555556
2006-07-01,857.613168724
2006-07-02,863.492063492
2006-07-03,871.428571429
2006-07-04,882.53968254
2006-07-05,893.650793651
2006-07-06,904.761904762
2006-07-07,915.873015873
2006-07-08,924.926513815
2006-07-09,930.158730159
2006-07-10,933.333333333
2006-07-11,933.333333333
2006-07-12,933.333333333
2006-07-13,925.396825397
2006-07-14,917.46031746
2006-07-15,909.523809524
2006-07-16,901.587301587
2006-07-17,893.650793651
2006-07-18,885.714285714
2006-07-19,877.777777778
2006-07-20,877.777777778
2006-07-21,877.777777778
2006-07-22,877.777777778
2006-07-23,877.777777778
2006-07-24,877.777777778
2006-07-25,877.777777778
2006-07-26,877.777777778
2006-07-27,877.777777778
2006-07-28,877.777777778
2006-07-29,877.777777778
2006-07-30,877.777777778
2006-07-31,877.777777778
2006-08-01,877.777777778
2006-08-02,877.777777778
2006-08-03,877.777777778
2006-08-04,877.777777778
2006-08-05,877.777777778
2006-08-06,877.777777778
2006-08-07,877.777777778
2006-08-08,877.777777778
2006-08-09,876.19047619
2006-08-10,874.603174603
2006-08-11,873.015873016
2006-08-12,871.428571429
2006-08-13,869.841269841
2006-08-14,868.253968254
2006-08-15,871.604938272
2006-08-16,885.714285714
2006-08-17,904.761904762
2006-08-18,923.80952381
2006-08-19,940.799529688
2006-08-20,953.968253968
2006-08-21,965.079365079
2006-08-22,971.252204586
2006-08-23,968.253968254
2006-08-24,960.317460317
2006-08-25,952.380952381
2006-08-26,948.559670782
2006-08-27,952.380952381
2006-08-28,960.317460317
2006-08-29,968.253968254
2006-08-30,976.19047619
2006-08-31,984.126984127
2006-09-01,992.063492063
2006-09-02,997.942386831
2006-09-03,1000.0
2006-09-04,1000.0
2006-09-05,998.412698413
2006-09-06,1004.76190476
2006-09-07,1011.11111111
2006-09-08,1025.3968254
2006-09-09,1035.56731335
2006-09-10,1038.0952381
2006-09-11,1036.50793651
2006-09-12,1036.50793651
2006-09-13,1028.57142857
2006-09-14,1020.63492063
2006-09-15,988.888888889
2006-09-16,961.25808348
2006-09-17,941.26984127
2006-09-18,925.396825397
2006-09-19,912.698412698
2006-09-20,907.936507937
2006-09-21,903.174603175
2006-09-22,914.285714286
2006-09-23,925.396825397
2006-09-24,936.507936508
2006-09-25,947.619047619
2006-09-26,963.492063492
2006-09-27,971.428571429
2006-09-28,979.365079365
2006-09-29,987.301587302
2006-09-30,995.238095238
2006-10-01,1003.17460317
2006-10-02,1011.11111111
2006-10-03,1011.11111111
2006-10-04,1011.11111111
2006-10-05,1011.11111111
2006-10-06,1011.11111111
2006-10-07,1011.11111111
2006-10-08,1011.11111111
2006-10-09,1011.11111111
2006-10-10,1007.93650794
2006-10-11,1004.76190476
2006-10-12,1001.58730159
2006-10-13,998.412698413
2006-10-14,995.238095238
2006-10-15,992.063492063
2006-10-16,988.888888889
2006-10-17,988.888888889
2006-10-18,988.888888889
2006-10-19,988.888888889
2006-10-20,988.888888889
2006-10-21,988.888888889
2006-10-22,988.888888889
2006-10-23,988.888888889
2006-10-24,988.888888889
2006-10-25,988.888888889
2006-10-26,988.888888889
2006-10-27,988.888888889
2006-10-28,988.888888889
2006-10-29,988.888888889
2006-10-30,988.888888889
2006-10-31,988.888888889
2006-11-01,988.888888889
2006-11-02,1004.76190476
2006-11-03,1020.63492063
2006-11-04,1036.50793651
2006-11-05,1052.38095238
2006-11-06,1068.25396825
2006-11-07,1084.12698413
2006-11-08,1100.0
2006-11-09,1100.0
2006-11-10,1100.0
2006-11-11,1100.0
2006-11-12,1100.0
2006-11-13,1100.0
2006-11-14,1100.0
2006-11-15,1111.11111111
2006-11-16,1120.63492063
2006-11-17,1130.15873016
2006-11-18,1139.68253968
2006-11-19,1149.20634921
2006-11-20,1158.73015873
2006-11-21,1168.25396825
2006-11-22,1176.19047619
2006-11-23,1185.71428571
2006-11-24,1195.23809524
2006-11-25,1204.76190476
2006-11-26,1214.28571429
2006-11-27,1223.80952381
2006-11-28,1233.33333333
2006-11-29,1233.33333333
2006-11-30,1217.46031746
2006-12-01,1201.58730159
2006-12-02,1185.71428571
2006-12-03,1169.84126984
2006-12-04,1153.96825397
2006-12-05,1138.0952381
2006-12-06,1122.22222222
2006-12-07,1122.22222222
2006-12-08,1122.22222222
2006-12-09,1122.22222222
2006-12-10,1122.22222222
2006-12-11,1122.22222222
2006-12-12,1138.0952381
2006-12-13,1153.96825397
2006-12-14,1169.84126984
2006-12-15,1188.88888889
2006-12-16,1207.93650794
2006-12-17,1226.98412698
2006-12-18,1246.03174603
2006-12-19,1233.33333333
2006-12-20,1220.63492063
2006-12-21,1207.93650794
2006-12-22,1192.06349206
2006-12-23,1175.69444444
2006-12-24,1158.23412698
2006-12-25,1139.68253968
2006-12-26,1136.50793651
2006-12-27,1133.33333333
2006-12-28,1130.15873016
2006-12-29,1126.98412698
2006-12-30,1124.8015873
2006-12-31,1124.8015873
2007-01-01,1126.98412698
2007-01-02,1130.15873016
2007-01-03,1149.20634921
2007-01-04,1160.31746032
2007-01-05,1171.42857143
2007-01-06,1182.04365079
2007-01-07,1191.56746032
2007-01-08,1200.0
2007-01-09,1207.93650794
2007-01-10,1200.0
2007-01-11,1200.0
2007-01-12,1200.0
2007-01-13,1203.0671613
2007-01-14,1213.08155446
2007-01-15,1230.54187192
2007-01-16,1255.93869732
2007-01-17,1281.33552271
2007-01-18,1306.73234811
2007-01-19,1335.30377668
2007-01-20,1360.80804395
2007-01-21,1379.36507937
2007-01-22,1390.47619048
2007-01-23,1393.65079365
2007-01-24,1396.82539683
2007-01-25,1400.0
2007-01-26,1400.0
2007-01-27,1400.0
2007-01-28,1400.0
2007-01-29,1400.0
2007-01-30,1401.58730159
2007-01-31,1404.76190476
2007-02-01,1407.93650794
2007-02-02,1411.11111111
2007-02-03,1413.75458655
2007-02-04,1415.16146689
2007-02-05,1415.16146689
2007-02-06,1411.98686371
2007-02-07,1407.22495895
2007-02-08,1402.46305419
2007-02-09,1397.70114943
2007-02-10,1393.4703724
2007-02-11,1390.47619048
2007-02-12,1388.88888889
2007-02-13,1388.88888889
2007-02-14,1388.88888889
2007-02-15,1388.88888889
2007-02-16,1390.12896825
2007-02-17,1394.09722222
2007-02-18,1400.79365079
2007-02-19,1408.73015873
2007-02-20,1421.42857143
2007-02-21,1434.12698413
2007-02-22,1438.88888889
2007-02-23,1442.41071429
2007-02-24,1443.20436508
2007-02-25,1441.26984127
2007-02-26,1438.0952381
2007-02-27,1428.57142857
2007-02-28,1419.04761905
2007-03-01,1393.65079365
2007-03-02,1368.25396825
2007-03-03,1336.68430335
2007-03-04,1293.65079365
2007-03-05,1244.44444444
2007-03-06,1196.82539683
2007-03-07,1149.20634921
2007-03-08,1125.3968254
2007-03-09,1096.82539683
2007-03-10,1074.42680776
2007-03-11,1063.49206349
2007-03-12,1058.73015873
2007-03-13,1055.55555556
2007-03-14,1052.38095238
2007-03-15,1055.55555556
2007-03-16,1055.55555556
2007-03-17,1055.55555556
2007-03-18,1055.55555556
2007-03-19,1055.55555556
2007-03-20,1053.96825397
2007-03-21,1047.61904762
2007-03-22,1034.92063492
2007-03-23,1030.15873016
2007-03-24,1025.3968254
2007-03-25,1020.63492063
2007-03-26,1015.87301587
2007-03-27,1011.11111111
2007-03-28,1011.11111111
2007-03-29,1011.11111111
2007-03-30,1011.11111111
2007-03-31,1011.11111111
2007-04-01,1011.11111111
2007-04-02,1011.11111111
2007-04-03,1011.11111111
2007-04-04,1011.11111111
2007-04-05,1011.11111111
2007-04-06,1011.11111111
2007-04-07,1011.11111111
2007-04-08,1011.11111111
2007-04-09,1011.11111111
2007-04-10,1011.11111111
2007-04-11,1011.11111111
2007-04-12,1011.11111111
2007-04-13,1011.11111111
2007-04-14,1011.11111111
2007-04-15,1011.11111111
2007-04-16,1011.11111111
2007-04-17,1011.11111111
2007-04-18,1011.11111111
2007-04-19,1011.11111111
2007-04-20,1011.11111111
2007-04-21,1013.16872428
2007-04-22,1019.04761905
2007-04-23,1026.98412698
2007-04-24,1034.92063492
2007-04-25,1042.85714286
2007-04-26,1049.20634921
2007-04-27,1055.55555556
2007-04-28,1059.84714874
2007-04-29,1060.31746032
2007-04-30,1058.73015873
2007-05-01,1060.31746032
2007-05-02,1061.9047619
2007-05-03,1065.07936508
2007-05-04,1068.25396825
2007-05-05,1071.42857143
2007-05-06,1074.6031746
2007-05-07,1077.77777778
2007-05-08,1077.77777778
2007-05-09,1077.77777778
2007-05-10,1077.77777778
2007-05-11,1076.19047619
2007-05-12,1074.6031746
2007-05-13,1073.01587302
2007-05-14,1071.42857143
2007-05-15,1069.84126984
2007-05-16,1068.25396825
2007-05-17,1066.66666667
2007-05-18,1066.66666667
2007-05-19,1066.66666667
2007-05-20,1066.66666667
2007-05-21,1066.66666667
2007-05-22,1066.66666667
2007-05-23,1066.66666667
2007-05-24,1066.66666667
2007-05-25,1066.66666667
2007-05-26,1066.25514403
2007-05-27,1065.07936508
2007-05-28,1063.49206349
2007-05-29,1061.9047619
2007-05-30,1061.9047619
2007-05-31,1053.96825397
2007-06-01,1046.03174603
2007-06-02,1038.50676073
2007-06-03,1031.74603175
2007-06-04,1025.3968254
2007-06-05,1019.04761905
2007-06-06,1026.98412698
2007-06-07,1042.85714286
2007-06-08,1058.73015873
2007-06-09,1074.6031746
2007-06-10,1090.47619048
2007-06-11,1106.34920635
2007-06-12,1122.22222222
2007-06-13,1123.80952381
2007-06-14,1125.3968254
2007-06-15,1126.98412698
2007-06-16,1128.57142857
2007-06-17,1130.15873016
2007-06-18,1131.74603175
2007-06-19,1141.26984127
2007-06-20,1149.20634921
2007-06-21,1157.14285714
2007-06-22,1166.66666667
2007-06-23,1178.24808936
2007-06-24,1193.65079365
2007-06-25,1211.11111111
2007-06-26,1220.63492063
2007-06-27,1230.15873016
2007-06-28,1239.68253968
2007-06-29,1250.79365079
2007-06-30,1259.84714874
2007-07-01,1265.07936508
2007-07-02,1268.25396825
2007-07-03,1271.42857143
2007-07-04,1284.12698413
2007-07-05,1296.82539683
2007-07-06,1306.34920635
2007-07-07,1315.87301587
2007-07-08,1325.3968254
2007-07-09,1334.92063492
2007-07-10,1344.44444444
2007-07-11,1344.44444444
2007-07-12,1344.44444444
2007-07-13,1344.44444444
2007-07-14,1344.44444444
2007-07-15,1344.44444444
2007-07-16,1344.44444444
2007-07-17,1344.44444444
2007-07-18,1344.44444444
2007-07-19,1344.44444444
2007-07-20,1344.44444444
2007-07-21,1344.44444444
2007-07-22,1344.44444444
2007-07-23,1344.44444444
2007-07-24,1344.44444444
2007-07-25,1342.85714286
2007-07-26,1341.26984127
2007-07-27,1339.68253968
2007-07-28,1336.03762493
2007-07-29,1328.57142857
2007-07-30,1319.04761905
2007-07-31,1309.52380952
2007-08-01,1300.0
2007-08-02,1290.47619048
2007-08-03,1280.95238095
2007-08-04,1273.4861846
2007-08-05,1269.84126984
2007-08-06,1268.25396825
2007-08-07,1266.66666667
2007-08-08,1266.66666667
2007-08-09,1266.66666667
2007-08-10,1266.66666667
2007-08-11,1266.66666667
2007-08-12,1266.66666667
2007-08-13,1266.66666667
2007-08-14,1269.84126984
2007-08-15,1273.01587302
2007-08-16,1276.19047619
2007-08-17,1287.3015873
2007-08-18,1298.41269841
2007-08-19,1309.52380952
2007-08-20,1320.63492063
2007-08-21,1336.50793651
2007-08-22,1369.84126984
2007-08-23,1434.92063492
2007-08-24,1492.06349206
2007-08-25,1549.20634921
2007-08-26,1606.34920635
2007-08-27,1663.49206349
2007-08-28,1696.82539683
2007-08-29,1712.6984127
2007-08-30,1696.82539683
2007-08-31,1680.95238095
2007-09-01,1665.07936508
2007-09-02,1649.20634921
2007-09-03,1633.33333333
2007-09-04,1633.33333333
2007-09-05,1633.33333333
2007-09-06,1633.33333333
2007-09-07,1633.33333333
2007-09-08,1633.33333333
2007-09-09,1633.33333333
2007-09-10,1633.33333333
2007-09-11,1633.33333333
2007-09-12,1633.33333333
2007-09-13,1634.92063492
2007-09-14,1636.50793651
2007-09-15,1638.0952381
2007-09-16,1639.68253968
2007-09-17,1641.26984127
2007-09-18,1642.85714286
2007-09-19,1646.03174603
2007-09-20,1647.61904762
2007-09-21,1649.20634921
2007-09-22,1650.38212816
2007-09-23,1650.79365079
2007-09-24,1650.79365079
2007-09-25,1666.66666667
2007-09-26,1680.95238095
2007-09-27,1695.23809524
2007-09-28,1709.52380952
2007-09-29,1724.22104644
2007-09-30,1739.68253968
2007-10-01,1755.55555556
2007-10-02,1755.55555556
2007-10-03,1755.55555556
2007-10-04,1755.55555556
2007-10-05,1757.14285714
2007-10-06,1757.90711346
2007-10-07,1757.14285714
2007-10-08,1755.55555556
2007-10-09,1753.96825397
2007-10-10,1752.38095238
2007-10-11,1750.79365079
2007-10-12,1747.61904762
2007-10-13,1741.15226337
2007-10-14,1728.57142857
2007-10-15,1712.6984127
2007-10-16,1696.82539683
2007-10-17,1680.95238095
2007-10-18,1665.07936508
2007-10-19,1649.20634921
2007-10-20,1637.44855967
2007-10-21,1633.33333333
2007-10-22,1633.33333333
2007-10-23,1633.33333333
2007-10-24,1633.33333333
2007-10-25,1633.33333333
2007-10-26,1633.33333333
2007-10-27,1633.33333333
2007-10-28,1633.33333333
2007-10-29,1633.33333333
2007-10-30,1633.33333333
2007-10-31,1633.33333333
2007-11-01,1633.33333333
2007-11-02,1633.33333333
2007-11-03,1633.33333333
2007-11-04,1633.33333333
2007-11-05,1633.33333333
2007-11-06,1633.33333333
2007-11-07,1633.33333333
2007-11-08,1630.15873016
2007-11-09,1626.98412698
2007-11-10,1623.80952381
2007-11-11,1620.63492063
2007-11-12,1617.46031746
2007-11-13,1614.28571429
2007-11-14,1611.11111111
2007-11-15,1611.11111111
2007-11-16,1614.28571429
2007-11-17,1617.46031746
2007-11-18,1620.63492063
2007-11-19,1623.80952381
2007-11-20,1619.04761905
2007-11-21,1612.6984127
2007-11-22,1606.34920635
2007-11-23,1596.82539683
2007-11-24,1581.1287478
2007-11-25,1553.96825397
2007-11-26,1520.63492063
2007-11-27,1495.23809524
2007-11-28,1471.42857143
2007-11-29,1446.03174603
2007-11-30,1417.46031746
2007-12-01,1388.88888889
2007-12-02,1360.31746032
2007-12-03,1331.74603175
2007-12-04,1303.17460317
2007-12-05,1274.6031746
2007-12-06,1239.68253968
2007-12-07,1207.93650794
2007-12-08,1182.3633157
2007-12-09,1168.25396825
2007-12-10,1160.31746032
2007-12-11,1152.38095238
2007-12-12,1144.44444444
2007-12-13,1144.44444444
2007-12-14,1144.44444444
2007-12-15,1144.44444444
2007-12-16,1144.44444444
2007-12-17,1144.44444444
2007-12-18,1147.61904762
2007-12-19,1134.92063492
2007-12-20,1122.22222222
2007-12-21,1109.52380952
2007-12-22,1096.82539683
2007-12-23,1084.12698413
2007-12-24,1071.42857143
2007-12-25,1055.55555556
2007-12-26,1055.55555556
2007-12-27,1055.55555556
2007-12-28,1055.55555556
2007-12-29,1055.55555556
2007-12-30,1055.55555556
2007-12-31,1055.55555556
2008-01-01,1047.61904762
2008-01-02,1036.50793651
2008-01-03,1025.3968254
2008-01-04,1022.22222222
2008-01-05,1019.04761905
2008-01-06,1015.87301587
2008-01-07,1012.6984127
2008-01-08,1017.46031746
2008-01-09,1014.28571429
2008-01-10,1011.11111111
2008-01-11,1000.0
2008-01-12,988.888888889
2008-01-13,977.777777778
2008-01-14,966.666666667
2008-01-15,955.555555556
2008-01-16,955.555555556
2008-01-17,955.555555556
2008-01-18,952.380952381
2008-01-19,949.206349206
2008-01-20,946.031746032
2008-01-21,942.857142857
2008-01-22,939.682539683
2008-01-23,936.507936508
2008-01-24,933.333333333
2008-01-25,933.333333333
2008-01-26,933.333333333
2008-01-27,933.333333333
2008-01-28,933.333333333
2008-01-29,933.333333333
2008-01-30,933.333333333
2008-01-31,933.333333333
2008-02-01,933.333333333
2008-02-02,933.333333333
2008-02-03,933.333333333
2008-02-04,933.333333333
2008-02-05,933.333333333
2008-02-06,933.333333333
2008-02-07,933.333333333
2008-02-08,933.333333333
2008-02-09,933.333333333
2008-02-10,933.333333333
2008-02-11,933.333333333
2008-02-12,933.333333333
2008-02-13,933.333333333
2008-02-14,933.333333333
2008-02-15,931.746031746
2008-02-16,930.158730159
2008-02-17,928.571428571
2008-02-18,926.984126984
2008-02-19,917.46031746
2008-02-20,907.936507937
2008-02-21,898.412698413
2008-02-22,890.476190476
2008-02-23,882.951205173
2008-02-24,876.19047619
2008-02-25,869.841269841
2008-02-26,871.428571429
2008-02-27,873.015873016
2008-02-28,874.603174603
2008-02-29,876.19047619
2008-03-01,877.366255144
2008-03-02,877.777777778
2008-03-03,877.777777778
2008-03-04,877.777777778
2008-03-05,877.777777778
2008-03-06,877.777777778
2008-03-07,877.777777778
2008-03-08,877.777777778
2008-03-09,877.777777778
2008-03-10,877.777777778
2008-03-11,877.777777778
2008-03-12,879.365079365
2008-03-13,880.952380952
2008-03-14,882.53968254
2008-03-15,884.126984127
2008-03-16,885.714285714
2008-03-17,887.301587302
2008-03-18,888.888888889
2008-03-19,888.888888889
2008-03-20,888.888888889
2008-03-21,888.888888889
2008-03-22,888.888888889
2008-03-23,888.888888889
2008-03-24,888.888888889
2008-03-25,895.238095238
2008-03-26,901.587301587
2008-03-27,900.0
2008-03-28,898.412698413
2008-03-29,896.825396825
2008-03-30,895.238095238
2008-03-31,893.650793651
2008-04-01,885.714285714
2008-04-02,877.777777778
2008-04-03,876.19047619
2008-04-04,874.603174603
2008-04-05,873.015873016
2008-04-06,871.428571429
2008-04-07,869.841269841
2008-04-08,868.253968254
2008-04-09,866.666666667
2008-04-10,866.666666667
2008-04-11,869.841269841
2008-04-12,873.015873016
2008-04-13,876.19047619
2008-04-14,879.365079365
2008-04-15,882.53968254
2008-04-16,885.714285714
2008-04-17,885.714285714
2008-04-18,882.53968254
2008-04-19,879.365079365
2008-04-20,876.19047619
2008-04-21,873.015873016
2008-04-22,879.365079365
2008-04-23,877.777777778
2008-04-24,879.365079365
2008-04-25,880.952380952
2008-04-26,882.53968254
2008-04-27,884.126984127
2008-04-28,885.714285714
2008-04-29,876.19047619
2008-04-30,874.603174603
2008-05-01,874.603174603
2008-05-02,874.603174603
2008-05-03,874.191651969
2008-05-04,873.015873016
2008-05-05,871.428571429
2008-05-06,871.428571429
2008-05-07,871.428571429
2008-05-08,869.841269841
2008-05-09,868.253968254
2008-05-10,867.0781893
2008-05-11,866.666666667
2008-05-12,866.666666667
2008-05-13,866.666666667
2008-05-14,866.666666667
2008-05-15,866.666666667
2008-05-16,866.666666667
2008-05-17,866.666666667
2008-05-18,866.666666667
2008-05-19,866.666666667
2008-05-20,866.666666667
2008-05-21,866.666666667
2008-05-22,866.666666667
2008-05-23,866.666666667
2008-05-24,866.666666667
2008-05-25,866.666666667
2008-05-26,866.666666667
2008-05-27,866.666666667
2008-05-28,866.666666667
2008-05-29,866.666666667
2008-05-30,866.666666667
2008-05-31,866.666666667
2008-06-01,866.666666667
2008-06-02,866.666666667
2008-06-03,866.666666667
2008-06-04,866.666666667
2008-06-05,866.666666667
2008-06-06,865.079365079
2008-06-07,863.492063492
2008-06-08,861.904761905
2008-06-09,860.317460317
2008-06-10,858.73015873
2008-06-11,858.73015873
2008-06-12,858.73015873
2008-06-13,863.492063492
2008-06-14,867.430922986
2008-06-15,869.841269841
2008-06-16,871.428571429
2008-06-17,873.015873016
2008-06-18,880.952380952
2008-06-19,888.888888889
2008-06-20,893.650793651
2008-06-21,897.178130511
2008-06-22,898.412698413
2008-06-23,898.412698413
2008-06-24,898.412698413
2008-06-25,906.349206349
2008-06-26,914.285714286
2008-06-27,922.222222222
2008-06-28,932.216343327
2008-06-29,946.031746032
2008-06-30,961.904761905
2008-07-01,977.777777778
2008-07-02,969.841269841
2008-07-03,961.904761905
2008-07-04,961.904761905
2008-07-05,961.904761905
2008-07-06,961.904761905
2008-07-07,961.904761905
2008-07-08,961.904761905
2008-07-09,973.015873016
2008-07-10,984.126984127
2008-07-11,987.301587302
2008-07-12,990.476190476
2008-07-13,993.650793651
2008-07-14,996.825396825
2008-07-15,1000.0
2008-07-16,1000.0
2008-07-17,1015.87301587
2008-07-18,1031.74603175
2008-07-19,1047.61904762
2008-07-20,1063.49206349
2008-07-21,1079.36507937
2008-07-22,1095.23809524
2008-07-23,1111.11111111
2008-07-24,1112.6984127
2008-07-25,1114.28571429
2008-07-26,1115.87301587
2008-07-27,1117.46031746
2008-07-28,1119.04761905
2008-07-29,1122.22222222
2008-07-30,1125.3968254
2008-07-31,1142.85714286
2008-08-01,1160.31746032
2008-08-02,1177.77777778
2008-08-03,1195.23809524
2008-08-04,1212.6984127
2008-08-05,1228.57142857
2008-08-06,1244.44444444
2008-08-07,1244.44444444
2008-08-08,1247.61904762
2008-08-09,1250.79365079
2008-08-10,1253.96825397
2008-08-11,1257.14285714
2008-08-12,1260.31746032
2008-08-13,1263.49206349
2008-08-14,1266.66666667
2008-08-15,1266.66666667
2008-08-16,1266.66666667
2008-08-17,1266.66666667
2008-08-18,1266.66666667
2008-08-19,1266.66666667
2008-08-20,1266.66666667
2008-08-21,1266.66666667
2008-08-22,1266.66666667
2008-08-23,1266.66666667
2008-08-24,1266.66666667
2008-08-25,1266.66666667
2008-08-26,1266.66666667
2008-08-27,1250.79365079
2008-08-28,1250.79365079
2008-08-29,1250.79365079
2008-08-30,1250.79365079
2008-08-31,1250.79365079
2008-09-01,1250.79365079
2008-09-02,1249.20634921
2008-09-03,1263.49206349
2008-09-04,1261.9047619
2008-09-05,1260.31746032
2008-09-06,1258.73015873
2008-09-07,1257.14285714
2008-09-08,1255.55555556
2008-09-09,1255.55555556
2008-09-10,1255.55555556
2008-09-11,1255.55555556
2008-09-12,1257.14285714
2008-09-13,1254.61493239
2008-09-14,1244.44444444
2008-09-15,1230.15873016
2008-09-16,1215.87301587
2008-09-17,1201.58730159
2008-09-18,1187.3015873
2008-09-19,1171.42857143
2008-09-20,1159.67078189
2008-09-21,1155.55555556
2008-09-22,1155.55555556
2008-09-23,1155.55555556
2008-09-24,1155.55555556
2008-09-25,1171.42857143
2008-09-26,1187.3015873
2008-09-27,1203.17460317
2008-09-28,1219.04761905
2008-09-29,1234.92063492
2008-09-30,1250.79365079
2008-10-01,1266.66666667
2008-10-02,1257.93650794
2008-10-03,1240.47619048
2008-10-04,1223.01587302
2008-10-05,1205.55555556
2008-10-06,1188.0952381
2008-10-07,1167.46031746
2008-10-08,1146.82539683
2008-10-09,1134.92063492
2008-10-10,1131.74603175
2008-10-11,1128.57142857
2008-10-12,1125.3968254
2008-10-13,1122.22222222
2008-10-14,1122.22222222
2008-10-15,1122.22222222
2008-10-16,1122.22222222
2008-10-17,1122.22222222
2008-10-18,1122.22222222
2008-10-19,1122.22222222
2008-10-20,1122.22222222
2008-10-21,1122.22222222
2008-10-22,1122.22222222
2008-10-23,1122.22222222
2008-10-24,1130.15873016
2008-10-25,1136.03762493
2008-10-26,1138.0952381
2008-10-27,1138.0952381
2008-10-28,1138.0952381
2008-10-29,1138.0952381
2008-10-30,1138.0952381
2008-10-31,1130.15873016
2008-11-01,1124.27983539
2008-11-02,1122.22222222
2008-11-03,1122.22222222
2008-11-04,1122.22222222
2008-11-05,1122.22222222
2008-11-06,1138.0952381
2008-11-07,1153.96825397
2008-11-08,1169.84126984
2008-11-09,1185.71428571
2008-11-10,1201.58730159
2008-11-11,1217.46031746
2008-11-12,1233.33333333
2008-11-13,1232.53968254
2008-11-14,1230.95238095
2008-11-15,1229.36507937
2008-11-16,1227.77777778
2008-11-17,1226.19047619
2008-11-18,1229.36507937
2008-11-19,1232.53968254
2008-11-20,1241.26984127
2008-11-21,1250.79365079
2008-11-22,1264.43268665
2008-11-23,1285.71428571
2008-11-24,1311.11111111
2008-11-25,1331.74603175
2008-11-26,1352.38095238
2008-11-27,1363.49206349
2008-11-28,1390.47619048
2008-11-29,1413.34509112
2008-11-30,1428.57142857
2008-12-01,1439.68253968
2008-12-02,1442.85714286
2008-12-03,1446.03174603
2008-12-04,1457.14285714
2008-12-05,1452.38095238
2008-12-06,1446.79600235
2008-12-07,1439.68253968
2008-12-08,1431.74603175
2008-12-09,1435.71428571
2008-12-10,1443.65079365
2008-12-11,1445.23809524
2008-12-12,1438.88888889
2008-12-13,1433.36272781
2008-12-14,1429.36507937
2008-12-15,1426.19047619
2008-12-16,1434.92063492
2008-12-17,1422.22222222
2008-12-18,1412.6984127
2008-12-19,1411.11111111
2008-12-20,1411.58142269
2008-12-21,1415.87301587
2008-12-22,1422.22222222
2008-12-23,1412.6984127
2008-12-24,1420.63492063
2008-12-25,1428.57142857
2008-12-26,1436.50793651
2008-12-27,1440.32921811
2008-12-28,1436.50793651
2008-12-29,1428.57142857
2008-12-30,1423.80952381
2008-12-31,1419.04761905
2009-01-01,1430.15873016
2009-01-02,1441.26984127
2009-01-03,1454.43856555
2009-01-04,1471.42857143
2009-01-05,1490.47619048
2009-01-06,1506.34920635
2009-01-07,1522.22222222
2009-01-08,1525.38610039
2009-01-09,1533.32260832
2009-01-10,1545.66034288
2009-01-11,1563.78163878
2009-01-12,1587.59116259
2009-01-13,1627.27370227
2009-01-14,1674.89274989
2009-01-15,1719.34791935
2009-01-16,1755.85585586
2009-01-17,1781.78972623
2009-01-18,1790.47619048
2009-01-19,1787.3015873
2009-01-20,1766.66666667
2009-01-21,1738.0952381
2009-01-22,1709.52380952
2009-01-23,1682.53968254
2009-01-24,1661.72839506
2009-01-25,1652.38095238
2009-01-26,1649.20634921
2009-01-27,1647.61904762
2009-01-28,1646.03174603
2009-01-29,1644.44444444
2009-01-30,1644.44444444
2009-01-31,1643.34883224
2009-02-01,1639.39393939
2009-02-02,1631.45743146
2009-02-03,1615.58441558
2009-02-04,1583.83838384
2009-02-05,1550.50505051
2009-02-06,1517.17171717
2009-02-07,1484.93399605
2009-02-08,1455.55555556
2009-02-09,1430.15873016
2009-02-10,1409.52380952
2009-02-11,1404.76190476
2009-02-12,1401.58730159
2009-02-13,1390.47619048
2009-02-14,1379.36507937
2009-02-15,1368.25396825
2009-02-16,1357.14285714
2009-02-17,1349.20634921
2009-02-18,1339.68253968
2009-02-19,1330.15873016
2009-02-20,1328.57142857
2009-02-21,1329.04174015
2009-02-22,1333.33333333
2009-02-23,1339.68253968
2009-02-24,1346.03174603
2009-02-25,1353.96825397
2009-02-26,1361.9047619
2009-02-27,1369.84126984
2009-02-28,1375.72016461
2009-03-01,1377.77777778
2009-03-02,1377.77777778
2009-03-03,1385.71428571
2009-03-04,1393.65079365
2009-03-05,1401.58730159
2009-03-06,1409.52380952
2009-03-07,1417.46031746
2009-03-08,1425.3968254
2009-03-09,1433.33333333
2009-03-10,1433.33333333
2009-03-11,1433.33333333
2009-03-12,1433.33333333
2009-03-13,1425.3968254
2009-03-14,1417.46031746
2009-03-15,1409.52380952
2009-03-16,1401.58730159
2009-03-17,1393.65079365
2009-03-18,1401.58730159
2009-03-19,1409.52380952
2009-03-20,1398.41269841
2009-03-21,1387.3015873
2009-03-22,1376.19047619
2009-03-23,1365.07936508
2009-03-24,1346.03174603
2009-03-25,1319.04761905
2009-03-26,1292.06349206
2009-03-27,1292.06349206
2009-03-28,1292.06349206
2009-03-29,1292.06349206
2009-03-30,1292.06349206
2009-03-31,1300.0
2009-04-01,1284.12698413
2009-04-02,1268.25396825
2009-04-03,1252.38095238
2009-04-04,1236.50793651
2009-04-05,1220.63492063
2009-04-06,1204.76190476
2009-04-07,1188.88888889
2009-04-08,1188.88888889
2009-04-09,1188.88888889
2009-04-10,1187.40079365
2009-04-11,1182.63888889
2009-04-12,1174.6031746
2009-04-13,1165.07936508
2009-04-14,1155.55555556
2009-04-15,1146.03174603
2009-04-16,1136.50793651
2009-04-17,1128.47222222
2009-04-18,1123.71031746
2009-04-19,1122.22222222
2009-04-20,1122.22222222
2009-04-21,1122.22222222
2009-04-22,1122.22222222
2009-04-23,1122.22222222
2009-04-24,1122.22222222
2009-04-25,1118.10699588
2009-04-26,1106.34920635
2009-04-27,1090.47619048
2009-04-28,1074.6031746
2009-04-29,1058.73015873
2009-04-30,1042.85714286
2009-05-01,1026.98412698
2009-05-02,1015.22633745
2009-05-03,1011.11111111
2009-05-04,1011.11111111
2009-05-05,1026.98412698
2009-05-06,1042.85714286
2009-05-07,1058.73015873
2009-05-08,1074.6031746
2009-05-09,1088.41857731
2009-05-10,1098.41269841
2009-05-11,1106.34920635
2009-05-12,1098.41269841
2009-05-13,1090.47619048
2009-05-14,1082.53968254
2009-05-15,1066.66666667
2009-05-16,1052.85126396
2009-05-17,1042.85714286
2009-05-18,1034.92063492
2009-05-19,1038.0952381
2009-05-20,1041.26984127
2009-05-21,1044.44444444
2009-05-22,1055.55555556
2009-05-23,1066.66666667
2009-05-24,1077.77777778
2009-05-25,1088.88888889
2009-05-26,1088.88888889
2009-05-27,1085.71428571
2009-05-28,1082.53968254
2009-05-29,1079.36507937
2009-05-30,1076.19047619
2009-05-31,1073.01587302
2009-06-01,1069.84126984
2009-06-02,1066.66666667
2009-06-03,1065.07936508
2009-06-04,1063.49206349
2009-06-05,1069.84126984
2009-06-06,1076.19047619
2009-06-07,1082.53968254
2009-06-08,1088.88888889
2009-06-09,1095.23809524
2009-06-10,1119.04761905
2009-06-11,1142.85714286
2009-06-12,1158.73015873
2009-06-13,1174.6031746
2009-06-14,1190.47619048
2009-06-15,1206.34920635
2009-06-16,1222.22222222
2009-06-17,1222.22222222
2009-06-18,1222.22222222
2009-06-19,1217.46031746
2009-06-20,1212.6984127
2009-06-21,1207.93650794
2009-06-22,1203.17460317
2009-06-23,1198.41269841
2009-06-24,1193.65079365
2009-06-25,1188.88888889
2009-06-26,1188.88888889
2009-06-27,1188.88888889
2009-06-28,1188.88888889
2009-06-29,1188.88888889
2009-06-30,1185.71428571
2009-07-01,1182.53968254
2009-07-02,1179.36507937
2009-07-03,1176.19047619
2009-07-04,1175.07348618
2009-07-05,1177.77777778
2009-07-06,1182.53968254
2009-07-07,1190.47619048
2009-07-08,1190.47619048
2009-07-09,1190.47619048
2009-07-10,1190.47619048
2009-07-11,1188.41857731
2009-07-12,1182.53968254
2009-07-13,1174.6031746
2009-07-14,1169.84126984
2009-07-15,1173.01587302
2009-07-16,1176.19047619
2009-07-17,1195.23809524
2009-07-18,1214.28571429
2009-07-19,1233.33333333
2009-07-20,1252.38095238
2009-07-21,1268.25396825
2009-07-22,1284.12698413
2009-07-23,1300.0
2009-07-24,1300.0
2009-07-25,1300.0
2009-07-26,1300.0
2009-07-27,1300.0
2009-07-28,1300.0
2009-07-29,1285.71428571
2009-07-30,1271.42857143
2009-07-31,1257.14285714
2009-08-01,1244.50323339
2009-08-02,1234.92063492
2009-08-03,1226.98412698
2009-08-04,1219.04761905
2009-08-05,1225.3968254
2009-08-06,1231.74603175
2009-08-07,1238.0952381
2009-08-08,1242.79835391
2009-08-09,1244.44444444
2009-08-10,1244.44444444
2009-08-11,1244.44444444
2009-08-12,1244.44444444
2009-08-13,1244.44444444
2009-08-14,1244.44444444
2009-08-15,1244.44444444
2009-08-16,1244.44444444
2009-08-17,1244.44444444
2009-08-18,1244.44444444
2009-08-19,1244.44444444
2009-08-20,1234.92063492
2009-08-21,1225.3968254
2009-08-22,1215.87301587
2009-08-23,1206.34920635
2009-08-24,1196.82539683
2009-08-25,1187.3015873
2009-08-26,1180.95238095
2009-08-27,1184.12698413
2009-08-28,1187.3015873
2009-08-29,1190.47619048
2009-08-30,1193.65079365
2009-08-31,1196.82539683
2009-09-01,1200.0
2009-09-02,1200.0
2009-09-03,1200.0
2009-09-04,1200.0
2009-09-05,1200.0
2009-09-06,1200.0
2009-09-07,1200.0
2009-09-08,1200.0
2009-09-09,1200.0
2009-09-10,1200.0
2009-09-11,1200.0
2009-09-12,1199.17695473
2009-09-13,1196.82539683
2009-09-14,1193.65079365
2009-09-15,1190.47619048
2009-09-16,1187.3015873
2009-09-17,1184.12698413
2009-09-18,1180.95238095
2009-09-19,1178.60082305
2009-09-20,1177.77777778
2009-09-21,1177.77777778
2009-09-22,1177.77777778
2009-09-23,1177.77777778
2009-09-24,1177.77777778
2009-09-25,1179.36507937
2009-09-26,1180.95238095
2009-09-27,1182.53968254
2009-09-28,1184.12698413
2009-09-29,1185.71428571
2009-09-30,1187.3015873
2009-10-01,1188.88888889
2009-10-02,1188.88888889
2009-10-03,1188.88888889
2009-10-04,1188.88888889
2009-10-05,1188.88888889
2009-10-06,1236.50793651
2009-10-07,1284.12698413
2009-10-08,1331.74603175
2009-10-09,1371.42857143
2009-10-10,1413.99176955
2009-10-11,1461.9047619
2009-10-12,1512.6984127
2009-10-13,1515.87301587
2009-10-14,1519.04761905
2009-10-15,1519.04761905
2009-10-16,1487.3015873
2009-10-17,1465.02057613
2009-10-18,1460.31746032
2009-10-19,1465.07936508
2009-10-20,1469.84126984
2009-10-21,1474.6031746
2009-10-22,1506.34920635
2009-10-23,1585.71428571
2009-10-24,1652.73368607
2009-10-25,1696.82539683
2009-10-26,1728.57142857
2009-10-27,1760.31746032
2009-10-28,1795.23809524
2009-10-29,1806.34920635
2009-10-30,1809.52380952
2009-10-31,1812.6984127
2009-11-01,1815.87301587
2009-11-02,1819.04761905
2009-11-03,1822.22222222
2009-11-04,1820.63492063
2009-11-05,1811.11111111
2009-11-06,1801.58730159
2009-11-07,1792.06349206
2009-11-08,1782.53968254
2009-11-09,1773.01587302
2009-11-10,1755.55555556
2009-11-11,1739.68253968
2009-11-12,1731.74603175
2009-11-13,1723.80952381
2009-11-14,1716.69606114
2009-11-15,1711.11111111
2009-11-16,1706.34920635
2009-11-17,1709.52380952
2009-11-18,1725.3968254
2009-11-19,1741.26984127
2009-11-20,1757.14285714
2009-11-21,1772.19282775
2009-11-22,1785.71428571
2009-11-23,1798.41269841
2009-11-24,1811.11111111
2009-11-25,1811.11111111
2009-11-26,1834.92063492
2009-11-27,1850.79365079
2009-11-28,1862.68505157
2009-11-29,1871.71717172
2009-11-30,1879.65367965
2009-12-01,1903.46320346
2009-12-02,1927.27272727
2009-12-03,1927.27272727
2009-12-04,1935.20923521
2009-12-05,1947.12735824
2009-12-06,1961.9047619
2009-12-07,1977.77777778
2009-12-08,1982.53968254
2009-12-09,1987.3015873
2009-12-10,1996.82539683
2009-12-11,2014.28571429
2009-12-12,2031.74603175
2009-12-13,2049.20634921
2009-12-14,2066.66666667
2009-12-15,2079.36507937
2009-12-16,2076.19047619
2009-12-17,2058.73015873
2009-12-18,2033.33333333
2009-12-19,2007.93650794
2009-12-20,1982.53968254
2009-12-21,1957.14285714
2009-12-22,1930.15873016
2009-12-23,1919.04761905
2009-12-24,1917.46031746
2009-12-25,1915.04761905
2009-12-26,1910.66666667
2009-12-27,1903.93650794
2009-12-28,1895.23809524
2009-12-29,1887.3015873
2009-12-30,1877.77777778
2009-12-31,1868.25396825
2010-01-01,1859.55555556
2010-01-02,1854.88300999
2010-01-03,1856.38095238
2010-01-04,1861.9047619
2010-01-05,1868.25396825
2010-01-06,1876.19047619
2010-01-07,1884.12698413
2010-01-08,1884.12698413
2010-01-09,1882.06937096
2010-01-10,1876.19047619
2010-01-11,1868.25396825
2010-01-12,1860.31746032
2010-01-13,1852.38095238
2010-01-14,1844.44444444
2010-01-15,1836.50793651
2010-01-16,1824.58981348
2010-01-17,1809.81240981
2010-01-18,1793.93939394
2010-01-19,1793.93939394
2010-01-20,1770.12987013
2010-01-21,1746.32034632
2010-01-22,1730.44733045
2010-01-23,1718.55592967
2010-01-24,1709.52380952
2010-01-25,1701.58730159
2010-01-26,1683.33333333
2010-01-27,1694.44444444
2010-01-28,1705.55555556
2010-01-29,1700.79365079
2010-01-30,1696.03174603
2010-01-31,1691.26984127
2010-02-01,1686.50793651
2010-02-02,1684.12698413
2010-02-03,1676.19047619
2010-02-04,1657.14285714
2010-02-05,1661.9047619
2010-02-06,1664.6090535
2010-02-07,1663.49206349
2010-02-08,1660.31746032
2010-02-09,1649.20634921
2010-02-10,1634.92063492
2010-02-11,1628.57142857
2010-02-12,1614.28571429
2010-02-13,1602.05761317
2010-02-14,1593.65079365
2010-02-15,1587.3015873
2010-02-16,1580.95238095
2010-02-17,1577.77777778
2010-02-18,1577.77777778
2010-02-19,1577.77777778
2010-02-20,1577.36625514
2010-02-21,1576.19047619
2010-02-22,1574.6031746
2010-02-23,1573.01587302
2010-02-24,1563.49206349
2010-02-25,1549.20634921
2010-02-26,1534.92063492
2010-02-27,1521.04644327
2010-02-28,1507.93650794
2010-03-01,1495.23809524
2010-03-02,1482.53968254
2010-03-03,1438.0952381
2010-03-04,1398.41269841
2010-03-05,1358.73015873
2010-03-06,1319.04761905
2010-03-07,1279.36507937
2010-03-08,1239.68253968
2010-03-09,1223.80952381
2010-03-10,1249.20634921
2010-03-11,1273.01587302
2010-03-12,1298.41269841
2010-03-13,1323.39800118
2010-03-14,1347.61904762
2010-03-15,1371.42857143
2010-03-16,1368.83394383
2010-03-17,1359.31013431
2010-03-18,1343.43711844
2010-03-19,1325.97680098
2010-03-20,1308.92800615
2010-03-21,1292.64346764
2010-03-22,1276.77045177
2010-03-23,1263.49206349
2010-03-24,1255.55555556
2010-03-25,1255.55555556
2010-03-26,1255.55555556
2010-03-27,1255.55555556
2010-03-28,1255.55555556
2010-03-29,1255.55555556
2010-03-30,1255.55555556
2010-03-31,1255.55555556
2010-04-01,1258.73015873
2010-04-02,1261.9047619
2010-04-03,1265.07936508
2010-04-04,1268.25396825
2010-04-05,1271.42857143
2010-04-06,1274.6031746
2010-04-07,1277.77777778
2010-04-08,1269.84126984
2010-04-09,1261.9047619
2010-04-10,1253.96825397
2010-04-11,1246.03174603
2010-04-12,1238.0952381
2010-04-13,1230.15873016
2010-04-14,1222.22222222
2010-04-15,1222.22222222
2010-04-16,1223.80952381
2010-04-17,1225.80834803
2010-04-18,1228.57142857
2010-04-19,1231.74603175
2010-04-20,1234.92063492
2010-04-21,1238.0952381
2010-04-22,1233.33333333
2010-04-23,1226.98412698
2010-04-24,1220.223398
2010-04-25,1212.6984127
2010-04-26,1204.76190476
2010-04-27,1196.82539683
2010-04-28,1188.88888889
2010-04-29,1192.06349206
2010-04-30,1195.23809524
2010-05-01,1197.58965315
2010-05-02,1198.41269841
2010-05-03,1198.41269841
2010-05-04,1198.41269841
2010-05-05,1198.41269841
2010-05-06,1195.23809524
2010-05-07,1192.06349206
2010-05-08,1189.71193416
2010-05-09,1188.88888889
2010-05-10,1188.88888889
2010-05-11,1180.95238095
2010-05-12,1173.01587302
2010-05-13,1165.07936508
2010-05-14,1157.14285714
2010-05-15,1149.20634921
2010-05-16,1141.26984127
2010-05-17,1133.33333333
2010-05-18,1133.33333333
2010-05-19,1133.33333333
2010-05-20,1133.33333333
2010-05-21,1133.33333333
2010-05-22,1135.3909465
2010-05-23,1141.26984127
2010-05-24,1149.20634921
2010-05-25,1149.20634921
2010-05-26,1149.20634921
2010-05-27,1149.20634921
2010-05-28,1149.20634921
2010-05-29,1147.14873604
2010-05-30,1141.26984127
2010-05-31,1133.33333333
2010-06-01,1133.33333333
2010-06-02,1133.33333333
2010-06-03,1134.92063492
2010-06-04,1136.50793651
2010-06-05,1138.0952381
2010-06-06,1139.68253968
2010-06-07,1141.26984127
2010-06-08,1153.96825397
2010-06-09,1166.66666667
2010-06-10,1177.77777778
2010-06-11,1185.71428571
2010-06-12,1192.82774838
2010-06-13,1198.41269841
2010-06-14,1203.17460317
2010-06-15,1196.82539683
2010-06-16,1190.47619048
2010-06-17,1187.3015873
2010-06-18,1187.3015873
2010-06-19,1188.12463257
2010-06-20,1190.47619048
2010-06-21,1193.65079365
2010-06-22,1196.82539683
2010-06-23,1192.06349206
2010-06-24,1184.12698413
2010-06-25,1176.19047619
2010-06-26,1168.25396825
2010-06-27,1160.31746032
2010-06-28,1152.38095238
2010-06-29,1152.38095238
2010-06-30,1152.38095238
2010-07-01,1152.38095238
2010-07-02,1152.38095238
2010-07-03,1152.38095238
2010-07-04,1152.38095238
2010-07-05,1152.38095238
2010-07-06,1144.44444444
2010-07-07,1147.61904762
2010-07-08,1150.79365079
2010-07-09,1161.9047619
2010-07-10,1173.01587302
2010-07-11,1184.12698413
2010-07-12,1195.23809524
2010-07-13,1206.34920635
2010-07-14,1214.28571429
2010-07-15,1222.22222222
2010-07-16,1222.22222222
2010-07-17,1222.22222222
2010-07-18,1222.22222222
2010-07-19,1222.22222222
2010-07-20,1222.22222222
2010-07-21,1222.22222222
2010-07-22,1222.22222222
2010-07-23,1214.28571429
2010-07-24,1208.40681952
2010-07-25,1206.34920635
2010-07-26,1206.34920635
2010-07-27,1206.34920635
2010-07-28,1206.34920635
2010-07-29,1206.34920635
2010-07-30,1214.28571429
2010-07-31,1219.75308642
2010-08-01,1220.63492063
2010-08-02,1219.04761905
2010-08-03,1217.46031746
2010-08-04,1223.80952381
2010-08-05,1230.15873016
2010-08-06,1236.50793651
2010-08-07,1243.26866549
2010-08-08,1250.79365079
2010-08-09,1258.73015873
2010-08-10,1266.66666667
2010-08-11,1266.66666667
2010-08-12,1266.66666667
2010-08-13,1273.01587302
2010-08-14,1279.36507937
2010-08-15,1285.71428571
2010-08-16,1292.06349206
2010-08-17,1298.41269841
2010-08-18,1304.76190476
2010-08-19,1311.11111111
2010-08-20,1311.11111111
2010-08-21,1311.11111111
2010-08-22,1311.11111111
2010-08-23,1311.11111111
2010-08-24,1311.11111111
2010-08-25,1311.11111111
2010-08-26,1311.11111111
2010-08-27,1311.11111111
2010-08-28,1311.11111111
2010-08-29,1311.11111111
2010-08-30,1311.11111111
2010-08-31,1311.11111111
2010-09-01,1315.87301587
2010-09-02,1322.77777778
2010-09-03,1330.71428571
2010-09-04,1342.76601999
2010-09-05,1362.46031746
2010-09-06,1386.26984127
2010-09-07,1410.07936508
2010-09-08,1421.19047619
2010-09-09,1438.0952381
2010-09-10,1453.96825397
2010-09-11,1473.95649618
2010-09-12,1501.58730159
2010-09-13,1533.33333333
2010-09-14,1565.07936508
2010-09-15,1604.76190476
2010-09-16,1644.44444444
2010-09-17,1684.12698413
2010-09-18,1719.69429747
2010-09-19,1747.61904762
2010-09-20,1771.42857143
2010-09-21,1798.41269841
2010-09-22,1830.15873016
2010-09-23,1869.84126984
2010-09-24,1909.52380952
2010-09-25,1945.09112287
2010-09-26,1973.01587302
2010-09-27,1996.82539683
2010-09-28,2025.3968254
2010-09-29,2057.14285714
2010-09-30,2073.01587302
2010-10-01,2088.88888889
2010-10-02,2102.70429159
2010-10-03,2112.6984127
2010-10-04,2120.63492063
2010-10-05,2128.57142857
2010-10-06,2130.15873016
2010-10-07,2131.74603175
2010-10-08,2141.26984127
2010-10-09,2154.90887713
2010-10-10,2176.19047619
2010-10-11,2201.58730159
2010-10-12,2211.11111111
2010-10-13,2219.04761905
2010-10-14,2223.01587302
2010-10-15,2215.07936508
2010-10-16,2205.08524397
2010-10-17,2191.26984127
2010-10-18,2175.3968254
2010-10-19,2167.46031746
2010-10-20,2159.52380952
2010-10-21,2155.55555556
2010-10-22,2163.49206349
2010-10-23,2170.33295922
2010-10-24,2174.31457431
2010-10-25,2174.31457431
2010-10-26,2166.37806638
2010-10-27,2158.44155844
2010-10-28,2150.50505051
2010-10-29,2139.39393939
2010-10-30,2129.37844049
2010-10-31,2122.22222222
2010-11-01,2119.04761905
2010-11-02,2123.80952381
2010-11-03,2128.57142857
2010-11-04,2149.20634921
2010-11-05,2169.16510025
2010-11-06,2192.6822264
2010-11-07,2218.71345029
2010-11-08,2245.69757728
2010-11-09,2264.74519632
2010-11-10,2331.41186299
2010-11-11,2382.20551378
2010-11-12,2468.59596909
2010-11-13,2571.4590471
2010-11-14,2704.47330447
2010-11-15,2853.67965368
2010-11-16,3002.88600289
2010-11-17,3104.47330447
2010-11-18,3206.06060606
2010-11-19,3267.96536797
2010-11-20,3309.83913206
2010-11-21,3319.04761905
2010-11-22,3311.11111111
2010-11-23,3333.33333333
2010-11-24,3331.74603175
2010-11-25,3346.03174603
2010-11-26,3346.03174603
2010-11-27,3348.0893592
2010-11-28,3353.96825397
2010-11-29,3361.9047619
2010-11-30,3347.61904762
2010-12-01,3357.14285714
2010-12-02,3342.85714286
2010-12-03,3336.50793651
2010-12-04,3328.10111699
2010-12-05,3315.87301587
2010-12-06,3301.58730159
2010-12-07,3295.23809524
2010-12-08,3288.88888889
2010-12-09,3274.6031746
2010-12-10,3266.66666667
2010-12-11,3262.61499595
2010-12-12,3267.73916774
2010-12-13,3283.61218361
2010-12-14,3323.29472329
2010-12-15,3355.04075504
2010-12-16,3402.65980266
2010-12-17,3449.03877091
2010-12-18,3488.80472735
2010-12-19,3516.66666667
2010-12-20,3532.53968254
2010-12-21,3524.6031746
2010-12-22,3803.96825397
2010-12-23,4083.33333333
2010-12-24,4368.99434156
2010-12-25,4669.3309557
2010-12-26,4986.37139444
2010-12-27,5316.2949688
2010-12-28,5539.81054788
2010-12-29,5500.12800819
2010-12-30,5420.76292883
2010-12-31,5296.65946028
2011-01-01,5162.6661736
2011-01-02,5018.51851852
2011-01-03,4864.78542034
2011-01-04,4823.80952381
2011-01-05,4766.66666667
2011-01-06,4749.20634921
2011-01-07,4771.42857143
2011-01-08,4809.70017637
2011-01-09,4877.77777778
2011-01-10,4961.9047619
2011-01-11,4992.06349206
2011-01-12,5014.28571429
2011-01-13,5012.6984127
2011-01-14,4992.06349206
2011-01-15,4946.55071054
2011-01-16,4853.58511221
2011-01-17,4731.36288998
2011-01-18,4621.83908046
2011-01-19,4488.50574713
2011-01-20,4378.9819376
2011-01-21,4278.9819376
2011-01-22,4185.75280261
2011-01-23,4106.34920635
2011-01-24,4038.0952381
2011-01-25,3996.82539683
2011-01-26,3996.82539683
2011-01-27,4006.34920635
2011-01-28,3922.22222222
2011-01-29,3820.09677565
2011-01-30,3707.57020757
2011-01-31,3591.6971917
2011-02-01,3475.82417582
2011-02-02,3302.80830281
2011-02-03,3069.47496947
2011-02-04,2939.31623932
2011-02-05,2822.18215319
2011-02-06,2705.53709856
2011-02-07,2584.90217793
2011-02-08,2429.34662237
2011-02-09,2321.41011443
2011-02-10,2264.26725729
2011-02-11,2189.66408269
2011-02-12,2114.68493226
2011-02-13,2039.68253968
2011-02-14,1966.66666667
2011-02-15,1928.57142857
2011-02-16,1890.47619048
2011-02-17,1852.38095238
2011-02-18,1831.74603175
2011-02-19,1818.44503233
2011-02-20,1819.44444444
2011-02-21,1830.15873016
2011-02-22,1842.85714286
2011-02-23,1858.73015873
2011-02-24,1882.53968254
2011-02-25,1906.34920635
2011-02-26,1926.52851264
2011-02-27,1939.28571429
2011-02-28,1946.03174603
2011-03-01,1926.98412698
2011-03-02,1904.76190476
2011-03-03,1874.6031746
2011-03-04,1842.85714286
2011-03-05,1808.64197531
2011-03-06,1769.84126984
2011-03-07,1728.57142857
2011-03-08,1719.04761905
2011-03-09,1671.42857143
2011-03-10,1622.22222222
2011-03-11,1574.6031746
2011-03-12,1533.15696649
2011-03-13,1503.17460317
2011-03-14,1479.36507937
2011-03-15,1434.92063492
2011-03-16,1436.50793651
2011-03-17,1431.74603175
2011-03-18,1425.3968254
2011-03-19,1419.04761905
2011-03-20,1412.6984127
2011-03-21,1406.34920635
2011-03-22,1404.76190476
2011-03-23,1393.65079365
2011-03-24,1390.47619048
2011-03-25,1388.88888889
2011-03-26,1387.3015873
2011-03-27,1385.71428571
2011-03-28,1384.12698413
2011-03-29,1374.6031746
2011-03-30,1374.6031746
2011-03-31,1369.84126984
2011-04-01,1365.07936508
2011-04-02,1358.25984715
2011-04-03,1347.61904762
2011-04-04,1334.92063492
2011-04-05,1338.0952381
2011-04-06,1333.33333333
2011-04-07,1336.50793651
2011-04-08,1339.68253968
2011-04-09,1342.85714286
2011-04-10,1346.03174603
2011-04-11,1349.20634921
2011-04-12,1351.58730159
2011-04-13,1353.17460317
2011-04-14,1351.58730159
2011-04-15,1350.0
2011-04-16,1348.41269841
2011-04-17,1346.82539683
2011-04-18,1345.23809524
2011-04-19,1333.33333333
2011-04-20,1319.04761905
2011-04-21,1304.76190476
2011-04-22,1291.71626984
2011-04-23,1281.39880952
2011-04-24,1273.80952381
2011-04-25,1267.46031746
2011-04-26,1265.87301587
2011-04-27,1267.46031746
2011-04-28,1269.04761905
2011-04-29,1269.39484127
2011-04-30,1269.07150206
2011-05-01,1269.84126984
2011-05-02,1271.42857143
2011-05-03,1279.36507937
2011-05-04,1295.23809524
2011-05-05,1311.11111111
2011-05-06,1326.98412698
2011-05-07,1340.79952969
2011-05-08,1350.79365079
2011-05-09,1358.73015873
2011-05-10,1366.66666667
2011-05-11,1369.84126984
2011-05-12,1373.01587302
2011-05-13,1376.19047619
2011-05-14,1378.5420341
2011-05-15,1379.36507937
2011-05-16,1379.36507937
2011-05-17,1380.95238095
2011-05-18,1380.95238095
2011-05-19,1380.95238095
2011-05-20,1380.95238095
2011-05-21,1381.77542622
2011-05-22,1384.12698413
2011-05-23,1387.3015873
2011-05-24,1388.88888889
2011-05-25,1388.88888889
2011-05-26,1396.82539683
2011-05-27,1403.17460317
2011-05-28,1409.52380952
2011-05-29,1415.87301587
2011-05-30,1422.22222222
2011-05-31,1430.15873016
2011-06-01,1430.15873016
2011-06-02,1422.22222222
2011-06-03,1415.87301587
2011-06-04,1409.52380952
2011-06-05,1403.17460317
2011-06-06,1396.82539683
2011-06-07,1388.88888889
2011-06-08,1392.06349206
2011-06-09,1398.41269841
2011-06-10,1409.52380952
2011-06-11,1420.63492063
2011-06-12,1431.74603175
2011-06-13,1442.85714286
2011-06-14,1453.96825397
2011-06-15,1461.9047619
2011-06-16,1466.66666667
2011-06-17,1466.66666667
2011-06-18,1466.66666667
2011-06-19,1466.66666667
2011-06-20,1466.66666667
2011-06-21,1477.77777778
2011-06-22,1488.88888889
2011-06-23,1500.0
2011-06-24,1514.28571429
2011-06-25,1532.68665491
2011-06-26,1558.73015873
2011-06-27,1588.88888889
2011-06-28,1609.52380952
2011-06-29,1630.15873016
2011-06-30,1634.92063492
2011-07-01,1636.50793651
2011-07-02,1633.98001176
2011-07-03,1623.80952381
2011-07-04,1609.52380952
2011-07-05,1585.71428571
2011-07-06,1561.9047619
2011-07-07,1553.96825397
2011-07-08,1541.26984127
2011-07-09,1528.57142857
2011-07-10,1515.87301587
2011-07-11,1503.17460317
2011-07-12,1503.17460317
2011-07-13,1503.17460317
2011-07-14,1503.17460317
2011-07-15,1507.93650794
2011-07-16,1512.6984127
2011-07-17,1517.46031746
2011-07-18,1522.22222222
2011-07-19,1522.22222222
2011-07-20,1522.22222222
2011-07-21,1522.22222222
2011-07-22,1522.22222222
2011-07-23,1522.22222222
2011-07-24,1522.22222222
2011-07-25,1522.22222222
2011-07-26,1522.22222222
2011-07-27,1522.22222222
2011-07-28,1522.22222222
2011-07-29,1519.04761905
2011-07-30,1516.69606114
2011-07-31,1515.87301587
2011-08-01,1515.87301587
2011-08-02,1515.87301587
2011-08-03,1515.87301587
2011-08-04,1515.87301587
2011-08-05,1519.04761905
2011-08-06,1521.39917695
2011-08-07,1522.22222222
2011-08-08,1522.22222222
2011-08-09,1525.3968254
2011-08-10,1530.15873016
2011-08-11,1534.92063492
2011-08-12,1539.68253968
2011-08-13,1545.00811688
2011-08-14,1551.93452381
2011-08-15,1561.36363636
2011-08-16,1570.88744589
2011-08-17,1586.76046176
2011-08-18,1607.3953824
2011-08-19,1628.03030303
2011-08-20,1648.10155123
2011-08-21,1666.5719697
2011-08-22,1682.53968254
2011-08-23,1695.23809524
2011-08-24,1700.0
2011-08-25,1700.0
2011-08-26,1707.93650794
2011-08-27,1715.87301587
2011-08-28,1723.80952381
2011-08-29,1731.74603175
2011-08-30,1739.68253968
2011-08-31,1747.61904762
2011-09-01,1755.55555556
2011-09-02,1755.55555556
2011-09-03,1755.55555556
2011-09-04,1755.55555556
2011-09-05,1755.55555556
2011-09-06,1755.55555556
2011-09-07,1763.49206349
2011-09-08,1771.42857143
2011-09-09,1779.36507937
2011-09-10,1787.3015873
2011-09-11,1795.23809524
2011-09-12,1803.17460317
2011-09-13,1811.11111111
2011-09-14,1811.11111111
2011-09-15,1811.11111111
2011-09-16,1811.11111111
2011-09-17,1813.16872428
2011-09-18,1819.04761905
2011-09-19,1826.98412698
2011-09-20,1834.92063492
2011-09-21,1842.85714286
2011-09-22,1846.03174603
2011-09-23,1849.20634921
2011-09-24,1853.61552028
2011-09-25,1860.31746032
2011-09-26,1868.25396825
2011-09-27,1876.19047619
2011-09-28,1884.12698413
2011-09-29,1911.11111111
2011-09-30,1938.0952381
2011-10-01,1959.72957084
2011-10-02,1971.42857143
2011-10-03,1977.77777778
2011-10-04,1984.12698413
2011-10-05,1990.47619048
2011-10-06,1978.57142857
2011-10-07,1962.6984127
2011-10-08,1948.77210162
2011-10-09,1938.36296853
2011-10-10,1929.55708204
2011-10-11,1920.18949829
2011-10-12,1910.19581887
2011-10-13,1903.52283162
2011-10-14,1908.12851061
2011-10-15,1912.28340071
2011-10-16,1916.28802786
2011-10-17,1920.44291796
2011-10-18,1925.04859695
2011-10-19,1931.0740224
2011-10-20,1938.54066044
2011-10-21,1938.69688622
2011-10-22,1939.41480925
2011-10-23,1940.58709885
2011-10-24,1942.06349206
2011-10-25,1944.06231628
2011-10-26,1946.61963551
2011-10-27,1950.26455026
2011-10-28,1955.82010582
2011-10-29,1962.87477954
2011-10-30,1970.63492063
2011-10-31,1978.57142857
2011-11-01,1986.09641387
2011-11-02,1992.26925338
2011-11-03,1996.56084656
2011-11-04,1998.94179894
2011-11-05,1999.82363316
2011-11-06,2000.0
2011-11-07,2000.0
2011-11-08,2000.0
2011-11-09,1998.41269841
2011-11-10,1996.82539683
2011-11-11,1995.23809524
2011-11-12,1993.65079365
2011-11-13,1992.06349206
2011-11-14,1990.47619048
2011-11-15,1976.98412698
2011-11-16,1946.82539683
2011-11-17,1916.66666667
2011-11-18,1878.57142857
2011-11-19,1840.47619048
2011-11-20,1802.38095238
2011-11-21,1764.28571429
2011-11-22,1733.33333333
2011-11-23,1720.63492063
2011-11-24,1707.93650794
2011-11-25,1703.17460317
2011-11-26,1696.35508524
2011-11-27,1685.71428571
2011-11-28,1673.01587302
2011-11-29,1665.07936508
2011-11-30,1661.9047619
2011-12-01,1658.73015873
2011-12-02,1657.14285714
2011-12-03,1656.79012346
2011-12-04,1658.73015873
2011-12-05,1661.9047619
2011-12-06,1665.07936508
2011-12-07,1663.49206349
2011-12-08,1658.73015873
2011-12-09,1652.38095238
2011-12-10,1644.79717813
2011-12-11,1634.92063492
2011-12-12,1623.80952381
2011-12-13,1609.52380952
2011-12-14,1588.88888889
2011-12-15,1571.42857143
2011-12-16,1553.96825397
2011-12-17,1538.56554968
2011-12-18,1526.98412698
2011-12-19,1517.46031746
2011-12-20,1514.28571429
2011-12-21,1517.46031746
2011-12-22,1520.63492063
2011-12-23,1523.80952381
2011-12-24,1522.86890065
2011-12-25,1514.28571429
2011-12-26,1501.58730159
2011-12-27,1487.3015873
2011-12-28,1473.01587302
2011-12-29,1452.38095238
2011-12-30,1423.80952381
2011-12-31,1399.1053057
2012-01-01,1381.49801587
2012-01-02,1367.46031746
2012-01-03,1351.58730159
2012-01-04,1356.34920635
2012-01-05,1367.46031746
2012-01-06,1384.92063492
2012-01-07,1398.51374192
2012-01-08,1405.00992063
2012-01-09,1407.93650794
2012-01-10,1409.52380952
2012-01-11,1390.47619048
2012-01-12,1371.42857143
2012-01-13,1353.96825397
2012-01-14,1341.44620811
2012-01-15,1338.0952381
2012-01-16,1339.68253968
2012-01-17,1342.85714286
2012-01-18,1346.03174603
2012-01-19,1349.20634921
2012-01-20,1344.44444444
2012-01-21,1338.85949442
2012-01-22,1331.74603175
2012-01-23,1323.80952381
2012-01-24,1315.87301587
2012-01-25,1304.76190476
2012-01-26,1293.65079365
2012-01-27,1290.47619048
2012-01-28,1287.3015873
2012-01-29,1284.12698413
2012-01-30,1280.95238095
2012-01-31,1276.19047619
2012-02-01,1269.84126984
2012-02-02,1268.25396825
2012-02-03,1268.25396825
2012-02-04,1268.25396825
2012-02-05,1268.25396825
2012-02-06,1268.25396825
2012-02-07,1269.84126984
2012-02-08,1276.19047619
2012-02-09,1277.77777778
2012-02-10,1276.19047619
2012-02-11,1274.33060766
2012-02-12,1271.13997114
2012-02-13,1264.79076479
2012-02-14,1250.50505051
2012-02-15,1239.39393939
2012-02-16,1228.28282828
2012-02-17,1218.75901876
2012-02-18,1218.18833173
2012-02-19,1238.04563492
2012-02-20,1280.15873016
2012-02-21,1338.88888889
2012-02-22,1338.88888889
2012-02-23,1338.88888889
2012-02-24,1340.47619048
2012-02-25,1333.38293651
2012-02-26,1307.19246032
2012-02-27,1261.9047619
2012-02-28,1206.34920635
2012-02-29,1214.28571429
2012-03-01,1222.22222222
2012-03-02,1225.3968254
2012-03-03,1231.45208701
2012-03-04,1242.85714286
2012-03-05,1257.14285714
2012-03-06,1269.84126984
2012-03-07,1274.6031746
2012-03-08,1279.36507937
2012-03-09,1287.3015873
2012-03-10,1292.3574368
2012-03-11,1292.06349206
2012-03-12,1288.88888889
2012-03-13,1288.88888889
2012-03-14,1288.88888889
2012-03-15,1287.3015873
2012-03-16,1284.12698413
2012-03-17,1279.71781305
2012-03-18,1273.01587302
2012-03-19,1265.07936508
2012-03-20,1255.55555556
2012-03-21,1246.03174603
2012-03-22,1238.0952381
2012-03-23,1231.74603175
2012-03-24,1226.6313933
2012-03-25,1223.80952381
2012-03-26,1222.22222222
2012-03-27,1222.22222222
2012-03-28,1222.22222222
2012-03-29,1225.3968254
2012-03-30,1231.74603175
2012-03-31,1238.0952381
2012-04-01,1244.44444444
2012-04-02,1250.79365079
2012-04-03,1261.9047619
2012-04-04,1272.66313933
2012-04-05,1279.36507937
2012-04-06,1281.74603175
2012-04-07,1282.98059965
2012-04-08,1283.33333333
2012-04-09,1283.33333333
2012-04-10,1278.57142857
2012-04-11,1274.1622575
2012-04-12,1270.63492063
2012-04-13,1268.25396825
2012-04-14,1267.01940035
2012-04-15,1266.66666667
2012-04-16,1266.66666667
2012-04-17,1266.66666667
2012-04-18,1266.66666667
2012-04-19,1266.66666667
2012-04-20,1266.66666667
2012-04-21,1266.66666667
2012-04-22,1266.66666667
2012-04-23,1266.66666667
2012-04-24,1266.66666667
2012-04-25,1266.66666667
2012-04-26,1266.66666667
2012-04-27,1266.66666667
2012-04-28,1266.66666667
2012-04-29,1266.66666667
2012-04-30,1266.66666667
2012-05-01,1266.66666667
2012-05-02,1269.84126984
2012-05-03,1277.77777778
2012-05-04,1285.71428571
2012-05-05,1293.65079365
2012-05-06,1301.58730159
2012-05-07,1309.52380952
2012-05-08,1315.87301587
2012-05-09,1320.63492063
2012-05-10,1309.52380952
2012-05-11,1298.41269841
2012-05-12,1287.3015873
2012-05-13,1276.19047619
2012-05-14,1265.07936508
2012-05-15,1257.14285714
2012-05-16,1247.61904762
2012-05-17,1233.33333333
2012-05-18,1226.98412698
2012-05-19,1223.47253458
2012-05-20,1221.67622168
2012-05-21,1223.26352326
2012-05-22,1239.13653914
2012-05-23,1255.00955501
2012-05-24,1294.69209469
2012-05-25,1326.43812644
2012-05-26,1357.4041574
2012-05-27,1390.47619048
2012-05-28,1422.22222222
2012-05-29,1431.74603175
2012-05-30,1441.26984127
2012-05-31,1442.85714286
2012-06-01,1436.50793651
2012-06-02,1430.98177543
2012-06-03,1426.98412698
2012-06-04,1423.80952381
2012-06-05,1426.98412698
2012-06-06,1426.98412698
2012-06-07,1430.15873016
2012-06-08,1441.26984127
2012-06-09,1448.40468174
2012-06-10,1447.33044733
2012-06-11,1439.39393939
2012-06-12,1423.52092352
2012-06-13,1413.64438031
2012-06-14,1402.88600289
2012-06-15,1393.36219336
2012-06-16,1384.52247341
2012-06-17,1377.77777778
2012-06-18,1374.6031746
2012-06-19,1379.36507937
2012-06-20,1382.89241623
2012-06-21,1384.12698413
2012-06-22,1382.53968254
2012-06-23,1382.18694885
2012-06-24,1384.12698413
2012-06-25,1387.3015873
2012-06-26,1390.47619048
2012-06-27,1392.06349206
2012-06-28,1397.61904762
2012-06-29,1408.73015873
2012-06-30,1420.25279248
2012-07-01,1432.53968254
2012-07-02,1445.23809524
2012-07-03,1461.11111111
2012-07-04,1476.98412698
2012-07-05,1480.95238095
2012-07-06,1480.95238095
2012-07-07,1480.12933568
2012-07-08,1477.77777778
2012-07-09,1474.6031746
2012-07-10,1465.07936508
2012-07-11,1455.55555556
2012-07-12,1453.96825397
2012-07-13,1453.96825397
2012-07-14,1453.55673133
2012-07-15,1452.38095238
2012-07-16,1450.79365079
2012-07-17,1452.38095238
2012-07-18,1453.96825397
2012-07-19,1463.49206349
2012-07-20,1469.84126984
2012-07-21,1475.09486398
2012-07-22,1477.48917749
2012-07-23,1475.9018759
2012-07-24,1466.37806638
2012-07-25,1464.79076479
2012-07-26,1445.74314574
2012-07-27,1428.28282828
2012-07-28,1411.91812303
2012-07-29,1398.41269841
2012-07-30,1388.88888889
2012-07-31,1395.23809524
2012-08-01,1393.65079365
2012-08-02,1401.58730159
2012-08-03,1409.52380952
2012-08-04,1417.46031746
2012-08-05,1425.3968254
2012-08-06,1433.33333333
2012-08-07,1430.15873016
2012-08-08,1426.98412698
2012-08-09,1425.3968254
2012-08-10,1423.80952381
2012-08-11,1422.22222222
2012-08-12,1420.63492063
2012-08-13,1419.04761905
2012-08-14,1407.93650794
2012-08-15,1396.82539683
2012-08-16,1384.12698413
2012-08-17,1376.19047619
2012-08-18,1368.25396825
2012-08-19,1360.31746032
2012-08-20,1352.38095238
2012-08-21,1357.14285714
2012-08-22,1361.9047619
2012-08-23,1358.73015873
2012-08-24,1350.79365079
2012-08-25,1344.20077094
2012-08-26,1341.01280664
2012-08-27,1342.35209235
2012-08-28,1356.63780664
2012-08-29,1362.98701299
2012-08-30,1377.27272727
2012-08-31,1391.55844156
2012-09-01,1404.08900513
2012-09-02,1412.45039683
2012-09-03,1415.87301587
2012-09-04,1412.6984127
2012-09-05,1417.46031746
2012-09-06,1422.22222222
2012-09-07,1426.98412698
2012-09-08,1430.05549677
2012-09-09,1429.94920635
2012-09-10,1428.01904762
2012-09-11,1419.52380952
2012-09-12,1410.79365079
2012-09-13,1393.89206349
2012-09-14,1376.77460317
2012-09-15,1361.58142269
2012-09-16,1350.20952381
2012-09-17,1341.02857143
2012-09-18,1340.0
2012-09-19,1335.23809524
2012-09-20,1334.67936508
2012-09-21,1334.33650794
2012-09-22,1336.22904174
2012-09-23,1342.06349206
2012-09-24,1350.0
2012-09-25,1350.0
2012-09-26,1353.96825397
2012-09-27,1358.73015873
2012-09-28,1368.25396825
2012-09-29,1375.72016461
2012-09-30,1379.36507937
2012-10-01,1380.95238095
2012-10-02,1378.57142857
2012-10-03,1372.22222222
2012-10-04,1369.04761905
2012-10-05,1359.52380952
2012-10-06,1352.05761317
2012-10-07,1348.41269841
2012-10-08,1346.82539683
2012-10-09,1349.20634921
2012-10-10,1357.14285714
2012-10-11,1366.66666667
2012-10-12,1382.53968254
2012-10-13,1396.35508524
2012-10-14,1406.34920635
2012-10-15,1414.28571429
2012-10-16,1422.22222222
2012-10-17,1428.57142857
2012-10-18,1436.50793651
2012-10-19,1439.68253968
2012-10-20,1444.77580033
2012-10-21,1454.25685426
2012-10-22,1468.54256854
2012-10-23,1487.59018759
2012-10-24,1506.63780664
2012-10-25,1522.51082251
2012-10-26,1542.10407648
2012-10-27,1567.96319678
2012-10-28,1597.61904762
2012-10-29,1626.19047619
2012-10-30,1626.19047619
2012-10-31,1640.47619048
2012-11-01,1654.76190476
2012-11-02,1658.9781746
2012-11-03,1657.0675338
2012-11-04,1650.79365079
2012-11-05,1642.85714286
2012-11-06,1652.38095238
2012-11-07,1653.96825397
2012-11-08,1663.49206349
2012-11-09,1679.36507937
2012-11-10,1693.29805996
2012-11-11,1703.7037037
2012-11-12,1712.43386243
2012-11-13,1727.89535567
2012-11-14,1737.3015873
2012-11-15,1738.88888889
2012-11-16,1745.23809524
2012-11-17,1750.97369195
2012-11-18,1755.32407407
2012-11-19,1758.2010582
2012-11-20,1764.96178718
2012-11-21,1779.36507937
2012-11-22,1807.93650794
2012-11-23,1819.04761905
2012-11-24,1832.71237507
2012-11-25,1851.28968254
2012-11-26,1873.01587302
2012-11-27,1873.01587302
2012-11-28,1866.66666667
2012-11-29,1847.61904762
2012-11-30,1841.26984127
2012-12-01,1832.86302175
2012-12-02,1820.63492063
2012-12-03,1806.34920635
2012-12-04,1831.74603175
2012-12-05,1853.96825397
2012-12-06,1873.01587302
2012-12-07,1885.71428571
2012-12-08,1898.94382615
2012-12-09,1913.40996169
2012-12-10,1929.28297756
2012-12-11,1921.34646962
2012-12-12,1922.93377121
2012-12-13,1921.34646962
2012-12-14,1934.04488232
2012-12-15,1942.09694095
2012-12-16,1941.26984127
2012-12-17,1934.92063492
2012-12-18,1934.92063492
2012-12-19,1926.98412698
2012-12-20,1923.80952381
2012-12-21,1922.22222222
2012-12-22,1922.19729571
2012-12-23,1924.81269841
2012-12-24,1928.07619048
2012-12-25,1929.36507937
2012-12-26,1934.12698413
2012-12-27,1927.77777778
2012-12-28,1911.9047619
2012-12-29,1898.99611993
2012-12-30,1891.85396825
2012-12-31,1888.59047619
2013-01-01,1884.12698413
2013-01-02,1861.9047619
2013-01-03,1865.07936508
2013-01-04,1866.66666667
2013-01-05,1863.72721928
2013-01-06,1852.38095238
2013-01-07,1836.50793651
2013-01-08,1815.87301587
2013-01-09,1811.11111111
2013-01-10,1823.80952381
2013-01-11,1819.04761905
2013-01-12,1810.68572631
2013-01-13,1804.79347042
2013-01-14,1801.37085137
2013-01-15,1833.11688312
2013-01-16,1879.14862915
2013-01-17,1895.02164502
2013-01-18,1929.94227994
2013-01-19,1974.12955954
2013-01-20,2028.21579903
2013-01-21,2091.9558784
2013-01-22,2160.20984665
2013-01-23,2218.94000538
2013-01-24,2276.08286252
2013-01-25,2331.9856403
2013-01-26,2383.60881311
2013-01-27,2427.77777778
2013-01-28,2462.6984127
2013-01-29,2474.93098689
2013-01-30,2495.56590752
2013-01-31,2507.47066943
2013-02-01,2549.98059006
2013-02-02,2591.19525775
2013-02-03,2624.76546613
2013-02-04,2645.40038677
2013-02-05,2625.23130464
2013-02-06,2604.59638401
2013-02-07,2594.27892369
2013-02-08,2537.13606655
2013-02-09,2487.72034066
2013-02-10,2455.55555556
2013-02-11,2441.26984127
2013-02-12,2439.68253968
2013-02-13,2423.80952381
2013-02-14,2376.19047619
2013-02-15,2422.22222222
2013-02-16,2438.33242109
2013-02-17,2399.1242474
2013-02-18,2330.87027915
2013-02-19,2280.5270788
2013-02-20,2234.49533277
2013-02-21,2251.95565023
2013-02-22,2172.59057087
2013-02-23,2110.98407303
2013-02-24,2091.00780976
2013-02-25,2093.09114309
2013-02-26,2108.51370851
2013-02-27,2119.62481962
2013-02-28,2079.94227994
2013-03-01,2060.89466089
2013-03-02,2049.60083641
2013-03-03,2043.3531746
2013-03-04,2038.0952381
2013-03-05,1996.11992945
2013-03-06,1953.96825397
2013-03-07,1944.44444444
2013-03-08,1931.74603175
2013-03-09,1915.63786008
2013-03-10,1893.65079365
2013-03-11,1869.84126984
2013-03-12,1897.5308642
2013-03-13,1911.11111111
2013-03-14,1907.93650794
2013-03-15,1904.76190476
2013-03-16,1905.70252792
2013-03-17,1914.28571429
2013-03-18,1926.98412698
2013-03-19,1909.52380952
2013-03-20,1906.34920635
2013-03-21,1920.63492063
2013-03-22,1922.22222222
2013-03-23,1927.51322751
2013-03-24,1939.68253968
2013-03-25,1955.55555556
2013-03-26,1939.68253968
2013-03-27,1929.57875458
2013-03-28,1912.11843712
2013-03-29,1916.1019536
2013-03-30,1921.49470899
2013-03-31,1923.74847375
2013-04-01,1923.74847375
2013-04-02,1953.90720391
2013-04-03,1978.2967033
2013-04-04,1978.2967033
2013-04-05,1972.22985348
2013-04-06,1959.54726858
2013-04-07,1941.26984127
2013-04-08,1920.63492063
2013-04-09,1884.12698413
2013-04-10,1847.61904762
2013-04-11,1827.77777778
2013-04-12,1809.22619048
2013-04-13,1791.76587302
2013-04-14,1775.3968254
2013-04-15,1759.52380952
2013-04-16,1745.23809524
2013-04-17,1748.41269841
2013-04-18,1750.79365079
2013-04-19,1749.90079365
2013-04-20,1743.96310994
2013-04-21,1733.33333333
2013-04-22,1720.63492063
2013-04-23,1720.57613169
2013-04-24,1700.0
2013-04-25,1677.77777778
2013-04-26,1673.90873016
2013-04-27,1670.96928277
2013-04-28,1665.07936508
2013-04-29,1657.14285714
2013-04-30,1666.72545561
2013-05-01,1671.42857143
2013-05-02,1671.42857143
2013-05-03,1668.25396825
2013-05-04,1669.60611405
2013-05-05,1679.36507937
2013-05-06,1693.65079365
2013-05-07,1690.47619048
2013-05-08,1695.23809524
2013-05-09,1706.34920635
2013-05-10,1703.17460317
2013-05-11,1700.74404762
2013-05-12,1699.95039683
2013-05-13,1700.79365079
2013-05-14,1703.96825397
2013-05-15,1707.14285714
2013-05-16,1726.02539683
2013-05-17,1746.1015873
2013-05-18,1764.96388889
2013-05-19,1781.79563492
2013-05-20,1796.82539683
2013-05-21,1806.34920635
2013-05-22,1817.46031746
2013-05-23,1812.86349206
2013-05-24,1824.53333333
2013-05-25,1837.49606114
2013-05-26,1852.38095238
2013-05-27,1868.25396825
2013-05-28,1904.76190476
2013-05-29,1923.80952381
2013-05-30,1942.85714286
2013-05-31,1946.03174603
2013-06-01,1948.38330394
2013-06-02,1949.20634921
2013-06-03,1949.20634921
2013-06-04,1934.92063492
2013-06-05,1952.38095238
2013-06-06,1969.84126984
2013-06-07,1955.55555556
2013-06-08,1937.62783117
2013-06-09,1919.14320025
2013-06-10,1901.68288279
2013-06-11,1882.63526375
2013-06-12,1854.06383518
2013-06-13,1827.07970819
2013-06-14,1835.01621613
2013-06-15,1849.33643691
2013-06-16,1870.12987013
2013-06-17,1895.52669553
2013-06-18,1928.86002886
2013-06-19,1971.71717172
2013-06-20,2032.03463203
2013-06-21,2089.67352092
2013-06-22,2145.66197691
2013-06-23,2196.82539683
2013-06-24,2242.85714286
2013-06-25,2280.95238095
2013-06-26,2287.3015873
2013-06-27,2290.47619048
2013-06-28,2293.1547619
2013-06-29,2287.33465608
2013-06-30,2266.66666667
2013-07-01,2238.0952381
2013-07-02,2257.55437978
2013-07-03,2293.65079365
2013-07-04,2326.98412698
2013-07-05,2365.07936508
2013-07-06,2416.28988296
2013-07-07,2490.04329004
2013-07-08,2575.75757576
2013-07-09,2624.55240233
2013-07-10,2672.58297258
2013-07-11,2707.5036075
2013-07-12,2742.42424242
2013-07-13,2771.63700497
2013-07-14,2792.06349206
2013-07-15,2807.93650794
2013-07-16,2814.28571429
2013-07-17,2857.14285714
2013-07-18,2909.52380952
2013-07-19,2953.96825397
2013-07-20,2988.12463257
2013-07-21,3003.17460317
2013-07-22,3007.93650794
2013-07-23,3014.28571429
2013-07-24,2968.25396825
2013-07-25,2912.6984127
2013-07-26,2874.6031746
2013-07-27,2843.09229865
2013-07-28,2823.80952381
2013-07-29,2811.11111111
2013-07-30,2793.65079365
2013-07-31,2855.55555556
2013-08-01,2915.87301587
2013-08-02,2957.14285714
2013-08-03,3002.52792475
2013-08-04,3055.55555556
2013-08-05,3112.6984127
2013-08-06,3187.3015873
2013-08-07,3188.88888889
2013-08-08,3214.28571429
2013-08-09,3288.58880027
2013-08-10,3424.63892725
2013-08-11,3615.36047326
2013-08-12,3829.64618754
2013-08-13,4083.61444151
2013-08-14,4315.36047326
2013-08-15,4526.70015579
2013-08-16,4698.22564124
2013-08-17,4820.57007293
2013-08-18,4905.96745027
2013-08-19,4975.80872011
2013-08-20,4942.02330721
2013-08-21,4903.92806912
2013-08-22,4878.30267229
2013-08-23,4846.75981515
2013-08-24,4811.43724621
2013-08-25,4765.63738652
2013-08-26,4714.84373573
2013-08-27,4680.37518038
2013-08-28,4681.96248196
2013-08-29,4669.26406926
2013-08-30,4658.15295815
2013-08-31,4638.66709422
2013-09-01,4612.6984127
2013-09-02,4584.12698413
2013-09-03,4601.58730159
2013-09-04,4525.86713698
2013-09-05,4477.77777778
2013-09-06,4431.74603175
2013-09-07,4391.18129899
2013-09-08,4365.5917384
2013-09-09,4362.34670739
2013-09-10,4371.09769078
2013-09-11,4502.59554061
2013-09-12,4623.01587302
2013-09-13,4729.36507937
2013-09-14,4828.96662672
2013-09-15,4911.6068888
2013-09-16,4971.99477695
2013-09-17,4999.75173007
2013-09-18,5023.33912421
2013-09-19,5055.77005577
2013-09-20,5096.49426212
2013-09-21,5127.84545458
2013-09-22,5148.41269841
2013-09-23,5162.6984127
2013-09-24,5183.33333333
2013-09-25,5175.3968254
2013-09-26,5138.88888889
2013-09-27,5060.06944444
2013-09-28,4991.08061434
2013-09-29,4933.33333333
2013-09-30,4880.95238095
2013-10-01,4826.98412698
2013-10-02,4767.10927961
2013-10-03,4703.61721612
2013-10-04,4686.15689866
2013-10-05,4664.58135486
2013-10-06,4635.36324786
2013-10-07,4602.02991453
2013-10-08,4579.80769231
2013-10-09,4566.66666667
2013-10-10,4558.73015873
2013-10-11,4551.55555556
2013-10-12,4550.33450911
2013-10-13,4559.29365079
2013-10-14,4572.81746032
2013-10-15,4574.4047619
2013-10-16,4576.78571429
2013-10-17,4581.54761905
2013-10-18,4607.5218254
2013-10-19,4635.22729277
2013-10-20,4667.49206349
2013-10-21,4703.17460317
2013-10-22,4734.92063492
2013-10-23,4773.80952381
2013-10-24,4854.76190476
2013-10-25,4942.31150794
2013-10-26,5027.11456496
2013-10-27,5106.34920635
2013-10-28,5182.53968254
2013-10-29,5253.96825397
2013-10-30,5317.46031746
2013-10-31,5337.3015873
2013-11-01,5325.46666667
2013-11-02,5307.29758965
2013-11-03,5281.02222222
2013-11-04,5248.41269841
2013-11-05,5224.6031746
2013-11-06,5200.79365079
2013-11-07,5185.71428571
2013-11-08,5178.5015873
2013-11-09,5182.84318888
2013-11-10,5203.14727891
2013-11-11,5234.01360544
2013-11-12,5265.75963719
2013-11-13,5281.63265306
2013-11-14,5286.48626858
2013-11-15,5284.32753842
2013-11-16,5274.62297388
2013-11-17,5254.69419249
2013-11-18,5229.45326279
2013-11-19,5189.7707231
2013-11-20,5181.83421517
2013-11-21,5180.15520282
2013-11-22,5166.44091711
2013-11-23,5143.94121105
2013-11-24,5103.17460317
2013-11-25,5052.38095238
2013-11-26,5014.28571429
2013-11-27,4960.31746032
2013-11-28,4895.23809524
2013-11-29,4849.20634921
2013-11-30,4811.40505585
2013-12-01,4788.88888889
2013-12-02,4774.6031746
2013-12-03,4758.73015873
2013-12-04,4738.14412745
2013-12-05,4712.94001023
2013-12-06,4617.70191499
2013-12-07,4522.72249112
2013-12-08,4429.55376684
2013-12-09,4337.49027478
2013-12-10,4256.53789383
2013-12-11,4175.53662352
2013-12-12,4129.31216931
2013-12-13,4070.58201058
2013-12-14,4003.22264668
2013-12-15,3931.13462594
2013-12-16,3851.76954658
2013-12-17,3726.37272118
2013-12-18,3615.26161007
2013-12-19,3477.16637197
2013-12-20,3361.2933561
2013-12-21,3255.8484872
2013-12-22,3157.14285714
2013-12-23,3066.66666667
2013-12-24,3015.87301587
2013-12-25,2945.17704518
2013-12-26,2857.87545788
2013-12-27,2786.44688645
2013-12-28,2700.51704126
2013-12-29,2602.43748022
2013-12-30,2499.26287704
2013-12-31,2394.50097228
2014-01-01,2315.99059377
2014-01-02,2238.21281599
2014-01-03,2209.64138742
2014-01-04,2197.60596485
2014-01-05,2197.93019481
2014-01-06,2203.71572872
2014-01-07,2210.06493506
2014-01-08,2202.12842713
2014-01-09,2216.41414141
2014-01-10,2221.17604618
2014-01-11,2221.71156673
2014-01-12,2216.85431698
2014-01-13,2205.54497354
2014-01-14,2189.52380952
2014-01-15,2168.25396825
2014-01-16,2144.44444444
2014-01-17,2119.04761905
2014-01-18,2094.74683341
2014-01-19,2072.76960077
2014-01-20,2052.8965849
2014-01-21,2030.82251082
2014-01-22,2010.82251082
2014-01-23,1991.77489177
2014-01-24,1972.72727273
2014-01-25,1954.77526589
2014-01-26,1939.68253968
2014-01-27,1928.57142857
2014-01-28,1925.3968254
2014-01-29,1923.80952381
2014-01-30,1922.22222222
2014-01-31,1920.63492063
2014-02-01,1916.81709721
2014-02-02,1911.20448179
2014-02-03,1904.85527544
2014-02-04,1900.09337068
2014-02-05,1895.33146592
2014-02-06,1890.56956116
2014-02-07,1887.39495798
2014-02-08,1886.03935401
2014-02-09,1885.71428571
2014-02-10,1885.71428571
2014-02-11,1876.19047619
2014-02-12,1850.79365079
2014-02-13,1825.3968254
2014-02-14,1800.0
2014-02-15,1774.76668136
2014-02-16,1749.75198413
2014-02-17,1724.6031746
2014-02-18,1707.14285714
2014-02-19,1705.55555556
2014-02-20,1703.96825397
2014-02-21,1700.79365079
2014-02-22,1697.86706349
2014-02-23,1695.48611111
2014-02-24,1693.65079365
2014-02-25,1700.0
2014-02-26,1706.34920635
2014-02-27,1712.6984127
2014-02-28,1720.63492063
2014-03-01,1728.57142857
2014-03-02,1736.50793651
2014-03-03,1744.44444444
2014-03-04,1744.44444444
2014-03-05,1744.44444444
2014-03-06,1744.44444444
2014-03-07,1744.44444444
2014-03-08,1744.44444444
2014-03-09,1744.44444444
2014-03-10,1744.44444444
2014-03-11,1744.44444444
2014-03-12,1742.85714286
2014-03-13,1742.85714286
2014-03-14,1741.26984127
2014-03-15,1739.8074662
2014-03-16,1738.69047619
2014-03-17,1738.0952381
2014-03-18,1738.15402704
2014-03-19,1740.54232804
2014-03-20,1746.89153439
2014-03-21,1754.02704292
2014-03-22,1762.19135802
2014-03-23,1771.42857143
2014-03-24,1781.07730747
2014-03-25,1788.83009994
2014-03-26,1795.96560847
2014-03-27,1797.55291005
2014-03-28,1799.94121105
2014-03-29,1803.15990594
2014-03-30,1809.32539683
2014-03-31,1818.92269253
2014-04-01,1833.33333333
2014-04-02,1849.20634921
2014-04-03,1868.25396825
2014-04-04,1884.12698413
2014-04-05,1898.01587302
2014-04-06,1907.53968254
2014-04-07,1912.6984127
2014-04-08,1913.49206349
2014-04-09,1911.9047619
2014-04-10,1907.93650794
2014-04-11,1907.93650794
2014-04-12,1907.68849206
2014-04-13,1906.89484127
2014-04-14,1905.55555556
2014-04-15,1904.76190476
2014-04-16,1908.73015873
2014-04-17,1915.87301587
2014-04-18,1921.97420635
2014-04-19,1927.77777778
2014-04-20,1933.58134921
2014-04-21,1939.68253968
2014-04-22,1946.03174603
2014-04-23,1948.41269841
2014-04-24,1946.82539683
2014-04-25,1947.81746032
2014-04-26,1952.63815403
2014-04-27,1962.6984127
2014-04-28,1975.3968254
2014-04-29,1988.0952381
2014-04-30,2000.70572447
2014-05-01,2013.08945347
2014-05-02,2022.83177727
2014-05-03,2029.77632884
2014-05-04,2033.24540701
2014-05-05,2034.92063492
2014-05-06,2036.50793651
2014-05-07,2038.21482645
2014-05-08,2045.7938461
2014-05-09,2057.79139328
2014-05-10,2069.48658177
2014-05-11,2080.18107085
2014-05-12,2090.52416814
2014-05-13,2098.04486962
2014-05-14,2106.60347184
2014-05-15,2110.59014148
2014-05-16,2110.74425156
2014-05-17,2115.50652727
2014-05-18,2128.70276138
2014-05-19,2146.39860558
2014-05-20,2167.1876363
2014-05-21,2185.46002022
2014-05-22,2194.81227324
2014-05-23,2202.33297471
2014-05-24,2205.31066206
2014-05-25,2200.1822687
2014-05-26,2190.85500405
2014-05-27,2178.41828773
2014-05-28,2167.42865543
2014-05-29,2162.6984127
2014-05-30,2161.11111111
2014-05-31,2158.45274838
2014-06-01,2153.7202381
2014-06-02,2147.61904762
2014-06-03,2168.25396825
2014-06-04,2193.65079365
2014-06-05,2204.76190476
2014-06-06,2219.04761905
2014-06-07,2233.74485597
2014-06-08,2249.20634921
2014-06-09,2265.07936508
2014-06-10,2265.07936508
2014-06-11,2277.77777778
2014-06-12,2314.28571429
2014-06-13,2334.92063492
2014-06-14,2356.53397161
2014-06-15,2380.38548753
2014-06-16,2406.6893424
2014-06-17,2427.32426304
2014-06-18,2433.67346939
2014-06-19,2435.26077098
2014-06-20,2451.13482648
2014-06-21,2469.16645918
2014-06-22,2487.96037421
2014-06-23,2505.87900146
2014-06-24,2513.8155094
2014-06-25,2515.40281099
2014-06-26,2513.8155094
2014-06-27,2518.57637453
2014-06-28,2527.1635375
2014-06-29,2540.55657132
2014-06-30,2558.40891912
2014-07-01,2593.32955404
2014-07-02,2620.31368103
2014-07-03,2648.8851096
2014-07-04,2666.34542706
2014-07-05,2679.31258923
2014-07-06,2689.05895692
2014-07-07,2695.23809524
2014-07-08,2693.65079365
2014-07-09,2722.22222222
2014-07-10,2747.61904762
2014-07-11,2757.14285714
2014-07-12,2767.34542082
2014-07-13,2779.17471042
2014-07-14,2792.96439296
2014-07-15,2800.9009009
2014-07-16,2785.02788503
2014-07-17,2769.15486915
2014-07-18,2775.5040755
2014-07-19,2781.1745277
2014-07-20,2785.21825397
2014-07-21,2787.3015873
2014-07-22,2773.01587302
2014-07-23,2763.49206349
2014-07-24,2753.96825397
2014-07-25,2728.57142857
2014-07-26,2700.70546737
2014-07-27,2668.25396825
2014-07-28,2633.33333333
2014-07-29,2619.84126984
2014-07-30,2607.14285714
2014-07-31,2600.79365079
2014-08-01,2599.20634921
2014-08-02,2593.05378175
2014-08-03,2585.30377668
2014-08-04,2577.36726875
2014-08-05,2563.87520525
2014-08-06,2549.58949097
2014-08-07,2524.19266557
2014-08-08,2506.73234811
2014-08-09,2492.66151757
2014-08-10,2475.61327561
2014-08-11,2451.8037518
2014-08-12,2429.58152958
2014-08-13,2432.75613276
2014-08-14,2456.56565657
2014-08-15,2483.35769366
2014-08-16,2513.05429095
2014-08-17,2547.43980506
2014-08-18,2587.85210005
2014-08-19,2630.70924291
2014-08-20,2657.69336989
2014-08-21,2672.03128876
2014-08-22,2680.37999241
2014-08-23,2689.76957972
2014-08-24,2704.08072532
2014-08-25,2722.39858907
2014-08-26,2744.62081129
2014-08-27,2758.90652557
2014-08-28,2766.79082892
2014-08-29,2778.07945326
2014-08-30,2791.28533216
2014-08-31,2804.26666667
2014-09-01,2815.87301587
2014-09-02,2823.80952381
2014-09-03,2822.22222222
2014-09-04,2823.80952381
2014-09-05,2818.65
2014-09-06,2811.278204
2014-09-07,2804.11626984
2014-09-08,2799.20634921
2014-09-09,2796.03174603
2014-09-10,2799.20634921
2014-09-11,2803.96825397
2014-09-12,2816.66666667
2014-09-13,2826.47890947
2014-09-14,2830.50595238
2014-09-15,2830.15873016
2014-09-16,2828.57142857
2014-09-17,2831.74603175
2014-09-18,2822.22222222
2014-09-19,2801.58730159
2014-09-20,2779.30629042
2014-09-21,2753.96825397
2014-09-22,2726.98412698
2014-09-23,2690.47619048
2014-09-24,2650.79365079
2014-09-25,2619.04761905
2014-09-26,2592.06349206
2014-09-27,2568.78306878
2014-09-28,2552.38095238
2014-09-29,2539.68253968
2014-09-30,2519.04761905
2014-10-01,2499.14188571
2014-10-02,2486.02343324
2014-10-03,2479.15787025
2014-10-04,2474.94565718
2014-10-05,2472.89494588
2014-10-06,2474.38701165
2014-10-07,2498.19653546
2014-10-08,2528.71019391
2014-10-09,2555.51003397
2014-10-10,2565.55020014
2014-10-11,2571.70244848
2014-10-12,2573.40042609
2014-10-13,2570.32105873
2014-10-14,2557.62264604
2014-10-15,2537.49091141
2014-10-16,2519.04761905
2014-10-17,2519.04761905
2014-10-18,2519.73170862
2014-10-19,2522.51082251
2014-10-20,2528.86002886
2014-10-21,2551.08225108
2014-10-22,2571.92293303
2014-10-23,2591.59371493
2014-10-24,2605.5619689
2014-10-25,2618.15242371
2014-10-26,2628.21869489
2014-10-27,2634.56790123
2014-10-28,2625.04409171
2014-10-29,2618.48912404
2014-10-30,2612.14532628
2014-10-31,2605.55485009
2014-11-01,2599.18824221
2014-11-02,2592.85714286
2014-11-03,2586.50793651
2014-11-04,2588.88888889
2014-11-05,2593.65079365
2014-11-06,2594.13762334
2014-11-07,2589.93444873
2014-11-08,2584.27494183
2014-11-09,2576.52997825
2014-11-10,2567.00616873
2014-11-11,2548.75220048
2014-11-12,2526.52997825
2014-11-13,2501.60505333
2014-11-14,2487.31933904
2014-11-15,2473.72523043
2014-11-16,2460.31746032
2014-11-17,2447.61904762
2014-11-18,2457.14285714
2014-11-19,2457.14285714
2014-11-20,2460.31746032
2014-11-21,2457.14285714
2014-11-22,2455.6143445
2014-11-23,2457.14285714
2014-11-24,2460.31746032
2014-11-25,2453.96825397
2014-11-26,2465.07936508
2014-11-27,2479.36507937
2014-11-28,2495.23809524
2014-11-29,2510.28806584
2014-11-30,2523.80952381
2014-12-01,2536.50793651
2014-12-02,2539.68253968
2014-12-03,2526.98412698
2014-12-04,2515.87301587
2014-12-05,2507.93650794
2014-12-06,2500.8406056
2014-12-07,2493.30035044
2014-12-08,2486.38425067
2014-12-09,2483.2096475
2014-12-10,2495.90806019
2014-12-11,2508.60647289
2014-12-12,2518.13028242
2014-12-13,2526.31139695
2014-12-14,2533.02384017
2014-12-15,2535.17803518
2014-12-16,2519.30501931
2014-12-17,2495.4954955
2014-12-18,2471.68597169
2014-12-19,2465.33676534
2014-12-20,2459.90117101
2014-12-21,2457.14285714
2014-12-22,2458.73015873
2014-12-23,2474.6031746
2014-12-24,2488.88888889
2014-12-25,2502.10622711
2014-12-26,2497.34432234
2014-12-27,2492.58241758
2014-12-28,2487.82051282
2014-12-29,2483.05860806
2014-12-30,2462.42368742
2014-12-31,2444.96336996
2015-01-01,2426.65396825
2015-01-02,2414.42539683
2015-01-03,2399.61105232
2015-01-04,2380.95238095
2015-01-05,2360.31746032
2015-01-06,2358.73015873
2015-01-07,2353.96825397
2015-01-08,2352.71111111
2015-01-09,2343.97460317
2015-01-10,2338.29785688
2015-01-11,2338.77518038
2015-01-12,2342.27994228
2015-01-13,2348.62914863
2015-01-14,2357.72876549
2015-01-15,2366.45892422
2015-01-16,2366.78908295
2015-01-17,2369.93743418
2015-01-18,2376.89009305
2015-01-19,2386.08374384
2015-01-20,2379.73453749
2015-01-21,2370.63492063
2015-01-22,2361.9047619
2015-01-23,2357.14285714
2015-01-24,2349.33678718
2015-01-25,2335.96230159
2015-01-26,2319.84126984
2015-01-27,2315.07936508
2015-01-28,2302.38095238
2015-01-29,2288.0952381
2015-01-30,2280.15873016
2015-01-31,2274.25094196
2015-02-01,2272.19065657
2015-02-02,2272.43867244
2015-02-03,2272.43867244
2015-02-04,2281.96248196
2015-02-05,2292.27994228
2015-02-06,2306.56565657
2015-02-07,2318.57463524
2015-02-08,2326.19047619
2015-02-09,2330.95238095
2015-02-10,2338.88888889
2015-02-11,2348.41269841
2015-02-12,2355.55555556
2015-02-13,2358.73015873
2015-02-14,2362.72780717
2015-02-15,2368.25396825
2015-02-16,2374.6031746
2015-02-17,2381.74603175
2015-02-18,2391.26984127
2015-02-19,2405.55555556
2015-02-20,2417.56854257
2015-02-21,2430.21618299
2015-02-22,2442.96536797
2015-02-23,2455.66378066
2015-02-24,2462.80663781
2015-02-25,2461.21933622
2015-02-26,2453.28282828
2015-02-27,2449.20634921
2015-02-28,2441.44947892
2015-03-01,2427.84761905
2015-03-02,2410.94603175
2015-03-03,2390.47619048
2015-03-04,2373.01587302
2015-03-05,2357.14285714
2015-03-06,2343.3531746
2015-03-07,2340.02031158
2015-03-08,2349.53333333
2015-03-09,2366.43492063
2015-03-10,2390.07936508
2015-03-11,2417.06349206
2015-03-12,2445.63492063
2015-03-13,2470.53571429
2015-03-14,2486.37933568
2015-03-15,2492.06349206
2015-03-16,2492.06349206
2015-03-17,2482.53968254
2015-03-18,2472.22222222
2015-03-19,2462.6984127
2015-03-20,2435.71428571
2015-03-21,2409.553204
2015-03-22,2384.92063492
2015-03-23,2361.11111111
2015-03-24,2343.65079365
2015-03-25,2317.46031746
2015-03-26,2284.12698413
2015-03-27,2271.42857143
2015-03-28,2256.42452969
2015-03-29,2237.05357143
2015-03-30,2215.07936508
2015-03-31,2194.44444444
2015-04-01,2181.74603175
2015-04-02,2175.3968254
2015-04-03,2165.87301587
2015-04-04,2158.65483539
2015-04-05,2155.80357143
2015-04-06,2155.55555556
2015-04-07,2139.68253968
2015-04-08,2123.80952381
2015-04-09,2107.93650794
2015-04-10,2088.88888889
2015-04-11,2069.01822457
2015-04-12,2047.61904762
2015-04-13,2025.3968254
2015-04-14,2019.04761905
2015-04-15,2012.6984127
2015-04-16,2007.93650794
2015-04-17,2006.34920635
2015-04-18,2005.47221554
2015-04-19,2005.80357143
2015-04-20,2006.45743146
2015-04-21,2006.45743146
2015-04-22,2004.87012987
2015-04-23,2004.87012987
2015-04-24,2012.80663781
2015-04-25,2020.85588023
2015-04-26,2029.2252886
2015-04-27,2038.0952381
2015-04-28,2052.38095238
2015-04-29,2069.84126984
2015-04-30,2082.53968254
2015-05-01,2087.3015873
2015-05-02,2092.31150794
2015-05-03,2097.86706349
2015-05-04,2103.96825397
2015-05-05,2105.55555556
2015-05-06,2105.55555556
2015-05-07,2116.66666667
2015-05-08,2127.77777778
2015-05-09,2138.22935038
2015-05-10,2147.37103175
2015-05-11,2155.55555556
2015-05-12,2165.07936508
2015-05-13,2173.01587302
2015-05-14,2169.84126984
2015-05-15,2168.25396825
2015-05-16,2167.0781893
2015-05-17,2166.66666667
2015-05-18,2166.66666667
2015-05-19,2168.25396825
2015-05-20,2169.84126984
2015-05-21,2171.42857143
2015-05-22,2174.6031746
2015-05-23,2179.1567601
2015-05-24,2184.55015379
2015-05-25,2190.40214172
2015-05-26,2193.57674489
2015-05-27,2199.92595124
2015-05-28,2209.44976077
2015-05-29,2234.84658616
2015-05-30,2258.86442924
2015-05-31,2282.04246411
2015-06-01,2304.76190476
2015-06-02,2339.68253968
2015-06-03,2373.01587302
2015-06-04,2404.76190476
2015-06-05,2425.3968254
2015-06-06,2446.03174603
2015-06-07,2466.66666667
2015-06-08,2487.3015873
2015-06-09,2515.87301587
2015-06-10,2542.85714286
2015-06-11,2568.25396825
2015-06-12,2587.3015873
2015-06-13,2605.93768372
2015-06-14,2623.80952381
2015-06-15,2641.26984127
2015-06-16,2641.26984127
2015-06-17,2641.26984127
2015-06-18,2644.44444444
2015-06-19,2644.44444444
2015-06-20,2644.03292181
2015-06-21,2642.85714286
2015-06-22,2641.26984127
2015-06-23,2622.22222222
