mandicode,mandiname,statecode,latitude,longitude,centreid
257,Sunam,3,30.1251635,75.8137192,41
225,Jagraon,3,30.7800000,75.4800000,41
797,Sultanpur,3,26.2647757,82.0727061,40
1342,Taal,19,26.2070539,78.1689776,24
472,Karad,2,17.2759841,74.2003231,48
216,Fazilka,3,30.4036478,74.0279621,6
721,Dumka,29,24.2700000,87.2500000,8
435,Alur,25,15.3943076,77.2266653,27
589,Chakdah(Kalyani),6,23.0833330,88.5166670,37
1532,Khilchipur,19,24.0444612,76.5806097,9
746,Tusura,23,20.5036747,83.4830247,60
1040,Chennai,11,13.0826802,80.2707184,12
515,Akbarpur,17,26.0203301,79.6894990,34
898,Salon,17,26.0300000,81.4500000,40
660,Panchkula,16,30.6942091,76.8605650,49
420,Giridih,29,24.1821391,86.2869507,8
713,Mandsaur,19,24.0768360,75.0692952,38
1207,Manawar,19,22.2366679,75.0873956,28
581,Patti,3,31.2800000,74.8600000,5
875,Ranaghat,6,23.1740500,88.5639352,37
1077,Naushera Pannuan,3,30.7081422,76.5863882,11
1519,Banapura,19,22.4729995,77.4831032,9
430,Satara,2,17.6913900,74.0009200,44
642,Khandwa(F&V),19,21.8257334,76.3525710,28
1053,Gadarwada,19,21.9540680,78.9146798,46
567,Sohela,23,21.3027537,83.3989686,60
1440,Penugonda,25,16.6547241,81.7445167,70
214,Dinanagar,3,32.1265656,75.4636031,5
1091,Dhampur,17,29.3058279,78.5062002,25
781,Jaspur(UC),24,29.2783336,78.8266800,25
275,Auraiya,17,26.4700000,79.5200000,34
1175,Varanasi(F&V),17,25.3176452,82.9739144,69
1486,Mohanpur,8,23.9653997,91.3710402,1
1092,Misrikh,17,27.4300000,80.5200000,40
923,Ranebennur,13,14.6167000,75.6167000,18
1292,Dubbak,32,18.1765344,78.6654033,76
1513,"AMO, Mumbai",18,33.7781750,76.5761714,17
1518,Mehsana(Jornang),14,23.5879607,72.3693252,3
936,Nippani,13,17.3876754,76.9931074,76
972,Aralamoodu,27,8.4143482,77.0613027,68
1231,Srirangapattana,13,12.4215561,76.6931273,45
798,Vasai,2,19.3919275,72.8397317,44
215,Doraha,3,30.8039183,76.0333885,41
536,Kamlaganj,17,27.2590797,79.6319636,34
673,Golaghat,22,26.5200000,93.9700000,19
75,Bhuntar,10,31.8842653,77.1456402,42
318,Saharanpur,17,29.9670790,77.5510172,15
159,Satana,2,20.5982240,74.2032581,75
244,Muktsar,3,30.4750000,74.5150000,6
232,Kharar,3,30.7488819,76.6413581,11
779,Haridwar Union,24,29.9456906,78.1642478,15
1201,Vita,2,17.2751726,74.5357127,18
47,Gurgaon,16,28.4594965,77.0266383,22
1138,Anand,14,22.5560000,72.9510000,3
197,Abohar,3,30.1452928,74.1993043,6
241,Morinda,3,30.7900000,76.5000000,11
1150,Sehore,19,23.2050120,77.0850781,9
1308,Aron,19,24.3811310,77.4182234,9
347,Adoni,25,15.6322227,77.2728368,27
699,Gunpur,23,19.6090906,83.1146324,71
1153,Dera Baba Nanak,3,32.0321859,75.0304481,5
1069,Sagar,13,23.8388050,78.7378068,59
738,Dibiapur,17,26.6358330,79.5566670,34
1147,Babrala,17,28.2636806,78.4037329,2
1012,Kicchha,24,28.9200000,79.5000000,25
1415,Gaya,26,24.7954523,84.9994310,50
1143,Shajapur,19,23.4272938,76.2729839,28
10,Mapusa,1,15.6002273,73.8124984,48
79,Kangra,10,32.0998031,76.2691006,17
187,Keonjhar,23,21.5151196,85.6845780,14
1316,Dabra,19,25.8907463,78.3324512,24
509,Ateli,16,28.1056349,76.2800859,22
1036,Haveri,13,14.7938890,75.4038890,18
1176,Pargi,32,17.1765832,77.8767442,76
818,Sahidngar,23,21.2989945,86.5381738,14
514,Ait,17,25.8935522,79.2410128,24
616,Ettumanoor,27,9.6703602,76.5608746,21
1252,Aarah,26,25.5560443,84.6603307,50
103,Lohardaga,29,23.4300000,84.6800000,56
528,Charkhari,17,25.4018785,79.7501005,34
462,Sahebganj,29,24.9801917,87.6186379,8
424,Junnar(Otur),2,19.2000000,73.8800000,44
1496,Bhikangaon,19,21.8681333,75.9628596,28
295,Gonda,17,27.1339913,81.9618968,40
655,Palthan,2,19.4776906,75.3849382,44
1445,Pandavapura,13,12.4928616,76.6642853,45
155,Pune(Hadapsar),2,18.5204303,73.8567437,44
910,Konch,17,26.0047669,79.1604971,24
1132,Ankleshwar,14,21.6264236,73.0151984,75
1157,Mau(Chitrakut),17,25.9496379,83.5586445,69
1499,Jhabua,19,22.7696660,74.5920921,28
1078,Nanjangud,13,12.1199769,76.6800930,45
562,Samana,3,30.1554341,76.1957618,11
381,Parbhani,2,19.2609958,76.7766650,76
636,Vadakkenchery,27,10.5927998,76.4823350,47
276,Azamgarh,17,26.0737044,83.1859458,69
1512,Thandla,19,23.0067768,74.5785485,28
421,Humanabad,13,17.7700000,77.1300000,76
609,Jhumpura,23,21.8244308,85.5689288,58
77,Hamirpur,10,31.6861745,76.5213092,42
46,Ganaur,16,29.1349669,77.0180345,35
1195,Holalkere,13,14.0504576,76.1812720,43
455,Rewari,16,28.1833330,76.6166670,22
990,Gonikappal,13,12.1833000,75.9276000,72
763,Nautnava,17,27.4300000,83.4200000,69
1137,Manasa,19,24.4748048,75.1403850,38
859,Garobadha,7,25.5858693,90.0233208,23
1255,Sardarnagar,32,17.0928993,78.1657064,76
67,Sadhaura,16,30.3833000,77.2167000,49
1272,Bhagalpur,26,25.2500000,87.0000000,8
89,Narwal Jammu (F&V),18,32.6759635,74.8843371,32
402,Amroha,17,28.9043537,78.4673426,25
247,Phillaur,3,31.0130661,75.7894716,41
27,Mahuva,14,21.0902193,71.7563169,75
739,Koraput(Semilguda),23,18.8134870,82.7123327,71
1048,Anklav,14,22.3912700,72.9945500,3
1403,Chipurupalli,25,18.3105327,83.5683010,71
345,Sheoraphuly,6,22.7690032,88.3215014,37
712,Chail Chowk,10,31.5663988,77.0097157,42
810,Bonai,23,21.8114258,84.9306603,58
182,Hinjilicut,23,19.4800000,84.7500000,10
1033,Nabarangpur(Umerkote),23,19.2300000,82.5500000,71
532,Kolar,13,13.1357446,78.1325611,7
1035,Bagepalli,13,13.7846050,77.7981834,7
203,Banga,3,31.1826479,75.9970994,41
17,Borsad,14,22.4171034,72.8967080,3
1348,Dhara,27,9.5204474,76.5698027,21
647,Ujjain,19,23.1793013,75.7849097,28
181,Dungurapalli,23,21.0475445,83.5509886,60
1133,Katni,19,23.8308453,80.4072255,30
260,Tapa,3,30.2980560,75.3688890,6
453,Pataudi,16,28.3255049,76.7782120,22
634,Thirurrangadi,27,11.0353649,75.9272401,39
833,Dhanbad,29,23.7956531,86.4303859,56
1260,Bihariganj,26,25.7330441,86.9877422,53
1551,Karjat(Rashin),2,18.9192249,73.3277223,44
162,Vashi New Mumbai,2,19.0770644,72.9989925,44
618,Koduvayoor,27,10.6632346,76.6470470,47
954,Kamalapuram,25,14.6083840,78.6625670,27
1579,Aarni,2,20.0739890,77.9492580,46
1019,Ramdurga,13,15.9500000,75.3000000,18
1170,Bhogpur,3,31.5561195,75.6382657,41
431,Vadgaonpeth,2,16.8375316,74.3140190,48
438,Etah,17,27.5600000,78.6600000,2
1265,Chhapra,26,25.7795649,84.7498886,50
219,Garh Shankar,3,31.2167000,76.1333000,41
691,Ambala City(Subji Mandi),16,30.3781788,76.7766974,49
1141,Safdarganj,17,26.9054317,81.3536914,40
261,Zira,3,30.9700000,74.9900000,5
533,Jahanabad,17,26.1047151,80.3575128,34
677,Akhnoor,18,32.8995235,74.7424852,32
258,Talwandi Sabo,3,29.9836110,75.0827780,6
697,Kalahandi(Dharamagarh),23,19.9137363,83.1649001,60
1182,Jammalamadugu,25,14.8474197,78.3899108,27
169,Bampada,23,19.3939238,84.0867636,71
733,Bharwari,17,25.5597967,81.4855648,57
1540,Obedullaganj,19,22.9995401,77.5864913,9
132,Dewas,19,22.9600000,76.0600000,28
1235,Shadnagar,32,17.0778000,78.2011000,76
748,Ajnala,3,31.8400000,74.7600000,5
1208,Channarayapatna,13,12.9000208,76.3898637,45
582,Divai,17,28.2090551,78.2561578,2
1423,Shimla,10,31.1048145,77.1734033,62
158,"Sangli(Phale, Bhajipura Market)",2,16.8670000,74.5670000,18
1219,Kanispora Baramulla (F&V),18,34.2168043,74.3904976,64
167,Angul,23,20.8444033,85.1510818,14
400,Agra,17,27.1766701,78.0080745,2
640,Dewas(F&V),19,22.9600000,76.0600000,28
255,Sardulgarh,3,29.6949451,75.2352171,6
1267,Jehanabad,26,25.2166670,84.9833330,50
1515,Kunjpura,16,29.7158330,77.0802780,35
551,Pilibhit,17,28.6207939,79.8128649,25
91,Reasi,18,33.0909540,74.8448648,32
11,Ahmedabad(Chimanbhai Patal Market Vasana),14,23.0225050,72.5713621,3
432,Kendupatna,23,20.4685824,86.1459216,14
228,Kapurthala,3,31.3800000,75.3800000,5
759,Kuruppanthura,27,9.7584412,76.5632726,21
1013,Vijapur(veg),14,23.5700000,72.7500000,3
947,Choubepur,17,26.3032692,82.2569717,69
1076,Chandigarh (F&V),21,30.7399738,76.7567368,11
1285,Shamshabad,19,22.8350333,76.3449152,28
1576,Sillod(Bharadi),2,20.3079382,75.6528116,28
765,Pratapgarh,17,25.8973038,81.9452981,69
1434,Anantapur,25,14.6818877,77.6005911,27
1244,Darjeeling,6,27.0360066,88.2626751,63
590,P.O. Uparhali Guwahati,22,26.1039820,91.5129375,23
1060,Chutmalpur,17,30.0350000,77.7510000,15
1159,Sringeri,13,13.4200000,75.2500000,43
1278,Cuddapah,25,14.4673541,78.8241339,27
941,Shikaripura,13,14.2700000,75.3500000,18
1126,Piriya Pattana,13,12.3373606,76.0986510,45
1261,Muzaffarpur,26,26.1208876,85.3647201,50
84,Palampur,10,32.1108599,76.5362526,17
1243,Shimla and Kinnaur(Rampur),10,31.5524270,77.9306600,62
1344,Unhel,19,23.3380745,75.5582376,28
433,Mansa,3,23.4349854,72.6565084,3
929,Chirwa,20,24.7056763,73.7433727,33
1222,Gudiwada,25,17.7677955,82.8048087,71
1024,Chalisgaon,2,20.4700000,75.0200000,75
879,Haldaur,17,29.2930115,78.2832069,15
1399,Pandhana,19,21.6948417,76.2203908,28
505,Lonand,2,18.0417060,74.1861821,44
961,Harda(F&V),19,22.3355446,77.0996085,9
378,Khed(Chakan),2,17.7195516,73.3968136,44
1293,Shahpur,17,29.3500000,77.5500000,35
449,Hassanpur,16,29.0553352,77.0729954,16
195,Talcher,23,20.9501027,85.2168160,14
874,Chakdah,6,23.0833330,88.5166670,37
925,Jalore,20,25.3444799,72.6253763,33
1367,Ghoti,2,19.4404310,73.8801301,44
579,Sadasivpet(Sangareddy),32,17.6167000,77.9500000,76
631,Perinthalmanna,27,10.9800000,76.2300000,66
113,Davangere,13,14.4663438,75.9238397,18
1071,"R and B Guest House,RBZ,Vizianagaram",25,18.1093296,83.3892884,71
18,Botad,14,22.1704232,71.6684269,55
994,Mandi(Takoli),10,31.7081655,76.9313675,42
997,Urai,17,25.5198040,81.1764724,57
1324,Kolaras,19,25.2242588,77.6106512,24
522,Balrampur,17,27.4297064,82.1768018,40
1295,Nagur,32,18.1617332,77.4960078,76
549,Panchpedwa,17,27.5181738,82.6461419,40
968,Bagalakot,13,16.1725355,75.6557206,18
666,Burhanpur,19,21.3193875,76.2224273,28
809,Doharighat,17,26.2600000,83.5200000,69
839,Chalakudy,27,10.3080272,76.3336779,66
1421,Bishalgarh,8,23.6739542,91.2816811,1
362,Udhampur,18,32.9140588,75.1429652,32
1002,Gadarpur,24,28.9800000,79.4000000,25
1321,Khachrod,19,23.4215674,75.2797544,28
35,Vadodara(Sayajipura),14,22.3071588,73.1812187,3
151,Osmanabad,2,18.1860659,76.0419409,18
506,Malegaon(Umarane),2,20.5547497,74.5100291,75
957,Madhogarh,17,26.2761110,79.1869440,24
1570,Anakapally,25,17.6860000,83.0087810,71
903,Tanda,17,26.5500000,82.6500000,69
1227,Kalmeshwar,2,21.2321020,78.9179600,46
5,Dibrugarh,22,27.4728327,94.9119621,29
690,Aroor,27,11.6575643,75.6948288,72
930,Junnar(Alephata),2,19.2000000,73.8800000,44
1022,Srirampur,22,26.4333720,89.9025413,63
1088,Chomu,20,27.1700000,75.7200000,31
1547,Sironj,19,24.1000000,77.7000000,9
1107,Golagokarnath,17,28.0800000,80.4700000,40
1014,Sitarganj,24,28.9300000,79.7000000,25
935,Kollegal,13,12.1536786,77.1111214,45
861,Dhamnod,19,22.2200000,75.4700000,28
271,Ahirora,17,26.4329003,80.3227487,34
83,Mandi(Mandi),10,31.7081655,76.9313675,42
1127,Dankaur,17,28.3476974,77.5533440,16
1365,Vaduj,2,17.5935480,74.4510972,44
1291,Alwar,20,27.5529907,76.6345735,22
1241,Kalwakurthy,32,16.6684995,78.4906395,27
1502,Kasrawad,19,22.1208970,75.6111280,28
1104,Javad,19,24.6000000,74.8500000,38
1229,"Eluru(P.Sri.Mkt),RBZ",25,16.7106604,81.0952431,70
1216,Neeleswaram,27,11.3475685,75.9724491,39
837,Madikeri,13,12.4244205,75.7381856,72
341,Midnapore Sadar,6,22.4252632,87.3076705,37
1299,H.B. Halli,13,17.8433951,76.8663307,76
352,Gharaunda,16,29.5400000,76.9700000,35
1209,Gehri(Jandiala mandi),3,31.5946820,75.0713355,5
568,Varipaal,17,26.4499230,80.3318736,34
1303,Bhimunipatnam,25,17.8875169,83.4456801,71
264,Janta Market,20,26.9330364,75.8294273,31
753,Kosikalan,17,27.7873022,77.4371184,22
867,Bariwala,3,30.5379151,74.6524859,6
1446,Khambhat,14,22.3180817,72.6189845,3
1495,Badwani,19,22.0300000,74.9000000,28
1046,Nelakondapally,32,17.0978591,80.0760949,70
743,Pattamundai,23,20.5854927,86.5661006,14
1045,Nizamabad,32,18.6725047,78.0940867,76
1526,Biaora,19,23.9185649,76.9113222,9
340,Jalpaiguri Sadar,6,26.5288728,88.7258658,63
649,Malegaon,2,20.5547497,74.5100291,75
768,Sehjanwa,17,26.7585440,83.2142269,69
854,Newasa,2,19.5511772,74.9281063,44
720,Shrirampur,2,19.6195480,74.6603390,44
727,Chatta Krushak Bazar,23,20.5856248,86.3313382,14
437,Kovvur,25,17.0167000,81.7333000,70
1508,Rajgarh,19,24.0078819,76.7278803,9
1425,Madhubani,26,26.3468544,86.0715474,50
632,Quilandy,27,11.4300000,75.7000000,39
706,Shahzadpur,16,30.4464827,77.0339450,49
1338,Sheopurbadod,19,25.4905560,76.6575000,38
202,Balachaur,3,31.0578788,76.3000419,41
157,Rahuri,2,19.3926780,74.6488264,44
1510,Segaon,19,21.8656778,75.3237262,28
602,Maanachar,2,19.0022370,73.9506774,44
842,Irikkur,27,11.9869254,75.5538712,72
978,Koyambedu,11,13.0691658,80.1913883,12
1259,Erragadda(Rythu Bazar),32,17.4562645,78.4308225,76
1169,Jawali,2,17.8797159,74.5902635,44
1527,Chhapiheda,19,23.4819526,76.2734364,28
932,Nagamangala,13,12.8200000,76.7600000,45
379,Nagpur,2,21.1458004,79.0881546,46
1491,Alirajpur,19,22.3050000,74.3600000,28
989,Syopurkalan(F&V),19,24.5831049,81.5245736,57
860,Sikarpur,17,28.7916012,77.7122996,16
177,Chandabali,23,20.7739916,86.7436951,14
1030,Una,14,20.8200000,71.0300000,55
1572,Laxmeshwar,13,15.0914643,75.4689610,18
1263,Samastipur,26,25.8629679,85.7810263,50
4,Vijayanagaram,25,18.1066576,83.3955506,71
617,Kanjangadu,27,12.3000000,75.0900000,43
1129,Pipli,16,28.8605165,76.9376587,16
1021,North Lakhimpur,22,27.2413890,94.1055560,29
149,Nandgaon,2,18.3855337,72.9276008,44
386,Puri(Brahmagiri),23,19.8133822,85.8314655,10
767,Hoshiarpur,3,31.5143178,75.9114830,41
330,Roorkee,24,29.8542626,77.8880002,15
133,Indore(F&V),19,22.7195687,75.8577258,28
840,Mydukur,25,14.7301846,78.7294044,27
12,"Anand(Veg,Yard,Anand)",14,22.5560000,72.9510000,3
709,Jaora,19,23.6375958,75.1259641,28
277,Bachranwa,17,26.4710330,81.1127120,40
1027,Madhugiri,13,13.6600000,77.2100000,7
878,Chitwadagaon,17,25.7348119,84.0008772,69
1271,Guntakal,25,15.1674091,77.3736238,27
1198,Mhalingapur,13,16.3896542,75.1107527,18
974,Nakodar,3,31.1270186,75.4817733,41
114,Gowribidanoor,13,13.6111591,77.5169572,7
729,Gopa,23,21.0110809,86.6170131,14
1118,Nellore,25,14.4425987,79.9864560,27
744,Sarankul,23,20.0409965,85.0869739,10
26,Khambhat(Veg Yard Khambhat),14,22.3180817,72.6189845,3
619,Kondotty,27,11.1458405,75.9642587,39
544,Ulhasnagar,2,19.2215115,73.1644628,44
252,Rampura Phul,3,30.2758165,75.2420722,6
63,Raipur Rai,16,30.5818000,77.0205200,49
291,Firozabad,17,27.1591006,78.3957574,2
534,Jalaun,17,26.1500000,79.3500000,34
1395,Mandya,13,12.5200000,76.9000000,45
354,Jhajjar,16,28.6079115,76.6571775,22
517,Nilokheri,16,29.8374476,76.9326167,35
1015,Solan(Banalgi),10,30.9044857,77.0967357,62
7,Kharupetia,22,26.5096965,92.1352039,23
1530,Itarsi,19,22.6054858,77.7535440,9
415,Khateema,24,28.9209151,79.9696277,25
59,Narwana,16,29.5910963,76.1145993,26
788,Mandsaur(F&V),19,24.0768360,75.0692952,38
1315,Binaganj,19,24.1874988,77.0315596,9
525,Tarori,16,29.7996282,76.9239727,35
184,Jeypore,23,18.8652780,82.5730560,71
414,Kashipur,24,29.2104232,78.9618845,25
1387,Amadalavalasa,25,18.4101166,83.9029510,71
48,Hissar,16,29.1491875,75.7216527,26
1258,Santoshgarah,10,31.3562387,76.3225553,41
1555,V.Kota Mkt.Yard,25,13.0011676,78.4794568,7
314,Orai,17,26.0086400,79.4478858,34
1111,Rajampet,25,14.1965314,79.1563718,27
451,kalanwali,16,29.8227110,74.9747614,6
1317,Gohad,19,26.4454340,78.4341159,24
852,Udupi,13,13.3371151,74.7465960,43
624,Gauripur,22,26.0916341,89.9655224,63
112,Chikkamagalore,13,13.3152580,75.7754018,43
595,Kosli,16,28.3968505,76.4852265,22
1437,Munghair,26,25.3810000,86.4650000,8
1343,Tarana,19,23.3374767,76.0420920,28
816,Nilagiri,23,21.4618792,86.7567219,14
938,Manglaur,24,29.7920979,77.8796020,15
123,Ernakulam,27,9.9816358,76.2998842,21
331,Rudrapur,24,28.9800000,79.4000000,25
1373,"Alwal,RBZ",32,17.4980973,78.5027043,76
565,Thanabhawan,17,29.5874759,77.4167876,35
527,Chandausi,17,28.4480507,78.7796105,25
586,Bolpur,6,23.6686892,87.6827676,37
1346,Narot J Singh,3,32.2944367,75.4570493,32
143,Gangapur,2,19.6975252,75.0105028,44
1123,Mamdot(Tibbi Khurd),3,30.8704981,74.4188535,6
667,Chhindwara(F&V),19,22.0574370,78.9381729,46
465,Kollengode,27,10.6139109,76.6907753,47
365,Ramgarh,29,23.6283330,85.5211110,56
1298,Dimapur,28,25.9200000,93.7300000,19
125,Kannur,27,11.8744775,75.3703662,72
1122,Aatpadi,2,17.4287331,74.9383153,18
204,Banur,3,30.5593402,76.6991907,11
327,Tundla,17,27.2135222,78.2390706,2
1517,Kota,20,25.2138156,75.8647527,38
736,Dadri,17,28.5461902,77.5562100,16
142,Dindori(Vani),2,20.2000000,73.8330560,75
704,Thodupuzha,27,9.8929802,76.7221082,21
893,Bharthana,17,26.7500000,79.2300000,34
953,Kadaura,17,25.9852907,79.8372960,34
1301,Neyyatinkara,27,8.4016480,77.0871199,68
193,Rayagada,23,19.1700000,83.4200000,71
69,Sohna,16,28.2486993,77.0635117,22
845,Devband,17,29.7000000,77.6800000,35
176,Champua,23,22.0649923,85.6666046,58
1506,Mhow,19,22.5524372,75.7565273,28
1323,Khategaon,19,22.5918286,76.9067598,9
1314,Bichhiya,19,22.4527700,80.7107769,30
657,Harippad,27,9.2815315,76.4534165,21
80,Kangra(Baijnath),10,32.0998031,76.2691006,17
546,Mainpuri,17,27.2284986,79.0249516,2
1215,Ranaghat(Kalyani),6,23.1740500,88.5639352,37
1020,Khekda,17,28.8644717,77.2806207,16
110,Belgaum,13,15.8496953,74.4976741,18
380,Pandharpur,2,17.6745535,75.3237262,18
569,Vilthararoad,17,26.1258356,83.8446502,69
583,Farukhabad,17,27.3826126,79.5940544,34
1578,Dharampur,10,30.8994362,77.0190228,62
180,Digapahandi,23,19.3777377,84.5667665,10
1364,Varaseoni,19,21.7647220,80.0494440,46
61,Pehowa,16,29.9800000,76.5800000,35
1245,Bodwad(Varangaon),2,20.9019040,76.0174308,28
43,Chhachrauli,16,30.2448810,77.3582310,35
1427,Kasargod,27,12.4386702,75.2012290,43
1044,Lohian Khas,3,31.1613200,75.2110990,5
1234,Vankaner,14,21.0764106,73.1733127,75
1119,Siddipet(Rythu Bazar),32,18.1019043,78.8520770,76
891,Baruwasagar,17,25.3748314,78.7320330,24
210,Chamkaur Sahib,3,30.8927397,76.4129198,11
958,Kasipur,6,22.9679581,86.8947789,37
235,Lalru,3,30.4866670,76.8005560,49
1341,Suvasra,19,24.0697172,75.6528116,38
473,Kolhapur(Malkapur),2,16.6913076,74.2448662,48
375,Ahmednagar,2,19.0952075,74.7495916,44
548,Nagina,17,29.4426409,78.4326638,15
262,Alwar(FV),20,27.5529907,76.6345735,22
597,Ladwa,16,29.0848758,75.7952840,26
664,Pattambi,27,10.8067836,76.1964852,66
490,Hospet,13,15.2688542,76.3909241,18
576,Dudhansadhan,3,30.1537047,76.5285913,11
780,Bhopal(F&V),19,23.2599333,77.4126150,9
300,Jagnair,17,26.8629300,77.6016700,2
643,Neemuch,19,24.4500000,74.8700000,38
118,Tumkur,13,13.3400000,77.1000000,7
281,Baraut,17,29.0998902,77.2606149,16
1096,Sri Har Gobindpur,3,31.6894000,75.4797000,5
37,Ambala Cantt.,16,30.3610314,76.8485468,49
678,Kasinagar,23,18.8577644,83.8807729,71
1394,Bhadaur,3,30.4742716,75.3266416,6
1326,Lahar,19,26.1938910,78.9443807,24
1179,Kolhapur(Laxmipuri),2,16.6913076,74.2448662,48
1079,Datia,19,25.6653262,78.4609393,24
1146,Koilkunta,25,15.2333000,78.3167000,27
600,Jasdan,14,22.0356088,71.2017779,55
493,Athirampuzha,27,9.6679000,76.5329523,21
889,Banthara,17,27.9245892,79.8212700,25
873,Anwala,17,27.4583916,77.6904744,2
249,Quadian,3,31.8200000,75.3900000,5
339,Habra,6,22.8488542,88.6639591,37
822,Gundlupet,13,11.8083459,76.6927259,45
1436,Siwan,26,26.2196205,84.3566593,50
1396,Tirupati,25,13.6287557,79.4191795,12
126,Kodumgalloor,27,10.2093879,76.1958429,21
665,Wadakkanchery,27,10.6594440,76.2494440,66
1438,Noor Mehal,3,31.5741572,74.3221329,5
1558,Rapar,14,23.5729757,70.6447369,73
1525,Bhopal,19,23.2599333,77.4126150,9
683,Jamnagar,14,22.4707019,70.0577300,55
1397,Penukonda,25,14.0844312,77.5973233,7
835,Honnali,13,14.2342499,75.6469934,18
1106,Challakere,13,14.3200000,76.6500000,7
1090,Bandrol,10,32.0255166,77.1270323,42
1401,Ambejaogai,2,18.7300000,76.3800000,76
416,Vadhvan,14,22.5064617,74.0123851,3
658,Kallachi,27,11.6863255,75.6775363,72
150,Nasik,2,19.9974533,73.7898023,44
764,Garh Shankar(Mahalpur),3,31.2167000,76.1333000,41
58,Narnaund,16,29.2200000,76.1500000,26
296,Gorakhpur,17,26.7605545,83.3731675,69
838,Pune(Pimpri),2,18.5204303,73.8567437,44
1430,Tawang,12,27.5780678,91.8757422,23
1233,Eluru,25,16.7106604,81.0952431,70
208,Bhucho,3,30.2132220,75.0903154,6
992,Munnar,27,10.0889333,77.0595248,21
760,F.G.Churian,3,31.1295388,74.9764024,5
1028,Sindhanur,13,15.7702099,76.7560495,18
393,Sangrur,3,30.2457963,75.8420716,41
1563,Garhshankar(Saila Khurd),3,31.2167000,76.1333000,41
956,Balarampur,6,23.0943913,86.2202962,56
791,Ujjain(F&V),19,23.1793013,75.7849097,28
1066,Tuljapur,2,18.0100370,76.0710681,18
663,Najibabad,17,29.6127789,78.3446003,15
681,Borsad(Veg Yard Barsad),14,22.4171034,72.8967080,3
813,Jharsuguda,23,21.8500000,84.0300000,60
39,Barara,16,30.2120078,77.0401544,49
373,Sasthamkotta,27,9.0364612,76.6239423,68
426,Newasa(Ghodegaon),2,19.5511772,74.9281063,44
566,Saharpada,23,21.7150997,85.9715393,58
558,Sandila,17,27.0728513,80.5179068,40
1006,Shivpuri(F&V),19,25.4300000,77.6500000,24
931,Kherli,20,27.2065212,77.0337548,2
1120,Rasda,17,26.6719369,82.2719086,40
1103,Annigeri,13,15.4300000,75.4300000,18
983,Oddunchairum,11,9.1748871,77.8567380,67
786,Lashkar(F&V),19,26.1973344,78.1684973,24
186,Karanjia,23,21.7633498,85.9738752,58
179,Dhenkanal,23,20.6700000,85.6000000,14
1281,Ramayampet,32,18.1166090,78.4297660,76
669,Rishikesh,24,30.0869281,78.2676116,15
1172,Bhagwanpur(Naveen Mandi Sthal),24,29.9410958,77.8124255,15
1420,Viramgam,14,23.1236377,72.0527421,3
1549,Udaipura,19,23.0774041,78.5121286,59
615,Chengannur,27,9.3183275,76.6110845,21
1100,Dhone,25,15.3959840,77.8727193,27
153,Pathardi,2,19.1700000,75.1800000,44
905,Jamkhed,2,18.7380109,75.3120640,44
912,Koraput,23,18.8134870,82.7123327,71
54,Loharu,16,28.4267060,75.8040022,26
227,Jalandhar City,3,31.3260152,75.5761829,41
121,Cherthala,27,9.6836368,76.3365377,21
384,Baripada,23,21.9400000,86.7200000,14
335,Barasat,6,22.3425873,88.1449980,37
56,Mohindergarh,16,28.2570971,76.1428231,22
630,Perambra,27,11.5639505,75.7564492,39
1288,Jwalaji,10,31.8376646,76.1782115,17
388,Batala,3,31.8186000,75.2028000,5
605,Ellanabad,16,29.4500000,74.6500000,6
355,Naraingarh,16,30.4763890,77.1277780,49
537,Lasur Station,2,19.9267616,75.0107765,44
1206,Guna,19,24.6500000,77.3200000,9
1524,Betul,19,21.9108031,77.9011842,46
1566,Dhari(Chalala),14,21.3266490,71.0252571,55
841,Rayya,3,31.5400000,75.2300000,5
259,Tanda Urmur,3,31.6725491,75.6377148,5
991,Nissing,16,29.6923819,76.7625073,35
192,Parlakhemundi,23,18.8583919,84.2146240,71
545,Lakhimpur,17,27.9500000,80.7700000,40
1224,Islampur,6,26.2666670,88.2000000,63
1149,Chandrapur,2,19.9500000,79.3000000,46
542,Kiratpur,17,29.4994214,78.2077368,15
1533,Khirakiya,19,22.1666670,76.8616670,28
51,Jind,16,29.3166670,76.3166670,26
1098,Morena,19,26.5000000,78.0000000,24
1400,Abu Road,20,24.4800000,72.7800000,3
1428,Khed,2,17.7195516,73.3968136,44
71,Thanesar,16,29.9696148,76.8197522,35
520,Bahedi,17,28.7780401,79.4956974,25
1580,Bhikhi,3,30.0582031,75.5342579,6
1236,Ramanagara,13,12.7200000,77.3000000,7
353,Jakhal,16,29.7994702,75.8228899,26
926,Punhana,16,27.8619041,77.2054992,22
1238,Kannad,2,20.2700000,75.1300000,75
336,Bishnupur(Bankura),6,23.0800000,87.3200000,37
358,Siwani,16,28.9084317,75.6120795,26
1174,Hamirpur,17,31.6861745,76.5213092,42
526,Bindki,17,26.0300000,80.6000000,34
188,Keonjhar(Dhekikote),23,21.5151196,85.6845780,14
1546,Shyampur,19,23.3395550,77.4192758,9
1297,Nagaur,20,27.1991222,73.7409240,33
134,Jabalpur,19,23.1666670,79.9333330,30
715,Shajapur(F&V),19,23.4272938,76.2729839,28
322,Shahjahanpur,17,27.8837440,79.9122455,25
1507,Petlawad,19,23.0122956,74.7966079,28
1152,Deesa,14,24.2585031,72.1906721,3
1305,Rayadurg,25,14.6968690,76.8546505,7
543,Kishunpur,17,25.6122208,82.5821430,69
882,Sarangpur,19,23.5664503,76.4722560,9
849,Thiruvananthapuram,27,8.5241391,76.9366376,68
1018,Tileibani,23,21.5461978,84.6034271,60
1279,Gubbi,13,13.3100000,76.9400000,7
1554,Radheja,14,23.2922060,72.6417265,3
443,Asandh,16,29.5201121,76.6141754,35
332,Alipurduar,6,26.4918891,89.5271026,63
34,Surat,14,21.1702401,72.8310607,75
461,Deoghar,29,24.4800000,86.7000000,8
675,Dhule,2,20.9042201,74.7748979,75
323,Sitapur,17,27.5839037,80.6663560,40
251,Raman,3,29.9503980,74.9619480,6
1380,Bumhama-Kupwara (F&V),18,34.4476837,74.1978786,64
163,Yeola,2,20.0420000,74.4890000,44
685,Pimpalgaon,2,20.1699678,73.9873787,75
659,Madhoganj,17,27.1147181,80.1484407,34
1433,Lakhisarai,26,25.1677780,86.0944440,8
1521,Bareli,19,23.0056265,78.2307517,9
1485,Mallanwala,3,31.0472444,74.8136383,5
513,Angul(Jarapada),23,20.8444033,85.1510818,14
580,Nadia,6,22.7059105,88.7530076,37
1065,Ratnagiri (Nachane),2,16.9902150,73.3120233,48
894,Bharuasumerpur,17,25.8289700,80.1569337,34
313,Naugarh,17,27.2990659,83.0927827,69
1377,Rahuri(Songaon),2,19.3926780,74.6488264,44
406,Fatehabad,17,27.0221711,78.3074027,2
1410,Narasaraopet,25,16.2353506,80.0479039,70
598,Mullana,16,30.2449735,77.0622028,49
229,Khamano,3,30.8200000,76.3500000,11
607,Bokaro (Chas),29,23.6692956,86.1511120,56
1151,Kaliaganj,6,25.6330710,88.3269620,53
1031,Mohamadabad,17,25.1201270,83.0166672,69
385,Bolangir,23,20.7074234,83.4842725,60
136,Ratlam,19,23.3341696,75.0376325,28
722,Bahadajholla,23,20.0764351,84.9219115,10
22,Dhoraji,14,21.7336700,70.4499150,55
346,Tamluk (Medinipur E),6,22.3000000,87.9166670,37
772,Siyana,17,28.6279101,78.0609138,16
985,Patna (Musallahpur),26,25.6110000,85.1440000,50
201,Baghapurana,3,30.6856791,75.0940031,6
1286,Rajpipla,14,21.8715143,73.5030517,75
1266,Ahmedgarh,3,30.6780000,75.8270000,41
53,Khanina,16,28.3302908,76.3087282,22
775,Baruipur(Canning),6,22.3596751,88.4317758,37
1325,Kumbhraj,19,24.3700000,77.0500000,9
787,Hansi,16,29.1000000,75.9700000,26
688,"Petlad(Veg Yard, Petlad)",14,22.4836145,72.8013510,3
735,Kesinga,23,20.2000000,83.2300000,60
486,Pandkital,23,20.8765848,83.7205777,60
1349,Kendupatna(Niali),23,20.4685824,86.1459216,14
1335,Piplya,19,22.1376243,74.8682569,28
1165,Sadiq,3,30.7071928,74.5844061,6
233,Kotkapura,3,30.5913084,74.8115340,6
55,Meham,16,28.9658949,76.2963954,26
1191,Pethappampatti,11,10.6776201,77.2160850,13
1039,Vessue,18,33.7781750,76.5761714,17
65,Ratia,16,29.6800000,75.5800000,26
68,Sirsa,16,25.2585031,82.0924577,69
869,Ramnagar,24,29.3947643,79.1264997,25
417,Fatehabad,16,27.0221711,78.3074027,2
90,Rajouri (F&V),18,33.3716143,74.3151910,32
185,Jeypore(Kotpad),23,18.8652780,82.5730560,71
66,Rohtak,16,28.8909000,76.5796000,22
377,Baramati,2,18.1500000,74.5800000,44
270,Shankarapally,32,17.4553645,78.1311666,76
147,Manmad,2,20.2511789,74.4366016,75
198,Adampur,3,31.4329486,75.7139010,41
459,Paonta Sahib,10,30.4452830,77.6020569,15
1280,Nirmal,32,19.0964117,78.3429750,76
1074,Tohana(New Veg Market),16,29.7000000,75.9000000,26
1166,Dadengiri,7,25.7582239,90.2242130,23
374,Harda,19,22.3355446,77.0996085,9
1202,Diamond Harbour(South 24-pgs),6,22.2000000,88.2000000,37
240,Moga,3,30.8164603,75.1717093,6
1381,Handwara (F&V),18,34.3996158,74.2817479,64
909,Khurja,17,28.2513538,77.8538797,16
41,Bhuna,16,29.5364802,75.7107996,26
429,Sangamner,2,19.5771387,74.2079648,44
226,Jalalabad,3,27.7180417,79.6558242,34
1171,Bhehjoi,17,25.3872700,82.5680309,69
1188,Saidpur,17,25.5408003,83.2254204,69
404,Buland Shahr,17,28.4069630,77.8498292,16
64,Rania,16,29.5255162,74.8360918,6
541,Khatauli,17,29.2760000,77.7310000,16
117,Raichur,13,16.2000000,77.3700000,27
1309,Ashoknagar,19,24.5775148,77.7318495,59
858,Sambhal,17,28.5900000,78.5700000,25
821,Jundla,16,29.6509413,76.8735374,35
306,Kopaganj,17,26.0200000,83.5700000,69
168,Balugaon,23,20.1783322,85.1129236,10
73,Tosham,16,28.8663990,75.9122500,26
1575,Basava Kalayana,13,17.8727780,76.9497220,76
916,Porsa(F&V),19,26.6728730,78.3692400,24
1199,Madhira,32,16.9235584,80.3686488,70
1536,Kurwai,19,24.1172220,78.0383330,59
13,Bharuch,14,21.7051358,72.9958748,75
72,Tohana,16,29.7000000,75.9000000,26
403,Awagarh,17,27.4426079,78.4837189,2
1370,Madurai,11,9.9252007,78.1197754,20
1086,Utraula,17,27.3200000,82.4200000,40
971,Thirthahalli,13,13.6894963,75.2449892,43
1426,Singheswarsthan,26,25.9834314,86.7957044,53
337,Burdwan,6,23.2324214,87.8614793,37
329,Varanasi(Grain),17,25.3176452,82.9739144,69
864,Yusufpur,17,25.6269953,83.7491298,69
1085,Maholi,17,27.6537759,80.4757570,40
351,Ballabhgarh,16,28.3421598,77.3255963,16
363,Daltenganj,29,24.0300000,84.0700000,56
156,Pune(Khadiki),2,18.5204303,73.8567437,44
620,Bohorihat,22,26.3304209,91.0040547,23
312,Muradabad,17,28.5055830,77.6922635,16
1392,Petlad,14,22.4836145,72.8013510,3
711,Nawan Shahar(MandiRaho),3,29.8118385,71.2473286,6
405,Devariya,17,26.8346480,81.0616662,40
734,Chirgaon,17,25.5666670,78.8166670,24
778,Badnawar(F&V),19,23.0207891,75.2335788,28
1190,Fruit Market,2,19.0737280,73.0082650,44
907,Kohima,28,25.6701000,94.1077000,36
599,Shahabad,16,27.6441382,79.9447096,34
1242,Ratlam(F&V),19,23.3341696,75.0376325,28
588,Nalbari,22,26.4446185,91.4410527,23
440,Tinsukia,22,27.4921909,95.3467750,29
574,Katpadi(Uzhavar Santhai),11,12.9796167,79.1375374,12
1284,Mangalore,13,12.9141417,74.8559568,43
31,Padra,14,22.2394372,73.0847979,3
109,Bangalore,13,12.9715987,77.5945627,7
578,Kalyani,6,22.9750855,88.4345078,37
1251,Bewar,17,27.2178783,79.2986668,34
1331,Momanbadodiya,19,23.5723229,76.3203091,28
639,Arasikere,13,13.3138890,76.2561110,45
1115,Vijapur,14,23.5700000,72.7500000,3
1487,Sankeshwar,13,16.2547766,74.4818698,18
1300,Goniana(Mehma Sarja),3,30.3191305,74.9146364,6
866,Shikohabad,17,27.1061756,78.5881674,2
1312,Badod,19,23.7920988,75.8083612,28
397,Bowenpally,32,17.4640632,78.4739756,76
1047,Bangarpet,13,13.1267178,78.1349748,7
419,Naneola,16,30.2547879,76.5748309,11
749,Jayas,17,26.2661092,81.5473014,40
828,Tilhar,17,27.9634170,79.7384346,25
950,Mauranipur,17,25.2432171,79.1379196,24
671,Bongiagaon,22,26.4800000,90.5600000,23
955,Siliguri,6,26.7083818,88.4268741,63
1482,Wardha,2,20.7453190,78.6021946,46
575,Diamond Harbour,6,22.2000000,88.2000000,37
1339,Sonkatch,19,22.9729348,76.3469014,28
1388,Ravulapelem,25,17.4986709,81.9998367,71
1311,Badnagar,19,23.0504394,75.3773549,28
877,Samsi,6,25.2734916,88.0039972,53
205,Barnala,3,30.3819446,75.5467979,41
964,Wokha Town,28,26.0910351,94.2589738,36
1414,Darbhanga,26,26.1118680,85.8960040,50
311,Moth,17,25.7200000,78.9500000,24
870,Vikasnagar,24,30.4680000,77.7740000,15
178,Deogarh,23,21.5300000,84.7300000,58
129,Thrissur,27,10.5276416,76.2144349,66
754,Lalganj,17,25.0166651,82.3591012,69
360,Uklana,16,29.5004295,75.8825337,26
222,Goraya,3,31.1240175,75.7778460,41
725,Atarra,17,25.2867411,80.5743969,57
646,Shujalpur,19,23.4000000,76.7200000,9
308,Mahoba,17,25.2920964,79.8724168,34
987,Tanakpur,24,29.0722375,80.1065646,25
806,Angul(Atthamallick),23,20.8444033,85.1510818,14
977,Nadwai,20,27.2144024,77.2031493,2
1501,Karhi,19,22.2787489,75.7974636,28
1431,Bihta,26,25.5633231,84.8698081,50
207,Bathinda,3,30.2109940,74.9454745,6
395,Kota (FV),20,25.2138156,75.8647527,38
487,Rairakhol,23,21.0741608,84.3410586,60
423,Junnar,2,19.2000000,73.8800000,44
1194,Pavagada,13,14.1000000,77.2700000,7
959,Medinipur(West),6,22.4240000,87.3190000,37
139,Chandvad,2,20.3291670,74.2444440,75
40,Barwala,16,29.3641876,75.9056753,26
1217,Patran,3,29.9577000,76.0486000,26
85,Santoshgarh,10,31.3562387,76.3225553,41
924,Kotadwara,24,29.7524013,78.5269027,15
904,Uttaripura,17,26.4894255,80.2819579,34
33,Siddhpur,14,23.9196207,72.3668366,3
1514,Ramachandrapuram,25,16.8372408,82.0325401,70
398,Sadasivpet,32,17.6167000,77.9500000,76
3,Tadepalligudem,25,16.8138415,81.5212410,70
1354,Gotegaon,19,23.0397310,79.4844499,30
1237,Harappana Halli,13,14.8000000,75.9800000,18
855,Sangola,2,17.4340512,75.1953934,18
1336,Pohari,19,25.5409269,77.3640257,24
1184,"New Grain Market(main), Karnal",16,29.8271692,74.9800547,6
876,Sainthia,6,23.9500000,87.6666670,8
1052,Bilaspur,9,31.3429426,76.7625073,42
76,Dhanotu (Mandi),10,32.1926988,76.2290823,17
563,Padampur,23,21.0000000,83.0700000,60
1511,Sendhwa,19,21.6818986,75.0942651,28
190,Kuchinda,23,21.7427571,84.3489467,60
800,Katwa,6,23.6500000,88.1300000,37
714,Pathankot,3,32.2643375,75.6421121,17
1168,Wazirganj,17,28.2200000,79.0500000,25
88,Kathua,18,32.3775789,75.5218468,32
1162,Dhanaula,3,30.2800000,75.5800000,6
463,Gadag,13,15.4324651,75.6380337,18
135,Lashkar,19,26.1973344,78.1684973,24
975,Kama,20,24.9068162,73.6212417,33
1025,Channapatana,13,12.6530000,77.2050000,7
587,Karimganj,22,24.8700000,92.3500000,61
1269,Gajapathinagaram,25,17.7876984,82.9474670,71
1139,Sindagi,13,16.9172558,76.2334278,18
1569,Nuzvid,25,16.7800000,80.8500000,70
391,Nawan Shahar(Subzi Mandi),3,29.8118385,71.2473286,6
372,Manjeri,27,11.1202984,76.1199677,39
1093,Mihipurwa,17,28.0684749,81.2532600,40
127,Kollam,27,8.8932118,76.6141396,68
717,Batote,18,33.1215891,75.3216488,32
1095,4th Mile Dimapur,28,25.8654824,93.7714464,19
1564,Nigdu,16,29.8403836,76.7365380,35
442,Dholka,14,22.7428431,72.4435674,3
731,Talwandi Bhai,3,30.8500000,74.9333000,6
550,Payagpur,17,27.4075094,81.7765233,40
409,Kanpur(Grain),17,26.4499230,80.3318736,34
396,Sriganganagar(F&V),20,29.9038399,73.8771901,6
824,Malur,13,13.0034948,77.9424531,7
1379,Lakhnadon,19,22.6014971,79.6010758,30
538,Kannauj,17,27.0514156,79.9136731,34
428,Rahata,2,19.7166670,74.4833330,44
482,Jatni,23,20.1703784,85.7058693,10
468,Haatpipliya,19,22.7699757,76.3014896,28
892,Parikshitgarh,17,28.9792981,77.9310283,16
1239,Pathalgaon,9,22.5563659,83.4610207,60
97,Gumla,29,23.0441295,84.5379455,56
1289,Tikabali,23,19.7986223,84.3673483,10
1574,Hanagal,13,14.7375271,76.7026255,18
1424,Gulabbagh,26,25.7871464,87.5420579,53
1337,Sevda,19,23.1209453,76.6643728,9
785,Nihal Singh Wala,3,30.5927402,75.2799884,6
812,Gulavati,17,28.5902291,77.7936081,16
1352,Dindori,19,22.9417931,81.0768455,30
508,Chittorgarh,20,24.8887435,74.6269216,38
986,Chevella,32,17.3123703,78.1385410,76
1130,Jogipet,32,17.8333330,78.0666670,76
357,Safidon,16,29.4060653,76.6614853,35
939,Koregaon,2,17.6966354,74.1607179,44
1164,Hoskote,13,13.0700000,77.8000000,7
441,Amod,14,22.0000000,72.8700000,75
814,Dhing,22,26.4700000,92.4700000,23
1041,Karmala,2,18.4044833,75.1953934,44
256,Sirhind,3,30.6159636,76.3810922,11
555,Kamakhyanagar,23,20.9228602,85.5560635,14
1567,Pusapatirega,25,18.0919920,83.5522700,71
481,Jaleswar,23,21.8038883,87.2269973,37
458,Nahan,10,30.5599327,77.2954830,49
868,Bermo,29,23.7833330,85.9500000,56
1225,Bara Bazar,4,23.7326850,92.7171403,4
1270,Chopada,2,21.2472081,75.3031435,28
1523,Berasia,19,23.6278576,77.4314466,9
962,Vandiperiyar,27,9.5693449,77.0862926,21
803,Bhawanipatna,23,19.9080190,83.1702597,60
446,Cheeka,16,30.0468116,76.3463624,35
728,Baberu,17,25.5503485,80.7048084,34
62,Radaur,16,30.0271643,77.1492940,35
1531,Jeerapur,19,24.0200000,76.3800000,9
427,Pune,2,18.5204303,73.8567437,44
36,Visavadar,14,21.3410369,70.7522299,55
901,Godhra,14,22.7788044,73.6142795,3
174,Bhanjanagar,23,19.9300000,84.5800000,10
1196,Porsa,19,26.6728730,78.3692400,24
422,Akole,2,19.5406298,74.0054280,44
1413,Biharsharif,26,25.1982147,85.5148735,50
761,Naanpara,17,27.8674709,81.4992884,40
730,Hindol,23,20.6131143,85.2023569,14
887,Mohammdi,17,27.9546524,80.2135340,40
1125,Falakata,6,26.5333330,89.2000000,63
530,Dudhi,17,24.2154062,83.2385559,69
1204,Nadiad,14,22.7000000,72.8700000,3
389,Malerkotla,3,30.5232076,75.8882508,41
1210,Banaganapalli,25,15.3181028,78.2255450,27
1390,Alathur,27,10.6419924,76.5449647,47
610,Junagarh,23,19.8620964,82.9405172,54
1548,Timarni,19,22.3692296,77.2261452,9
984,"Patan(Veg,Yard Patan)",14,23.8493246,72.1266255,3
654,Chelakkara,27,10.7000000,76.3500000,66
661,Muradnagar,17,28.7703752,77.4988753,16
284,Bijnaur,17,26.7426394,80.9014160,40
1372,Nandyal,25,15.4785694,78.4830934,27
491,Kadur,13,13.5533476,76.0111179,43
1358,Mandla,19,22.5979218,80.3713855,30
1254,Nawada,26,24.8800000,85.5300000,50
1037,Chintamani,13,13.4019689,78.0551384,7
49,Indri,16,29.8811462,77.0541183,35
782,Durgapur,6,23.5204443,87.3119227,37
211,Dasuya,3,31.8132260,75.6637375,17
116,Mysore (Bandipalya),13,12.2958104,76.6393805,45
304,Khair,17,27.9391956,77.8424456,2
410,Khalilabad,17,26.7774163,83.0656680,69
30,Morbi,14,22.8119895,70.8236195,55
209,Budalada,3,29.9266932,75.5541854,6
173,Bhadrak,23,21.0582737,86.4958396,14
1072,Namhol(Bilaspur),10,31.2568523,76.8598442,62
1023,Koppa,13,13.5288647,75.3630796,43
146,Lasalgaon,2,20.1500000,74.2400000,44
239,Malout,3,30.1900000,74.4990000,6
557,Sandi,17,27.2901003,79.9555447,34
702,Piravam,27,9.8730715,76.4919511,21
99,Jamshedpur,29,22.8045665,86.2028754,56
1541,Pachaur,19,24.1365181,82.3506142,57
1102,Jowai,7,25.4509020,92.2089109,61
573,Dhariwal,3,31.9585040,75.3232450,5
807,Athagarh,23,20.5173954,85.6306396,14
650,Hathin,16,28.0359281,77.2318934,22
601,Bilaspur,10,31.3429426,76.7625073,42
915,Sikandraraau,17,27.6864088,78.3782740,2
966,Shamli,17,29.4480560,77.3102780,35
1121,Tikonia,17,26.8761563,80.9684566,40
1398,Akola,2,20.7059345,77.0219019,46
474,Lasalgaon(Niphad),2,20.1500000,74.2400000,44
350,Bahadurgarh,16,28.6800000,76.9200000,22
847,Vijayawada,25,16.5061743,80.6480153,70
140,Devala,2,19.5775185,77.0535680,76
29,Mehsana(Mehsana Veg),14,23.5879607,72.3693252,3
274,Allahabad,17,25.4358011,81.8463110,57
793,Akluj,2,17.8824450,75.0205283,18
1500,Jobat,19,22.4200000,74.5700000,28
988,Shamgarh,19,24.1883179,75.6352989,38
1538,Narsinghgarh,19,23.7000000,77.1000000,9
221,Goniana,3,30.3191305,74.9146364,6
408,Jarar,17,26.8696550,78.5689242,2
1357,Keolari,19,22.3702354,79.9065587,30
1353,Gorakhpur,19,26.7605545,83.3731675,69
1000,Gajol,6,25.2108593,88.1923843,53
1155,Acharapakkam,11,12.3959000,79.8091000,52
1393,Kakinada,25,16.9890648,82.2474648,71
633,Thamarassery,27,11.4138890,75.9227780,39
1192,"Anjar(Veg,Sub Yard)",14,23.1379042,70.0172075,73
165,Keshopur,5,28.6518338,77.0809093,16
1109,Howrah,6,22.5957689,88.2636394,37
1253,Bhodhan,32,18.6700000,77.9000000,76
60,Panipat,16,29.3909464,76.9635023,35
370,Anchal,27,8.9300191,76.9064744,68
880,Dahod,14,22.8379314,74.2531465,28
246,Phagwara,3,31.2240198,75.7708013,41
524,Barabanki,17,26.9400001,81.1900000,40
2,Pattikonda,25,15.3968177,77.5007186,27
1256,Adilabad(Rythu Bazar),32,19.6700000,78.5300000,76
1322,Khaniadhana,19,25.0320704,78.1270298,24
316,Raibareilly,17,28.3670355,79.4304381,25
1334,Pichhour,19,25.1783330,78.1886110,24
1187,Ongole(Rythu Bazar),25,15.5057232,80.0499220,27
96,Godda,29,24.8255215,87.2135177,8
507,Ropar,3,30.9659168,76.5230234,11
707,Amritsar,3,31.6339793,74.8722642,5
996,Thoubal,15,24.6449243,93.9992900,36
1489,Bolangir(Patnagarh),23,20.7074234,83.4842725,60
494,Moovattupuzha,27,9.9670000,76.5830000,21
280,Banda,17,25.4833330,80.3333330,34
171,Bargarh(Barapalli),23,21.3300000,83.6200000,60
217,Ferozepur Cantt.,3,30.9107385,74.6224755,5
325,Tamkuhi Road,17,26.7245120,84.2276650,50
995,Moreh,15,24.2512810,94.3013043,36
1497,Dhar,19,22.6012922,75.3024655,28
324,Sultanpur,17,26.2647757,82.0727061,40
1528,Gairatganj,19,23.4122220,78.2216670,59
570,Bikaner(F&V),20,28.0100000,73.3000000,33
825,Sardhana,17,29.1500000,77.6200000,16
656,Jahangirabad,17,28.4043066,78.1048716,16
1544,Rehati,19,25.9746655,77.8052767,24
890,Navapur,2,21.1616527,73.7946403,75
196,Udala,23,21.5700000,86.5700000,14
851,Goreswar,22,26.5400000,91.7300000,23
949,Jhijhank,17,26.5622301,79.7357812,34
1294,Somvarpet,13,12.5943101,75.8504904,45
914,Sahaspur,23,20.7545837,86.3022953,14
1163,Ramanathapuram(phase 3),11,10.9974549,76.9915961,13
710,Jora,19,26.3440501,77.8072373,24
1330,Maksudangarh,19,24.0641223,77.2462628,9
305,Khairagarh,17,26.9425734,77.8190140,2
366,Chickkaballapura,13,13.4300000,77.7200000,7
14,Bhavnagar,14,21.7644725,72.1519304,75
450,Hodal,16,27.9000000,77.3700000,22
872,Asansol,6,23.6739452,86.9523954,8
745,Jafarganj,17,25.9159921,80.5014703,34
856,Nandura,2,20.8333330,76.4597220,28
273,Aligarh,17,27.9000000,78.0800000,2
645,Sabalgarh,19,26.2469802,77.4070144,24
1273,Pandhurna,19,21.6000000,78.5200000,46
1183,Jalana,2,19.8296893,75.8800305,28
732,Bharthna,17,26.7500000,79.2300000,34
299,Hasanpur,17,28.7200000,78.2800000,16
1389,Limdi,14,23.0088266,74.1558712,3
521,Rerozepur Zhirka,16,27.7873427,76.9464633,22
1134,Akodia,19,23.3813932,76.6037222,9
1509,Sanawad,19,22.1800000,76.0700000,28
1113,Agar,19,24.2321486,75.4985521,38
24,Jetpur(Dist.Rajkot),14,23.0000614,70.8927307,55
792,Pen,2,18.7348880,73.0966019,44
701,"New Grain Market , Rohtak",16,28.8875862,76.5704967,22
652,Iamailabad,16,30.1170485,76.6672602,35
680,Kendrapara(Marshaghai),23,20.4969108,86.4288534,14
766,Robertsganj,17,24.6850005,83.0683519,69
1302,Narayanpet,32,16.7445112,77.4960078,76
796,Sakri,2,20.9926045,74.3140742,75
1057,Shopian,18,33.7170033,74.8360918,64
1038,Morena(F&V),19,26.5000000,78.0000000,24
1250,Hajipur,26,25.5770450,87.5346402,53
1561,Mehmadabad,14,22.9991066,72.6165690,3
294,Ghiraur,17,27.1870036,78.7931991,2
518,Anandnagar,17,27.1022603,83.2759219,69
827,Kottarakkara,27,9.0009187,76.7720205,68
369,Aluva,27,10.1075702,76.3456620,21
488,Bhadravathi,13,13.8400000,75.7020000,43
1361,Sehora,19,23.1168513,80.1289010,30
436,Jaggayyapeta,25,16.8920000,80.0976010,70
1213,Himatnagar(Veg.Market Himatnagar),14,23.6036268,72.9639461,3
1493,Badnawar,19,23.0207891,75.2335788,28
670,Damoh,19,23.8380986,79.4421731,59
484,Khunthabandha,23,20.8284460,84.3271305,60
170,Bargarh,23,21.3300000,83.6200000,60
519,Badayoun,17,28.0337088,79.1205419,25
1560,Tapa(Sadar Bazar),3,30.2980560,75.3688890,6
1099,Sakaleshpura,13,12.9441511,75.7865653,43
175,Boudh,23,20.8284460,84.3271305,60
628,Parappanangadi,27,11.0605060,75.8507818,39
108,Simdega,29,22.6100000,84.5000000,58
942,Sulya,13,12.5580560,75.3891670,43
516,Narnaul,16,28.0657961,76.1014781,22
689,Taleja,14,21.3514348,72.0327247,75
1055,Junagadh,14,21.5221840,70.4578768,55
888,Thalayolaparambu,27,9.7850000,76.4481000,21
668,Gosala,23,21.4268410,83.9001366,60
1003,Shamgarh(F&V),19,24.1883179,75.6352989,38
1432,Akkalkot,2,17.5242162,76.2054416,18
141,Dindori,2,22.9417931,81.0768455,30
319,Sahiyapur,17,27.3838944,82.4847517,40
1110,Parvathipuram,25,18.7817162,83.4267518,71
976,Mulabagilu,13,13.1666533,78.3940737,7
1304,Rajahmundry,25,17.0005383,81.8040345,70
250,Rajpura,3,30.4839970,76.5939516,11
1087,Viswan,17,27.4937578,80.9964806,40
1581,Shahapur,2,16.6956754,76.8431564,18
44,Dabwali,16,29.9480490,74.7341349,6
1328,Magroni,19,25.7004580,77.9367409,24
471,Jalgaon,2,20.9979840,75.5667110,28
1522,Begamganj,19,23.6011232,78.3359475,59
1310,Badarwas,19,24.9769380,77.5644966,24
629,Parassala,27,8.3438981,77.1519902,68
1026,Bhesan,14,21.5548528,70.7034651,55
698,Mannar,27,9.3171351,76.5343721,21
456,Chamba,10,32.5533633,76.1258083,17
1435,Jahajharpur,26,26.2674009,86.2969422,8
1054,Ghatal,6,22.6700000,87.7200000,37
756,Kodungalloor,27,10.2093879,76.1958429,21
1520,Bankhedi,19,22.7690544,78.5348565,59
1350,Balaghat,19,21.8128760,80.1838293,46
622,Dhekiajuli,22,26.7000000,92.5000000,23
1200,Bazpur,24,29.1585345,79.1463868,25
333,Bankura Sadar,6,23.2290173,87.0650019,37
928,Bayana,20,26.9158088,77.2893606,2
523,Bangarmau,17,26.8917079,80.2126756,34
128,Kottayam,27,9.5915668,76.5221531,21
434,Raikot,3,30.6500000,75.6000000,41
1504,Khetia,19,21.6733330,74.5869440,28
334,Bara Bazar (Posta Bazar),6,22.5817406,88.3543972,37
802,Mylavaram,25,16.7638263,80.6382413,70
303,Kasganj,17,27.8129344,78.6497850,2
1488,Danapur,26,25.6206672,85.0493253,50
1173,Sailana,19,23.4577763,74.9281842,28
448,Gohana,16,29.1300000,76.7000000,35
1356,Katangi,19,21.7704644,79.8044590,46
1264,Guna(F&V),19,24.6500000,77.3200000,9
686,Sambalpur,23,21.4668716,83.9811665,60
1405,Polavaram,25,17.2478932,81.6432353,70
885,Atrauli,17,27.1731576,80.6604364,40
571,Pali,20,25.7710893,73.3234478,33
626,Palakkad,27,10.7867303,76.6547932,47
799,Malkapur,2,20.8864830,76.2162709,28
1011,Armoor,32,18.7894581,78.2892742,76
1490,Kalyandurg,25,14.5500000,77.1000000,7
774,vadakarapathy,27,10.7824527,76.8547990,47
266,Pratapgarh,20,25.8973038,81.9452981,69
625,Pala,27,9.7137531,76.6829278,21
863,Nuh,16,28.1023894,76.9931074,22
1306,Sangat,3,30.0855734,74.8419405,6
130,A lot,19,23.7621400,75.5599100,28
21,Dhari,14,21.3266490,71.0252571,55
1101,"AMO, Amritsar",18,33.7781750,76.5761714,17
1494,Badwaha,19,22.0300000,74.9000000,28
1492,Anjad,19,22.0430940,75.0538136,28
651,Dhanura,17,28.9700000,78.2500000,16
263,Chomu(F&V),20,27.1700000,75.7200000,31
940,Sirsa,17,25.2585031,82.0924577,69
1089,Mehmoodabad,17,27.3000000,81.1333330,40
394,Ajmer(F&V),20,26.4498954,74.6399163,31
676,Kantabaji,23,20.4639112,82.9205737,60
1362,Seoni,19,22.0868691,79.5434841,46
742,Gurusarai,17,29.9647520,77.5405354,15
1573,Bhusaval,2,21.0500000,75.7700000,28
1571,Srikakulam,25,18.2969747,83.8967813,71
1406,Jalgaon(Masawat),2,20.9979840,75.5667110,28
243,Mukerian(Talwara),3,31.9562897,75.6168408,17
1007,Kullu(Patli Kuhal),10,31.9578510,77.1094597,42
82,Kullu,10,31.9578510,77.1094597,42
489,Bijapur,13,16.8301708,75.7100310,18
672,Katni(F&V),19,23.8308453,80.4072255,30
343,Ramkrishanpur(Howrah),6,25.2757475,88.9713045,63
883,Kamthi,2,21.2275312,79.1900834,46
1319,Kannod,19,22.6630638,76.7423094,28
495,Faridkot,3,30.6781870,74.7395591,6
145,Kolhapur,2,16.6913076,74.2448662,48
1124,Kheragarh,9,21.4195368,80.9788187,54
790,Sanwer,19,22.9736761,75.8260438,28
776,Belacoba,6,26.5913670,88.5886864,63
1131,Anand Nagar,9,21.1843350,81.3024603,54
853,Nashik(Devlali),2,19.9974533,73.7898023,44
292,Gazipur,17,27.9544223,78.3052680,2
771,Shahabad(New Mandi),17,27.6441382,79.9447096,34
349,Kapadvanj,14,23.0200000,73.0700000,3
1186,Adilabad,32,19.6700000,78.5300000,76
38,Ambala City,16,30.3781788,76.7766974,49
464,Tarikere,13,13.7086667,75.8158590,43
705,Mamdot,3,30.8704981,74.4188535,6
862,Kopargaon,2,19.8916791,74.4790898,44
1,Kurnool,25,15.8281257,78.0372792,27
834,Anoop Shahar,17,28.3540864,78.2675478,16
57,Mustafabad,16,30.2000000,77.1500000,35
1441,Jainagar,26,25.0500000,84.0833330,69
94,Chakulia,29,22.4733583,86.7164863,37
411,Muzzafarnagar,17,29.4726817,77.7085091,35
1193,Sonepat(Kharkhoda),16,28.9287735,77.0912810,16
1355,Kareli,19,22.9336110,79.0622220,30
309,Mawana,17,29.0969563,77.9204938,16
161,Solapur,2,17.6599188,75.9063906,18
674,Howly,22,26.4232202,90.9800692,23
1116,Lakkireddipally,25,14.1831779,78.6994326,27
454,Pundri,16,29.7500000,76.5500000,35
556,Kandhamal,23,20.1342042,84.0167423,60
1318,Kailaras,19,26.3013729,77.6163803,24
1105,Rattia,16,29.6800000,75.5800000,26
1067,Puranpur,17,28.5129459,80.1477341,25
1005,Kosgi,32,16.9877611,77.7169224,76
1112,Bilga,3,31.0501545,75.6546595,41
50,Jagadhri,16,30.1680858,77.2969204,35
726,Patiala,3,30.3400000,76.3800000,11
843,Nedumkandam,27,9.8430560,77.1513890,21
1135,Gopiganj,17,25.2823381,82.4346498,69
70,Sonepat,16,28.9287735,77.0912810,16
913,Muskara,17,25.6653084,79.7988084,34
1481,Belur,13,13.1629000,75.8571000,43
138,Amrawati(Frui & Veg. Market),2,20.9374238,77.7795513,46
1562,S.Mandvi,14,22.8333340,69.3554783,73
682,Mottagaon,23,20.6700000,85.6000000,14
1223,Sindholi,17,25.8311339,79.2986668,24
200,Anandpur Sahib,3,31.2344015,76.5054652,11
644,Chamaraj Nagar,13,11.9261471,76.9437312,45
1408,"Registrar Co Op,Panaji",1,15.5008688,73.8261059,48
998,Sheopurkalan,19,25.6711824,76.7005056,38
591,Mahuva(Station Road),14,21.0902193,71.7563169,75
1332,Mungawali,19,25.4847842,78.1849427,24
160,Sinner,2,19.8500000,74.0000000,44
6,Hailakandi,22,24.6811018,92.5638055,4
911,Kurara,17,25.9801059,79.9892034,34
511,Imphal,15,24.8200000,93.9500000,36
413,Soharatgarh,17,27.4025296,82.9596879,69
390,Moonak,3,29.8196000,75.8866000,26
831,Kullu(Chauri Bihal),10,31.9578510,77.1094597,42
98,Hazaribagh,29,23.9966213,85.3691068,56
1274,Dindigul,11,10.3673123,77.9802906,20
293,Ghaziabad,17,28.6691565,77.4537578,16
231,Khanna,3,30.6978520,76.2112286,41
248,Phillaur(Apra Mandi),3,31.0130661,75.7894716,41
934,Chhibramau,17,27.1499944,79.4998985,34
364,Latehar,29,23.7500000,84.5000000,56
1230,"Eluru-II,RBZ",25,16.7106604,81.0952431,70
696,Goalpara,22,26.1700000,90.6200000,23
477,Rahuri(Vambori),2,19.3926780,74.6488264,44
315,Partaval,17,26.9682707,83.6015808,69
439,Mangalagiri,25,16.4349096,80.5687692,70
886,Pampady,27,9.5656567,76.6441591,21
1333,Nalkehda,19,23.8356771,76.2363989,28
485,Nawarangpur,23,19.2300000,82.5500000,71
693,Kayamkulam,27,9.1843659,76.5151560,68
747,Jasvantnagar,17,26.8800000,78.9000000,2
356,Palwal,16,28.1487362,77.3320262,22
120,Chala,27,11.8559282,75.4402993,72
499,Giddarbaha,3,30.2000000,74.6700000,6
16,Bilimora,14,20.7690264,72.9777738,75
412,Sikanderabad,17,28.4528180,77.6965573,16
1391,Dharwar,13,15.4589236,75.0078080,18
637,Vamanapuram,27,8.7200343,76.8980371,68
1429,Monday Market,11,8.1987185,77.3044410,68
1542,Pipariya,19,22.7622132,78.3486781,9
475,Samalkha,16,29.2405629,77.0113048,35
194,Sakhigopal,23,19.9463746,85.8138024,10
164,Azadpur,5,28.7031438,77.1772288,16
592,Chhachhrauli(Khizrabad),16,30.2430239,77.3582840,35
1094,Risia,17,27.6877490,81.6064860,40
1205,Rania(Jiwan nagar),16,29.5255162,74.8360918,6
999,Shivpuri,19,25.4300000,77.6500000,24
823,Kanakapura,13,12.5462442,77.4198823,7
497,Punalur,27,9.0170000,76.9260000,68
1226,Amargarh,3,30.4607100,76.0130784,41
267,Gudimalkapur,32,17.3787821,78.4374024,76
1557,Ulundurpettai,11,11.6905560,79.2916670,52
28,"Mehmadabad(Veg ,market)",14,22.9991066,72.6165690,3
540,Parner,2,19.0030000,74.4380000,44
1290,Siddavatam,25,14.4667556,78.9698314,27
1371,Machilipatnam,25,16.1700000,81.1300000,70
283,Basti,17,26.8176796,82.7633133,69
980,L B Nagar,32,17.3457176,78.5522296,76
1189,Dataganj,17,28.0300000,79.4000000,25
830,Jalandhar City(Jalandhar),3,31.3260152,75.5761829,41
1148,Shahaswan,17,28.0680000,78.7510000,2
1051,Fazilka (Ladhuka),3,30.4036478,74.0279621,6
1363,Shahpura(Jabalpur),19,23.1844289,80.7048084,30
95,Gadhwah,29,24.1548982,83.7995617,69
447,Faridabad,16,28.4089123,77.3177894,16
512,Udaipur(F&V),20,24.5800000,73.6800000,33
460,Solan(Nalagarh),10,30.9044857,77.0967357,62
937,Indapur,2,18.1200000,75.0300000,44
1484,Begusarai,26,25.4166750,86.1293792,8
9,Chandigarh(Grain/Fruit),21,30.7399738,76.7567368,11
1211,Nowpora,18,33.6056025,75.1870044,64
1417,Khagaria,26,25.5061110,86.4711110,8
224,Guru Har Sahai,3,30.7170460,74.4163830,6
298,Hardoi,17,27.4200000,80.1200000,34
307,Lalitpur,17,24.6878597,78.4120206,59
584,Lucknow,17,26.8466937,80.9461660,40
1059,Bailahongal,13,15.8170000,74.8670000,18
492,Bhawanigarh,3,30.2640601,76.0370947,41
773,Thrippunithura,27,9.9527670,76.3386730,21
383,Banki,23,22.0963519,84.8958731,58
501,Makhu,3,31.1071528,74.9764024,5
970,Srinivasapur,13,13.3377780,78.2122220,7
1276,Karsiyang(Matigara),6,26.8827620,88.2795410,63
206,Bassi Pathana,3,30.6861187,76.4042404,11
191,Nimapara,23,20.0536724,86.0070547,10
361,Kangra(Nagrota Bagwan),10,32.0998031,76.2691006,17
338,English Bazar,6,25.0108408,88.1410967,53
1185,Moodigere,13,12.4244205,75.7381856,72
723,Achalda,17,26.7155368,79.4165048,34
1081,Karnailganj,17,28.6380264,77.2153889,16
483,Keonjhar(Jhumpura),23,21.5151196,85.6845780,14
1268,Ding,16,29.4609337,75.2604846,26
944,Nagour(FV),20,27.1991222,73.7409240,33
884,Maigalganj,17,27.7172982,80.3449831,40
943,Sivasagar,22,26.9800000,94.6300000,29
1296,Vai,2,20.0848733,78.6267518,46
564,Tanda(Rampur),17,26.5500000,82.6500000,69
297,Haathras,17,27.6000000,78.0500000,2
154,Pimpalgaon Baswant(Saykheda),2,20.1699678,73.9873787,75
144,Kalvan,2,18.2913574,73.2735875,44
687,Nadiyad(Piplag),14,22.7000000,72.8700000,3
1556,Pongalur,11,10.9729427,77.3697672,13
794,Falakata(Dhupguri),6,26.5333330,89.2000000,63
1516,Mehrauni,17,26.1808952,83.4019725,69
769,Bhivandi,2,19.2812547,73.0482912,44
804,Siwan,16,26.2196205,84.3566593,50
328,Unnao,17,26.5393449,80.4878195,34
321,Shadabad,17,27.4390910,78.0338078,2
470,Barshi,2,18.2333856,75.6941478,18
553,Purwa,17,26.4566318,80.7713210,40
1001,Khairthal,20,27.8011636,76.6441591,22
1220,Babra,14,21.8441670,71.3041670,55
1329,Mahidpur,19,24.5786275,77.9938497,59
1257,Champhai,4,23.4565708,93.3281929,4
826,Sirsaganj,17,27.0552636,78.6893782,2
718,Tarantaran,3,31.4616728,74.9267229,5
387,Sargipali,23,22.0522916,83.9095726,60
1340,Susner,19,23.9428099,76.1001009,28
1009,Bidar,13,17.9200000,77.5197220,76
301,Jaunpur,17,25.7490034,82.6987002,69
1539,Nasrullaganj,19,22.6063673,77.2087364,9
1411,Allagadda,25,15.1344838,78.5031721,27
917,Parimpore,18,33.7781750,76.5761714,17
1180,Jangipura,17,25.6540508,83.5576478,69
559,Shahabad,17,27.6441382,79.9447096,34
290,Fatehpur Sikri,17,27.0945291,77.6679292,2
1416,Katihar,26,25.5520480,87.5718609,53
1128,Ganjdudwara,17,27.7345321,78.9373099,2
1409,Bhadrawati,2,20.1003298,79.1145675,46
189,Khariar Road,23,20.8990000,82.5090000,54
212,Dera Bassi,3,30.5872000,76.8428000,49
1248,Silapathar,22,27.5952937,94.7240030,29
1419,Sasaram,26,24.9490360,84.0314295,69
952,Bilsi,17,28.1282088,78.9063483,25
1442,Devarakadra,32,16.6247946,77.8410163,27
86,Solan,10,30.9044857,77.0967357,62
172,Betnoti,23,21.7355030,86.8499280,14
285,Chandoli,17,27.5112073,81.2229672,40
1008,Israna,16,29.2769800,76.8519159,35
850,Mansa,14,23.4349854,72.6565084,3
653,Chavakkad,27,10.5833096,76.0188816,66
614,Chathanoor,27,8.8566670,76.7180560,68
1218,Karimpur,6,23.9742977,88.6265475,37
789,Sagar(F&V),19,23.8388050,78.7378068,59
973,Kattappana,27,9.7568348,77.1168640,21
719,Pulwama (F&V),18,33.8716117,74.8945692,64
817,Panposh,23,22.2375766,84.8033402,58
808,Chorichora,17,26.6202242,83.6263120,69
1197,Bapauli,16,29.3384021,77.0837870,35
1374,Pulivendala,25,14.4222318,78.2263388,27
100,Jamtara,29,23.9505496,86.8170132,8
234,Kurali,3,30.8300000,76.5700000,11
392,Sahnewal,3,30.8448000,75.9758000,41
1386,Karimnagar,32,18.4385553,79.1288412,76
1368,Vikarabad,32,17.3364298,77.9048483,76
695,Kothamangalam,27,10.0601903,76.6350827,21
183,Jagatsinghpur,23,20.2548998,86.1706221,10
848,Neem Ka Thana,20,27.7380000,75.7830000,31
844,Deori,19,23.4000000,79.0200000,59
1345,Birmaharajpur,23,20.8681552,84.0458176,60
703,Pothencode,27,8.6194660,76.8987284,68
1144,Bishenpur,15,24.6303603,93.7598288,36
1447,Vansda,14,20.7579323,73.3640381,75
326,Tulsipur,17,27.5246311,82.4156829,40
278,Bahraich,17,27.5800000,81.6000000,40
131,Chhindwara,19,22.0574370,78.9381729,46
288,Faizabad,17,26.7700000,82.1500000,40
399,Achnera,17,27.2689973,78.1421905,2
554,Rura,17,26.4820748,79.9005920,34
1552,Kothavalasa,25,17.8908652,83.1908216,71
896,Rampurmaniharan,17,29.8050000,77.4520000,35
310,Mirzapur,17,25.1336987,82.5644344,69
213,Dhuri,3,30.3700000,75.8700000,41
784,Haldwani,24,29.2182644,79.5129767,25
279,Ballia,17,25.7584381,84.1487319,50
865,Raath,17,25.6021251,79.5659633,34
1384,Mehsana,14,23.5879607,72.3693252,3
1083,Vishalpur,17,28.2937839,79.8044590,25
368,Shimoga,13,13.9299299,75.5681010,43
561,Malkanagiri,23,18.3435863,81.8825279,71
648,Farukh Nagar,16,28.4489896,76.8227916,22
708,Jabalpur(F&V),19,23.1666670,79.9333330,30
1043,Holenarsipura,13,12.7869166,76.2467352,45
503,Maur,3,30.0645850,75.2317403,6
716,Amarawati,2,20.9303850,77.7587500,46
320,Samsabad,17,27.5363400,79.4394459,34
611,Hassan,13,13.0068142,76.0995519,45
500,Chandrapur(Ganjwad),2,19.9500000,79.3000000,46
641,Indore,19,22.7195687,75.8577258,28
1158,Rudauli,17,26.7500000,81.7500000,40
218,Firozepur City,3,31.1448666,75.9586615,41
1212,Harihara,13,12.3976785,77.2893606,7
1543,Raisen,19,23.3327329,77.7823973,9
1559,Zaheerabad,32,17.6800000,77.6200000,76
627,Palayam,27,8.5027684,76.9513432,68
1545,Semriharchand,19,22.6921762,78.1051246,9
692,Bhagta Bhai Ka,3,30.4811084,75.0932352,6
758,Meerut,17,28.9844618,77.7064137,16
1228,Chittor(Rythu Bazar),25,13.2171760,79.1003289,12
220,Ghanaur,3,30.3320205,76.6110085,11
638,Burhanpur(F&V),19,21.3193875,76.2224273,28
1483,Ungatur,25,16.8229562,81.4237776,70
238,Machhiwara,3,30.9100000,76.2000000,41
547,Maudaha,17,25.6800000,80.1200000,34
1167,Sultanpurchilkana,17,30.0707967,77.5003091,15
965,Zunheboto,28,26.0092831,94.5237707,36
1056,Mahbubnagar,32,16.7375089,78.0081221,27
106,Ranchi,29,23.3440997,85.3095620,56
1075,Zaloosa-Chararishrief (F&V),18,33.7781750,76.5761714,17
829,Jangipur,6,24.4589833,88.1047287,8
348,Cachar,22,24.7821253,92.8577105,4
223,Gurdaspur,3,32.0333000,75.4000000,5
560,Shahganj,17,24.7018356,82.9541887,69
1327,Loharda,19,22.5919948,76.5921665,28
594,Kolaghat,6,22.4300000,87.8700000,37
268,Hyderabad (F&V),32,17.3850440,78.4866710,76
918,Mehatpur,3,31.0473273,75.4723411,41
254,Samrala,3,30.8356679,76.1910284,41
945,Tura,7,25.5140712,90.2032141,23
87,Una,10,20.8200000,71.0300000,55
762,Perumbavoor,27,10.1319390,76.4821849,21
700,"New Grain Market , Panchkula",16,30.4776608,77.1216684,49
531,Gangoh,17,29.7788493,77.2606305,35
920,Nawanshahar,3,31.0912954,76.0391909,41
93,Chaibasa,29,22.5474364,85.8025373,56
846,Jaipur(F&V),20,26.9124336,75.7872709,31
199,Amritsar(Amritsar Mewa Mandi),3,31.6339793,74.8722642,5
1117,Kot ise Khan,3,30.9521840,75.1290781,5
795,Birbhum,6,24.3575023,87.8426967,8
425,Kada,2,18.8961089,75.0815557,44
900,Aizawl,4,23.7271070,92.7176389,4
1082,Chaandpur,17,26.5268623,83.8380216,69
1439,Sitamarhi,26,26.5945129,85.4835393,50
52,Kaithal,16,29.8000000,76.3800000,35
476,Palghar,2,19.6935581,72.7655184,44
467,Jui,16,28.6357600,75.9434209,26
1070,Lungli,4,22.8670691,92.7655358,4
102,Koderma,29,24.4700000,85.6000000,56
902,Gadaura,17,27.0091040,79.6923047,34
604,Bhiwani,16,28.7990445,76.1335112,26
585,Mugrabaadshahpur,17,25.6579775,82.1903963,69
104,Madhupur,29,24.2653802,86.6480173,8
1232,Kalapipal,19,23.4136273,76.2899071,28
469,Khandwa,19,21.8257334,76.3525710,28
25,Jhalod,14,23.0981684,74.1643497,3
42,Ch. Dadri,16,28.6004211,76.2796810,22
107,Saraikela,29,22.7023346,85.9278993,56
815,Malkangiri(Korakunda),23,18.3435863,81.8825279,71
897,Vaijpur,2,19.9256818,74.7284812,44
1062,Gaddiannaram,32,17.3908771,78.5490494,76
770,Ujhani,17,28.0003235,79.0051685,2
1283,Pipar City,20,26.3856000,73.5378000,33
1418,Kishanganj,26,26.0794440,87.9372220,53
1017,Damoh(F&V),19,23.8380986,79.4421731,59
1360,Saunsar,19,21.6519825,78.7957856,46
504,Kurdwadi,2,18.0963477,75.4221007,18
1313,Bhind,19,26.5642000,78.7883000,24
74,Yamuna Nagar,16,30.1290485,77.2673901,35
479,Godabhaga,23,21.4159983,83.8419989,60
752,Khaga,17,25.7720835,81.1035342,34
407,Hapur,17,28.7305798,77.7758825,16
1050,Bhulath,3,31.5423237,75.5058321,5
1277,Kalanaur,3,32.0100000,75.1500000,5
1550,Vidisha,19,23.5300000,77.8200000,9
1404,Bhuj,14,23.2419997,69.6669324,73
502,Kalyan,2,19.2403305,73.1305395,44
1156,Kattakada,27,8.4938457,77.1137324,68
1553,Patan,2,17.3700000,73.9000000,48
1275,Hunsur,13,12.3100000,76.2900000,45
960,Uluberia,6,22.4744363,88.1000377,37
1161,T. Narasipura,13,14.1271868,75.2201933,43
452,Karnal,16,29.6856929,76.9904825,35
967,Wansi,17,27.1751518,82.9314600,69
1246,Jaisalmer,20,26.9157487,70.9083443,33
1505,Kukshi,19,22.2068295,74.7556518,28
684,Rayagada(Muniguda),23,19.1700000,83.4200000,71
1080,Vilaspur,17,26.8714776,78.8853235,2
1203,Motihari,26,26.6500000,84.9166670,50
1376,Mahbubnagar(Nawabpet),32,16.7375089,78.0081221,27
1010,Narsapur,32,17.7386110,78.2827780,76
1375,Bellary,13,15.1393932,76.9214428,18
382,Shirpur,2,21.3495981,74.8797127,28
951,Nawabganj,17,26.8700000,82.1300000,40
1443,Bahadurganj,26,26.2643148,87.8279577,53
124,Irinjalakkuda,27,10.3446664,76.2093715,66
1064,Patna City,26,25.6110000,85.1440000,50
1160,Padampur,20,21.0000000,83.0700000,60
1136,Jaspur,9,21.7198944,83.0441927,60
819,Kalayat,16,29.6742100,76.2457500,26
1029,Karjat(Raigad),2,18.9192249,73.3277223,44
1058,Washi(Thane Market),2,18.5422220,75.7788890,44
529,Chibramau,17,27.1499944,79.4998985,34
679,Kendrapara,23,20.4969108,86.4288534,14
1177,Maddur,13,12.5849000,77.0500000,45
45,Dhand,16,29.8853701,76.6210539,35
1369,Bhalki,13,18.0503666,77.2183652,76
1142,Saharsa,26,25.8705560,86.6013890,8
401,Ajuha,17,25.7012927,81.2534911,57
1568,Shahapur,13,16.6956754,76.8431564,18
906,Hargaon (Laharpur),17,27.7711254,80.7269854,40
552,Pukhrayan,17,26.2266671,79.8380778,34
963,Ashta,19,23.0180474,76.7159720,9
1145,Keshod,14,21.2997164,70.2492882,55
1498,Harsood,19,22.5022850,77.5017428,9
1249,Shrigonda,2,18.6175439,74.6981267,44
539,Kayamganj,17,27.5540047,79.3296565,2
242,Mukerian,3,31.9562897,75.6168408,17
1503,Khargone,19,21.8335244,75.6149893,28
969,Adampur,16,31.4329486,75.7139010,41
1359,Narsinghpur,19,22.9465570,79.1943534,30
1535,Kurawar,19,23.5113515,77.0247361,9
1537,Multai,19,21.7751821,78.2571256,46
535,Jasra,17,25.2816904,81.7766514,57
927,Chhibramau(Kannuj),17,27.1499944,79.4998985,34
367,Kundapura,13,13.6315963,74.6899917,43
359,Taura,16,28.2119674,76.9512041,22
166,Shahdara,5,28.6888393,77.2674795,16
480,Jajpur,23,20.8500000,86.3300000,14
737,Khariar,23,20.2866522,82.7623370,54
253,Rampuraphul(Nabha Mandi),3,30.2758165,75.2420722,6
19,Dahod(Veg. Market),14,22.8379314,74.2531465,28
1154,Khammam,32,17.2472528,80.1514447,70
289,Fatehpur,17,25.9200736,80.8099941,34
1282,Shahkot,3,31.5757477,73.4814918,5
662,Mukkom,27,11.3286386,75.9874814,39
612,Siddapur,13,14.3410006,74.8899841,18
245,Nabha,3,30.3736743,76.1451904,41
572,Dharamkot,3,30.9500000,75.2333000,41
1422,Kathlal,14,22.9003143,72.9911677,3
1016,Kulgam,18,33.6449908,75.0180310,64
119,Alappuzha,27,9.4980667,76.3388484,21
801,Fatehpur,20,25.9200736,80.8099941,34
1068,Kurdwadi(Modnimb),2,18.0963477,75.4221007,18
757,Jorhat,22,26.7500000,94.2200000,29
1320,Karera,19,25.4568070,78.1279359,24
20,Deesa(Deesa Veg Yard),14,24.2585031,72.1906721,3
1402,Vadodara,14,22.3071588,73.1812187,3
1366,Mangrol,14,21.1200000,70.1200000,55
115,Hubli (Amaragol),13,15.3471361,75.1311874,18
899,Lamlong Bazaar,15,24.5692831,93.7680349,36
751,Karvi,17,25.2027658,80.9017155,57
623,Madhavapuram,27,10.4793092,76.2269095,66
981,Kayamkulam(Alleppey),27,9.1843659,76.5151560,68
1307,Nanuta,17,29.7100000,77.4200000,35
857,Barikpur,23,21.3411692,86.7504372,14
741,Jamakhandi,13,16.5043199,75.2917512,18
1382,"P. Ramacharyulu Park,RBZ",25,14.6818877,77.6005911,27
510,Babain,16,30.0755238,76.9844677,35
1565,Siddipet,32,18.1019043,78.8520770,76
783,Lakshar,24,29.7538434,78.0214820,15
237,Ludhiana,3,30.9009650,75.8572758,41
603,Behal,16,28.6283330,75.6186110,26
105,Pakur,29,24.6336908,87.8500644,8
1240,Mansa(Manas Veg Yard),14,23.4349854,72.6565084,3
635,Dholka(Market Yard Veg),14,22.7428431,72.4435674,3
1378,Alibagh,2,18.6553938,72.8670819,44
1347,Jalandhar City(Faintan Ganj),3,31.3260152,75.5761829,41
78,Hamirpur(Nadaun),10,31.6861745,76.5213092,42
498,Gehri,3,31.5946820,75.0713355,5
1577,Chodavaram,25,17.8313806,82.9340217,71
445,Bilaspur,16,31.3429426,76.7625073,42
908,Bijay Nagar,20,25.9267581,74.6506322,38
740,Mukhiguda,23,19.4305468,82.8413782,71
1529,Ganjbasoda,19,23.8514645,77.9263030,9
621,Kottakkal,27,11.0001120,75.9988311,39
342,Purulia,6,23.3320779,86.3652080,56
777,Dehradoon,24,30.3164945,78.0321918,15
933,Tonk,20,26.1700000,75.7800000,31
1407,Saluru,25,18.5163848,83.2050863,71
1534,Khujner,19,23.7871632,76.6224981,9
8,Lanka,22,25.9166670,92.9500000,19
457,Kangra(Jaisinghpur),10,32.0998031,76.2691006,17
993,Vengeri(Kozhikode),27,11.3044796,75.7967371,39
1181,Sajapur,19,23.4272938,76.2729839,28
148,Mumbai,2,19.0759837,72.8776559,44
317,Rampur,17,28.7893041,79.0249516,25
1073,Karwar,13,14.8000000,74.1300000,48
466,Nedumangadu,27,8.6080226,77.0046260,68
236,Lehra Gaga,3,29.9400000,75.8100000,26
921,Doddaballa Pur,13,13.2927263,77.5389069,7
302,Jhansi,17,25.4484257,78.5684594,24
418,Madlauda,16,29.4032893,76.8014102,35
81,Kangra(Jassour),10,32.0998031,76.2691006,17
272,Aliganj,17,26.9040540,80.9452724,40
1032,Bharatpur,20,27.2169810,77.4895150,2
577,Kalna,6,23.2200000,88.3700000,37
1444,Forbesganj,26,26.2992736,87.2666121,53
444,Barwala(Hisar),16,29.3641876,75.9056753,26
282,Bareilly,17,28.3670355,79.4304381,25
1140,Annur,11,11.2321032,77.1067160,13
1412,Aurangabad,26,24.7500000,84.3700000,50
613,Angamaly,27,10.1849092,76.3753046,21
750,Kalpi,17,26.1209624,79.7483995,34
1247,Panchkul(Kalka),16,30.6942091,76.8605650,49
1351,Chaurai,19,22.0528825,79.2479342,46
265,Jodhpur(F&V)(Bhadwasia),20,26.2389469,73.0243094,33
92,Samba,18,32.5530092,75.1107527,32
371,Kanjirappally,27,9.5572705,76.7894349,21
919,Nawan Shahar(Mandi Aur),3,29.8118385,71.2473286,6
478,Attabira,23,21.3690304,83.7756780,60
230,Khanauri,3,29.8376986,76.1116997,26
287,Etawah,17,26.8117116,79.0046898,24
755,Mathura,17,27.4924134,77.6736730,2
1480,Bettiah,26,26.8013890,84.5027780,50
101,Khunti,29,23.0797595,85.2774207,56
376,Aurangabad,2,24.7500000,84.3700000,50
1214,Jagalur,13,14.5200883,76.3376786,18
982,Bishnupur,6,23.0800000,87.3200000,37
1221,Dhilwan,3,31.5200000,75.3500000,5
32,Rajkot,14,22.3038945,70.8021599,55
286,Charra,17,27.9266720,78.3985240,2
596,Sampla,16,28.7775769,76.7711626,22
881,Jalalabad,17,27.7180417,79.6558242,34
1385,Kalpetta,27,11.5833985,76.0661527,72
1383,Ahmedabad,14,23.0225050,72.5713621,3
836,K.R. Pet,13,13.2370691,75.7596233,43
23,Gondal,14,21.9619463,70.7922970,55
137,Sagar,19,23.8388050,78.7378068,59
