date,mean
2007-01-01,292.28799
2007-01-02,292.76901
2007-01-03,292.297
2007-01-04,292.866
2007-01-05,292.73401
2007-01-06,292.51801
2007-01-07,292.60901
2007-01-08,292.72101
2007-01-09,292.75601
2007-01-10,293.396
2007-01-11,293.21301
2007-01-12,293.38901
2007-01-13,293.21201
2007-01-14,292.57001
2007-01-15,293.418
2007-01-16,292.51199
2007-01-17,292.50601
2007-01-18,293.336
2007-01-19,294.20001
2007-01-20,294.53799
2007-01-21,294.254
2007-01-22,293.27399
2007-01-23,293.76401
2007-01-24,296.13101
2007-01-25,296.07101
2007-01-26,296.009
2007-01-27,295.974
2007-01-28,297.24701
2007-01-29,296.776
2007-01-30,297.01901
2007-01-31,298.76901
2007-02-01,298.073
2007-02-02,295.55499
2007-02-03,296.11899
2007-02-04,295.76901
2007-02-05,295.383
2007-02-06,295.745
2007-02-07,295.56601
2007-02-08,296.23499
2007-02-09,297.832
2007-02-10,297.336
2007-02-11,296.23099
2007-02-12,294.71701
2007-02-13,293
2007-02-14,293.659
2007-02-15,294.06201
2007-02-16,294.146
2007-02-17,294.80899
2007-02-18,296.07599
2007-02-19,296.36899
2007-02-20,297.98801
2007-02-21,297.92899
2007-02-22,297.16199
2007-02-23,297.742
2007-02-24,298.42001
2007-02-25,297.33401
2007-02-26,296.823
2007-02-27,297.811
2007-02-28,298.19699
2007-03-01,296.922
2007-03-02,297.94101
2007-03-03,298.638
2007-03-04,300.33099
2007-03-05,299.47501
2007-03-06,299.16101
2007-03-07,298.47
2007-03-08,298.02899
2007-03-09,298.121
2007-03-10,298.52301
2007-03-11,300.64301
2007-03-12,300.13599
2007-03-13,298.61899
2007-03-14,299.854
2007-03-15,299.92899
2007-03-16,300.88901
2007-03-17,302.01199
2007-03-18,302.85599
2007-03-19,304.297
2007-03-20,303.742
2007-03-21,302.01099
2007-03-22,300.05801
2007-03-23,302.22101
2007-03-24,302.73401
2007-03-25,302.375
2007-03-26,303.224
2007-03-27,304.28101
2007-03-28,304.595
2007-03-29,304.43301
2007-03-30,304.79501
2007-03-31,305.86099
2007-04-01,306.07001
2007-04-02,306.09601
2007-04-03,305.58301
2007-04-04,305.28799
2007-04-05,305.56
2007-04-06,306.50101
2007-04-07,305.02399
2007-04-08,304.79401
2007-04-09,304.82501
2007-04-10,305.09399
2007-04-11,305.15302
2007-04-12,304.61899
2007-04-13,304.797
2007-04-14,306.03
2007-04-15,306.06299
2007-04-16,307.23999
2007-04-17,306.392
2007-04-18,304.29901
2007-04-19,304.233
2007-04-20,298.96399
2007-04-21,301.39301
2007-04-22,302.138
2007-04-23,302.76501
2007-04-24,303.384
2007-04-25,305.32199
2007-04-26,306.759
2007-04-27,307.664
2007-04-28,306.51401
2007-04-29,306.33099
2007-04-30,304.035
2007-05-01,307.84601
2007-05-02,308.13501
2007-05-03,308.651
2007-05-04,307.53
2007-05-05,307.00201
2007-05-06,307.01901
2007-05-07,307.12399
2007-05-08,306.461
2007-05-09,306.61401
2007-05-10,306.74399
2007-05-11,306.50699
2007-05-12,306.05399
2007-05-13,305.62701
2007-05-14,305.39499
2007-05-15,303.97501
2007-05-16,304.927
2007-05-17,305.47601
2007-05-18,305.07001
2007-05-19,304.59698
2007-05-20,304.521
2007-05-21,304.37201
2007-05-22,304.565
2007-05-23,305.58701
2007-05-24,306.02802
2007-05-25,305.18399
2007-05-26,305.53201
2007-05-27,304.54999
2007-05-28,304.27701
2007-05-29,303.25101
2007-05-30,305.836
2007-05-31,307.20801
2007-06-01,306.72198
2007-06-02,303.875
2007-06-03,301.64801
2007-06-04,302.504
2007-06-05,301.952
2007-06-06,302.68399
2007-06-07,302.00699
2007-06-08,303.23999
2007-06-09,301.591
2007-06-10,302.07901
2007-06-11,303.633
2007-06-12,304.61499
2007-06-13,304.17099
2007-06-14,301.41501
2007-06-15,300.293
2007-06-16,301.40201
2007-06-17,301.16199
2007-06-18,300.83401
2007-06-19,301.71799
2007-06-20,297.18301
2007-06-21,301.21301
2007-06-22,300.74399
2007-06-23,299.31799
2007-06-24,298.04501
2007-06-25,298.298
2007-06-26,298.81699
2007-06-27,298.44299
2007-06-28,299.01099
2007-06-29,298.82199
2007-06-30,298.58701
2007-07-01,297.96399
2007-07-02,297.83499
2007-07-03,297.28
2007-07-04,297.26099
2007-07-05,297.60901
2007-07-06,297.20801
2007-07-07,297.43399
2007-07-08,296.276
2007-07-09,294.931
2007-07-10,297.06
2007-07-11,298.20999
2007-07-12,298.58301
2007-07-13,298.099
2007-07-14,298.36099
2007-07-15,297.84201
2007-07-16,298.33499
2007-07-17,298.64499
2007-07-18,299.52899
2007-07-19,299.64301
2007-07-20,298.51099
2007-07-21,298.89499
2007-07-22,300.11499
2007-07-23,300.76099
2007-07-24,299.229
2007-07-25,299.64999
2007-07-26,298.595
2007-07-27,299.052
2007-07-28,297.01599
2007-07-29,296.849
2007-07-30,298.86801
2007-07-31,298.99301
2007-08-01,298.28799
2007-08-02,298.50299
2007-08-03,297.27899
2007-08-04,296.73001
2007-08-05,296.91299
2007-08-06,297.55801
2007-08-07,296.759
2007-08-08,295.31699
2007-08-09,296.92401
2007-08-10,297.17099
2007-08-11,296.76099
2007-08-12,296.84299
2007-08-13,297.06699
2007-08-14,297.14099
2007-08-15,297.48099
2007-08-16,297.629
2007-08-17,297.46301
2007-08-18,296.77301
2007-08-19,297.561
2007-08-20,297.90399
2007-08-21,296.789
2007-08-22,297.815
2007-08-23,297.93301
2007-08-24,298.513
2007-08-25,299.02301
2007-08-26,299
2007-08-27,298.07101
2007-08-28,295.651
2007-08-29,296.50601
2007-08-30,296.62201
2007-08-31,297.10199
2007-09-01,297.181
2007-09-02,297.77399
2007-09-03,297.69699
2007-09-04,298.00101
2007-09-05,297.57999
2007-09-06,297.07901
2007-09-07,296.82501
2007-09-08,297.66299
2007-09-09,297.62701
2007-09-10,297.88
2007-09-11,298.396
2007-09-12,298.86301
2007-09-13,298.737
2007-09-14,297.97601
2007-09-15,297.474
2007-09-16,297.85199
2007-09-17,298.77701
2007-09-18,298.34698
2007-09-19,298.22
2007-09-20,297.276
2007-09-21,297.181
2007-09-22,296.89499
2007-09-23,297.46899
2007-09-24,297.11099
2007-09-25,296.995
2007-09-26,296.38
2007-09-27,297.16501
2007-09-28,297.366
2007-09-29,297.69901
2007-09-30,296.91699
2007-10-01,296.17001
2007-10-02,296.53601
2007-10-03,296.37
2007-10-04,296.07501
2007-10-05,296.25299
2007-10-06,295.90701
2007-10-07,295.983
2007-10-08,296.866
2007-10-09,296.724
2007-10-10,297.02499
2007-10-11,297.49899
2007-10-12,297.39301
2007-10-13,296.91699
2007-10-14,295.392
2007-10-15,295.56299
2007-10-16,296.341
2007-10-17,296.80301
2007-10-18,295.45401
2007-10-19,295.483
2007-10-20,295.18799
2007-10-21,295.91299
2007-10-22,296.05399
2007-10-23,296.409
2007-10-24,296.70001
2007-10-25,296.879
2007-10-26,296.879
2007-10-27,296.42401
2007-10-28,297.073
2007-10-29,297.806
2007-10-30,297.116
2007-10-31,297.77899
2007-11-01,298.51999
2007-11-02,299.14999
2007-11-03,298.686
2007-11-04,298.09299
2007-11-05,298.30899
2007-11-06,298.845
2007-11-07,298.47601
2007-11-08,297.53601
2007-11-09,297.89401
2007-11-10,297.04599
2007-11-11,296.965
2007-11-12,297.51199
2007-11-13,296.14499
2007-11-14,295.5
2007-11-15,294.797
2007-11-16,294.23199
2007-11-17,293.78601
2007-11-18,293.47699
2007-11-19,294.28799
2007-11-20,294.05301
2007-11-21,292.41599
2007-11-22,293.159
2007-11-23,292.97101
2007-11-24,292.91199
2007-11-25,292.88501
2007-11-26,293.474
2007-11-27,294.93301
2007-11-28,295.11099
2007-11-29,294.68399
2007-11-30,295.10999
2007-12-01,295.75101
2007-12-02,295.52499
2007-12-03,295.379
2007-12-04,294.521
2007-12-05,294.75299
2007-12-06,293.87299
2007-12-07,293.70599
2007-12-08,294.25201
2007-12-09,294.32401
2007-12-10,295.263
2007-12-11,293.99701
2007-12-12,293.51599
2007-12-13,294.36899
2007-12-14,294.867
2007-12-15,296.01501
2007-12-16,295.80399
2007-12-17,294.77399
2007-12-18,295.052
2007-12-19,296.32401
2007-12-20,297.91901
2007-12-21,297.742
2007-12-22,296.96799
2007-12-23,296.92001
2007-12-24,297.086
2007-12-25,296.078
2007-12-26,295.33301
2007-12-27,294.293
2007-12-28,293.91901
2007-12-29,294.08899
2007-12-30,295.763
2007-12-31,294.37
2008-01-01,293.45801
2008-01-02,292.57501
2008-01-03,293.599
2008-01-04,293.13199
2008-01-05,294.10699
2008-01-06,293.595
2008-01-07,293.82199
2008-01-08,294.535
2008-01-09,295.62
2008-01-10,294.858
2008-01-11,295.04501
2008-01-12,296.035
2008-01-13,296.116
2008-01-14,296.40399
2008-01-15,296.026
2008-01-16,295.82199
2008-01-17,295.09
2008-01-18,293.62601
2008-01-19,293.07401
2008-01-20,292.79199
2008-01-21,292.51099
2008-01-22,291.66101
2008-01-23,291.815
2008-01-24,291.043
2008-01-25,289.879
2008-01-26,290.21201
2008-01-27,291.974
2008-01-28,293.47501
2008-01-29,291.61499
2008-01-30,290.561
2008-01-31,290.64999
2008-02-01,292.832
2008-02-02,292.67001
2008-02-03,291.198
2008-02-04,289.93301
2008-02-05,290.74799
2008-02-06,291.96201
2008-02-07,290.27701
2008-02-08,291.862
2008-02-09,292.798
2008-02-10,295.28299
2008-02-11,297.28799
2008-02-12,294.586
2008-02-13,298.12601
2008-02-14,298.298
2008-02-15,297.55899
2008-02-16,297.03799
2008-02-17,297.151
2008-02-18,296.922
2008-02-19,296.54001
2008-02-20,297.75101
2008-02-21,298.22501
2008-02-22,298.47501
2008-02-23,297.13599
2008-02-24,296.92599
2008-02-25,296.80499
2008-02-26,294.116
2008-02-27,295.228
2008-02-28,294.81799
2008-02-29,296.233
2008-03-01,298.53201
2008-03-02,299.10001
2008-03-03,299.875
2008-03-04,301.57901
2008-03-05,301.11301
2008-03-06,300.79401
2008-03-07,301.72601
2008-03-08,301.52499
2008-03-09,300.591
2008-03-10,302.672
2008-03-11,302.151
2008-03-12,301.853
2008-03-13,302.67899
2008-03-14,302.147
2008-03-15,302.56601
2008-03-16,302.80399
2008-03-17,303.61899
2008-03-18,302.76901
2008-03-19,303.37601
2008-03-20,303.81
2008-03-21,304.39301
2008-03-22,303.362
2008-03-23,303.41101
2008-03-24,302.698
2008-03-25,303.306
2008-03-26,303.10199
2008-03-27,304.57101
2008-03-28,304.423
2008-03-29,303.93799
2008-03-30,302.17599
2008-03-31,300.90601
2008-04-01,301.08301
2008-04-02,300.27701
2008-04-03,301.70001
2008-04-04,303.01901
2008-04-05,304.31299
2008-04-06,300.34399
2008-04-07,303.73401
2008-04-08,303.755
2008-04-09,304.936
2008-04-10,304.922
2008-04-11,306.474
2008-04-12,306.59399
2008-04-13,306.08701
2008-04-14,306.70999
2008-04-15,305.51001
2008-04-16,306.22101
2008-04-17,305.91199
2008-04-18,305.52899
2008-04-19,306.245
2008-04-20,306.07501
2008-04-21,307.04099
2008-04-22,308.79001
2008-04-23,308.05801
2008-04-24,308.30899
2008-04-25,307.35501
2008-04-26,307.48001
2008-04-27,306.76599
2008-04-28,307.29001
2008-04-29,306.73999
2008-04-30,305.13199
2008-05-01,304.52399
2008-05-02,305.129
2008-05-03,304.60599
2008-05-04,304.16101
2008-05-05,305.35199
2008-05-06,306.22101
2008-05-07,305.41101
2008-05-08,305.51401
2008-05-09,305.56201
2008-05-10,305.39999
2008-05-11,305.69101
2008-05-12,306.26401
2008-05-13,305.43301
2008-05-14,305.16501
2008-05-15,304.931
2008-05-16,304.62201
2008-05-17,305.33301
2008-05-18,305.69299
2008-05-19,305.267
2008-05-20,305.71701
2008-05-21,306.43701
2008-05-22,305.94601
2008-05-23,306.82599
2008-05-24,306.74301
2008-05-25,306.34601
2008-05-26,306.35199
2008-05-27,306.703
2008-05-28,306.41101
2008-05-29,306.17401
2008-05-30,306.452
2008-05-31,306.39801
2008-06-01,306.66199
2008-06-02,302.70999
2008-06-03,303.94199
2008-06-04,302.108
2008-06-05,301.668
2008-06-06,301.13
2008-06-07,300.242
2008-06-08,300.66101
2008-06-09,300.72699
2008-06-10,298.71899
2008-06-11,298.47501
2008-06-12,298.668
2008-06-13,298.73199
2008-06-14,299.52301
2008-06-15,299.74701
2008-06-16,300.28201
2008-06-17,299.685
2008-06-18,297.72299
2008-06-19,299.42099
2008-06-20,299.80899
2008-06-21,299.21701
2008-06-22,300.008
2008-06-23,299.978
2008-06-24,299.21899
2008-06-25,299.37201
2008-06-26,299.72299
2008-06-27,299.078
2008-06-28,299.26599
2008-06-29,298.5
2008-06-30,297.655
2008-07-01,297.547
2008-07-02,297.82501
2008-07-03,298.293
2008-07-04,299.00101
2008-07-05,298.48901
2008-07-06,298.952
2008-07-07,297.224
2008-07-08,298.095
2008-07-09,295.841
2008-07-10,297.98099
2008-07-11,298.09399
2008-07-12,299.21399
2008-07-13,298.77899
2008-07-14,299.20001
2008-07-15,299.763
2008-07-16,299.742
2008-07-17,299.53699
2008-07-18,299.936
2008-07-19,300.05301
2008-07-20,300.40799
2008-07-21,301.39001
2008-07-22,300.13901
2008-07-23,298.29599
2008-07-24,298.073
2008-07-25,296.77802
2008-07-26,296.92899
2008-07-27,296.702
2008-07-28,297.547
2008-07-29,298.689
2008-07-30,298.936
2008-07-31,298.89499
2008-08-01,298.16101
2008-08-02,299.168
2008-08-03,298.64099
2008-08-04,297.345
2008-08-05,297.492
2008-08-06,297.67599
2008-08-07,296.40201
2008-08-08,297.603
2008-08-09,297.77499
2008-08-10,296.806
2008-08-11,296.68301
2008-08-12,296.74899
2008-08-13,297.06201
2008-08-14,297.11301
2008-08-15,297.77301
2008-08-16,297.66
2008-08-17,297.83401
2008-08-18,297.43399
2008-08-19,296.86899
2008-08-20,297.10999
2008-08-21,298.258
2008-08-22,298.892
2008-08-23,299.737
2008-08-24,295.15601
2008-08-25,297.54199
2008-08-26,298.927
2008-08-27,298.48801
2008-08-28,299.86899
2008-08-29,299.51099
2008-08-30,297.10599
2008-08-31,299.146
2008-09-01,300.034
2008-09-02,299.58301
2008-09-03,298.673
2008-09-04,297.31601
2008-09-05,297.737
2008-09-06,296.91901
2008-09-07,296.85101
2008-09-08,297.88901
2008-09-09,298.896
2008-09-10,298.659
2008-09-11,296.47601
2008-09-12,297.151
2008-09-13,296.61301
2008-09-14,296.75601
2008-09-15,296.40302
2008-09-16,295.46301
2008-09-17,296.83801
2008-09-18,297.242
2008-09-19,297.423
2008-09-20,296.46899
2008-09-21,296.56201
2008-09-22,296.59799
2008-09-23,296.88
2008-09-24,296.96301
2008-09-25,297.42801
2008-09-26,296.64301
2008-09-27,296.39899
2008-09-28,296.37
2008-09-29,297.69501
2008-09-30,298.45999
2008-10-01,298.09
2008-10-02,298.86301
2008-10-03,298.215
2008-10-04,296.453
2008-10-05,297.897
2008-10-06,296.70001
2008-10-07,297.92499
2008-10-08,297.89899
2008-10-09,297.80399
2008-10-10,297.483
2008-10-11,296.82199
2008-10-12,296.832
2008-10-13,297.10901
2008-10-14,297.41199
2008-10-15,297.099
2008-10-16,297.522
2008-10-17,296.71301
2008-10-18,296.09201
2008-10-19,296.16
2008-10-20,295.99301
2008-10-21,295.918
2008-10-22,295.13
2008-10-23,295.08701
2008-10-24,295.83701
2008-10-25,296.26801
2008-10-26,297.27802
2008-10-27,296.90701
2008-10-28,297.08499
2008-10-29,297.16299
2008-10-30,296.71799
2008-10-31,296.26801
2008-11-01,296.457
2008-11-02,297.01501
2008-11-03,296.76901
2008-11-04,296.814
2008-11-05,296.25101
2008-11-06,296.32999
2008-11-07,295.92999
2008-11-08,296.27399
2008-11-09,295.83801
2008-11-10,295.97601
2008-11-11,293.93399
2008-11-12,294.64801
2008-11-13,296.504
2008-11-14,296.771
2008-11-15,298.435
2008-11-16,298.47699
2008-11-17,299.42999
2008-11-18,298.82401
2008-11-19,298.78299
2008-11-20,298.41599
2008-11-21,296.763
2008-11-22,296.06601
2008-11-23,295.34799
2008-11-24,293.92001
2008-11-25,293.681
2008-11-26,295.33701
2008-11-27,294.27802
2008-11-28,295.263
2008-11-29,297.577
2008-11-30,297.51999
2008-12-01,296.811
2008-12-02,295.64301
2008-12-03,295.944
2008-12-04,294.32101
2008-12-05,294.129
2008-12-06,294.565
2008-12-07,295.51599
2008-12-08,295.27899
2008-12-09,296.06299
2008-12-10,296.267
2008-12-11,297.51501
2008-12-12,297.685
2008-12-13,296.991
2008-12-14,295.974
2008-12-15,296.32101
2008-12-16,295.716
2008-12-17,295.06799
2008-12-18,296.50201
2008-12-19,296.88
2008-12-20,294.64001
2008-12-21,295.845
2008-12-22,295.61301
2008-12-23,294.134
2008-12-24,293.90601
2008-12-25,292.83301
2008-12-26,292.32901
2008-12-27,292.004
2008-12-28,292.935
2008-12-29,292.983
2008-12-30,293.70099
2008-12-31,293.465
2009-01-01,294.15701
2009-01-02,294.754
2009-01-03,294.59299
2009-01-04,294.19101
2009-01-05,294.22601
2009-01-06,294.19901
2009-01-07,294.14499
2009-01-08,295.875
2009-01-09,296.02701
2009-01-10,296.026
2009-01-11,296.02701
2009-01-12,296.61899
2009-01-13,295.616
2009-01-14,295.31699
2009-01-15,295.21701
2009-01-16,295.74799
2009-01-17,295.16299
2009-01-18,296.29401
2009-01-19,297.25601
2009-01-20,296.49799
2009-01-21,297.01501
2009-01-22,296.73599
2009-01-23,297.19699
2009-01-24,297.133
2009-01-25,296.93301
2009-01-26,296.556
2009-01-27,297.38901
2009-01-28,297.638
2009-01-29,297.49799
2009-01-30,296.69601
2009-01-31,295.715
2009-02-01,295.60999
2009-02-02,295.56601
2009-02-03,295.90601
2009-02-04,296.21201
2009-02-05,296.754
2009-02-06,297.70099
2009-02-07,298.435
2009-02-08,296.56799
2009-02-09,295.45001
2009-02-10,294.836
2009-02-11,295.87399
2009-02-12,297.33099
2009-02-13,297.82001
2009-02-14,298.16
2009-02-15,298.31
2009-02-16,299.87201
2009-02-17,299.37399
2009-02-18,299.97601
2009-02-19,300.23401
2009-02-20,301.444
2009-02-21,300.68799
2009-02-22,298.90701
2009-02-23,299.79999
2009-02-24,301.16299
2009-02-25,301.55499
2009-02-26,301.215
2009-02-27,301.05899
2009-02-28,302.09698
2009-03-01,302.53101
2009-03-02,302.07599
2009-03-03,301.12701
2009-03-04,301.004
2009-03-05,299.84799
2009-03-06,300.62701
2009-03-07,302.13101
2009-03-08,302.59
2009-03-09,302.927
2009-03-10,302.44199
2009-03-11,302.17099
2009-03-12,299.72198
2009-03-13,301.56699
2009-03-14,301.46701
2009-03-15,301.595
2009-03-16,302.22501
2009-03-17,302.80301
2009-03-18,301.66
2009-03-19,300.42999
2009-03-20,301.37299
2009-03-21,302.45599
2009-03-22,303.71201
2009-03-23,303.453
2009-03-24,303.16501
2009-03-25,302.11301
2009-03-26,303.017
2009-03-27,304.28
2009-03-28,305.32001
2009-03-29,305.633
2009-03-30,305.44199
2009-03-31,305.57101
2009-04-01,306.04001
2009-04-02,306.134
2009-04-03,306.76801
2009-04-04,303.22699
2009-04-05,303.67599
2009-04-06,303.30399
2009-04-07,303.75299
2009-04-08,304.59299
2009-04-09,304.56799
2009-04-10,304.85999
2009-04-11,305.35101
2009-04-12,306.27499
2009-04-13,306.05899
2009-04-14,305.659
2009-04-15,305.32001
2009-04-16,306.76401
2009-04-17,308.18799
2009-04-18,306.914
2009-04-19,305.68201
2009-04-20,304.85001
2009-04-21,304.61801
2009-04-22,306.16299
2009-04-23,306.83401
2009-04-24,307.05801
2009-04-25,306.534
2009-04-26,307.69601
2009-04-27,308.21899
2009-04-28,308.19199
2009-04-29,307.52802
2009-04-30,307.138
2009-05-01,307.172
2009-05-02,306.32599
2009-05-03,306.479
2009-05-04,306.10599
2009-05-05,307.23099
2009-05-06,307.31299
2009-05-07,307.005
2009-05-08,306.01901
2009-05-09,305.38
2009-05-10,305.88901
2009-05-11,307.168
2009-05-12,306.60199
2009-05-13,305.478
2009-05-14,306.258
2009-05-15,307.89499
2009-05-16,307.25201
2009-05-17,306.13
2009-05-18,304.67801
2009-05-19,304.70901
2009-05-20,304.69299
2009-05-21,305.76801
2009-05-22,306.026
2009-05-23,304.92499
2009-05-24,305.83099
2009-05-25,306.33701
2009-05-26,306.431
2009-05-27,306.15701
2009-05-28,305.724
2009-05-29,306.16501
2009-05-30,305.80099
2009-05-31,305.58401
2009-06-01,305.36499
2009-06-02,305.297
2009-06-03,305.112
2009-06-04,304.95599
2009-06-05,304.86401
2009-06-06,305.00601
2009-06-07,305.04599
2009-06-08,304.82501
2009-06-09,305.116
2009-06-10,305.57501
2009-06-11,305.78699
2009-06-12,305.94501
2009-06-13,305.358
2009-06-14,306.13901
2009-06-15,306.61801
2009-06-16,307.40799
2009-06-17,306.57901
2009-06-18,304.05499
2009-06-19,303.194
2009-06-20,304.272
2009-06-21,303.80099
2009-06-22,302.77499
2009-06-23,302.767
2009-06-24,301.285
2009-06-25,300.82199
2009-06-26,301.18399
2009-06-27,300.89899
2009-06-28,302.64499
2009-06-29,303.39499
2009-06-30,300.853
2009-07-01,299.50101
2009-07-02,299.216
2009-07-03,299.517
2009-07-04,299.04999
2009-07-05,299.87601
2009-07-06,299.733
2009-07-07,297.83701
2009-07-08,298.216
2009-07-09,298.61301
2009-07-10,297.94699
2009-07-11,298.02399
2009-07-12,297.759
2009-07-13,297.509
2009-07-14,297.556
2009-07-15,297.59299
2009-07-16,297.29099
2009-07-17,297.905
2009-07-18,297.76401
2009-07-19,298.50299
2009-07-20,297.83701
2009-07-21,297.15302
2009-07-22,296.901
2009-07-23,296.81699
2009-07-24,296.42999
2009-07-25,296.56601
2009-07-26,297.75299
2009-07-27,298.008
2009-07-28,298.638
2009-07-29,298.561
2009-07-30,298.267
2009-07-31,298.46399
2009-08-01,297.47198
2009-08-02,298.33899
2009-08-03,298.17801
2009-08-04,298.12299
2009-08-05,297.89499
2009-08-06,298.30801
2009-08-07,298.73199
2009-08-08,298.51199
2009-08-09,299.022
2009-08-10,299.548
2009-08-11,299.88199
2009-08-12,299.061
2009-08-13,298.724
2009-08-14,298.09399
2009-08-15,299.69
2009-08-16,300.40701
2009-08-17,299.289
2009-08-18,297.99399
2009-08-19,296.32101
2009-08-20,298.03601
2009-08-21,298.62701
2009-08-22,298.94901
2009-08-23,298.289
2009-08-24,297.146
2009-08-25,295.931
2009-08-26,296.12701
2009-08-27,297.328
2009-08-28,297.34601
2009-08-29,298.13699
2009-08-30,297.81799
2009-08-31,298.26599
2009-09-01,296.97601
2009-09-02,296.293
2009-09-03,296.802
2009-09-04,296.98999
2009-09-05,296.96899
2009-09-06,297.69199
2009-09-07,297.94
2009-09-08,297.979
2009-09-09,298.478
2009-09-10,298.52802
2009-09-11,298.95801
2009-09-12,298.96799
2009-09-13,298.00299
2009-09-14,297.38599
2009-09-15,297.72501
2009-09-16,299.297
2009-09-17,299.54099
2009-09-18,299.95999
2009-09-19,299.827
2009-09-20,299.918
2009-09-21,299.233
2009-09-22,300.052
2009-09-23,300.45801
2009-09-24,300.28101
2009-09-25,299.69299
2009-09-26,299.82101
2009-09-27,300.56699
2009-09-28,299.802
2009-09-29,300.99301
2009-09-30,299.84698
2009-10-01,299.32599
2009-10-02,298.33301
2009-10-03,298.27499
2009-10-04,298.659
2009-10-05,297.168
2009-10-06,297.022
2009-10-07,296.78699
2009-10-08,297.548
2009-10-09,298.039
2009-10-10,295.103
2009-10-11,297.888
2009-10-12,297.509
2009-10-13,298.14099
2009-10-14,299.07199
2009-10-15,294.76901
2009-10-16,297.57999
2009-10-17,298.48401
2009-10-18,297.61499
2009-10-19,296.362
2009-10-20,295.47601
2009-10-21,295.50101
2009-10-22,295.133
2009-10-23,294.922
2009-10-24,295.09
2009-10-25,295.45999
2009-10-26,296.245
2009-10-27,296.565
2009-10-28,296.41699
2009-10-29,296.76501
2009-10-30,296.08099
2009-10-31,296.42801
2009-11-01,296.38101
2009-11-02,296.487
2009-11-03,296.789
2009-11-04,297.92999
2009-11-05,298.561
2009-11-06,298.88599
2009-11-07,296.634
2009-11-08,293.74799
2009-11-09,292.047
2009-11-10,293.896
2009-11-11,294.422
2009-11-12,296.633
2009-11-13,295.45999
2009-11-14,295.44601
2009-11-15,295.785
2009-11-16,295.121
2009-11-17,294.24301
2009-11-18,293.94101
2009-11-19,293.61499
2009-11-20,293.37399
2009-11-21,293.96701
2009-11-22,293.888
2009-11-23,295.323
2009-11-24,295.30499
2009-11-25,295.397
2009-11-26,294.927
2009-11-27,293.73001
2009-11-28,292.57599
2009-11-29,292.56
2009-11-30,293.311
2009-12-01,294.017
2009-12-02,294.543
2009-12-03,294.80899
2009-12-04,294.71399
2009-12-05,295.336
2009-12-06,295.039
2009-12-07,295.10101
2009-12-08,295.116
2009-12-09,295.32101
2009-12-10,294.35901
2009-12-11,294.832
2009-12-12,295.785
2009-12-13,296.68799
2009-12-14,295.51801
2009-12-15,295.07901
2009-12-16,296.01401
2009-12-17,295.54099
2009-12-18,295.34399
2009-12-19,295.465
2009-12-20,294.32999
2009-12-21,293.83099
2009-12-22,292.84201
2009-12-23,291.142
2009-12-24,292.04099
2009-12-25,291.89301
2009-12-26,292.11099
2009-12-27,292.61801
2009-12-28,291.47299
2009-12-29,291.83301
2009-12-30,293.814
2009-12-31,295.715
2010-01-01,295.92401
2010-01-02,294.73199
2010-01-03,294.19
2010-01-04,293.95099
2010-01-05,293.62299
2010-01-06,293.435
2010-01-07,293.61499
2010-01-08,294.75201
2010-01-09,295.38101
2010-01-10,295.88901
2010-01-11,292.875
2010-01-12,292.655
2010-01-13,294.647
2010-01-14,295.327
2010-01-15,294.91
2010-01-16,294.56699
2010-01-17,294.384
2010-01-18,295.08899
2010-01-19,294.461
2010-01-20,293.15302
2010-01-21,292.53601
2010-01-22,294.03299
2010-01-23,294.09
2010-01-24,294.327
2010-01-25,294.03601
2010-01-26,294.09
2010-01-27,294.75201
2010-01-28,295.228
2010-01-29,295.63
2010-01-30,295.83899
2010-01-31,296.40302
2010-02-01,296.82001
2010-02-02,296.87
2010-02-03,298.30301
2010-02-04,297.21399
2010-02-05,297.681
2010-02-06,298.51001
2010-02-07,296.70901
2010-02-08,296.14401
2010-02-09,296.995
2010-02-10,296.71301
2010-02-11,295.935
2010-02-12,295.573
2010-02-13,295.026
2010-02-14,297.823
2010-02-15,297.272
2010-02-16,297.67499
2010-02-17,297.51999
2010-02-18,298.366
2010-02-19,300.15302
2010-02-20,299.85101
2010-02-21,297.595
2010-02-22,296.17099
2010-02-23,297.026
2010-02-24,297.81
2010-02-25,299.20001
2010-02-26,300.28
2010-02-27,300.479
2010-02-28,301.62701
2010-03-01,300.38
2010-03-02,299.573
2010-03-03,300.43201
2010-03-04,299.112
2010-03-05,297.758
2010-03-06,299.15399
2010-03-07,300.94699
2010-03-08,301.96799
2010-03-09,302.228
2010-03-10,302.263
2010-03-11,302.65302
2010-03-12,301.28101
2010-03-13,300.978
2010-03-14,301.987
2010-03-15,302.67599
2010-03-16,302.37799
2010-03-17,304.241
2010-03-18,304.04199
2010-03-19,304.25
2010-03-20,304.32999
2010-03-21,303.39801
2010-03-22,302.892
2010-03-23,302.832
2010-03-24,302.93701
2010-03-25,303.64899
2010-03-26,304.836
2010-03-27,303.96899
2010-03-28,302.35501
2010-03-29,301.60199
2010-03-30,300.79099
2010-03-31,302.138
2010-04-01,301.89801
2010-04-02,302.69
2010-04-03,304.00299
2010-04-04,305.23499
2010-04-05,306.41299
2010-04-06,307.673
2010-04-07,303.39899
2010-04-08,305.13901
2010-04-09,304.98901
2010-04-10,305.22601
2010-04-11,305.53299
2010-04-12,306.60501
2010-04-13,307.91101
2010-04-14,307.93701
2010-04-15,307.41699
2010-04-16,306.87201
2010-04-17,305.681
2010-04-18,304.83401
2010-04-19,306.047
2010-04-20,306.41
2010-04-21,306.52701
2010-04-22,306.92899
2010-04-23,306.20401
2010-04-24,306.96701
2010-04-25,307.172
2010-04-26,307.08499
2010-04-27,306.94
2010-04-28,306.25101
2010-04-29,303.91901
2010-04-30,306.75
2010-05-01,304.66699
2010-05-02,305.50101
2010-05-03,305.979
2010-05-04,306.47
2010-05-05,307.44501
2010-05-06,307.06601
2010-05-07,308.10699
2010-05-08,307.63
2010-05-09,307.05301
2010-05-10,307.36499
2010-05-11,307.521
2010-05-12,306.66599
2010-05-13,307.151
2010-05-14,307.397
2010-05-15,307.922
2010-05-16,308.67899
2010-05-17,307.621
2010-05-18,308.875
2010-05-19,308.31
2010-05-20,308.44299
2010-05-21,308.341
2010-05-22,307.67801
2010-05-23,306.74399
2010-05-24,305.81601
2010-05-25,305.23001
2010-05-26,305.595
2010-05-27,306.189
2010-05-28,306.271
2010-05-29,306.96799
2010-05-30,306.93301
2010-05-31,305.242
2010-06-01,304.70801
2010-06-02,304.82599
2010-06-03,303.54999
2010-06-04,303.474
2010-06-05,302.64099
2010-06-06,303.892
2010-06-07,303.65201
2010-06-08,304.89401
2010-06-09,306.04401
2010-06-10,306.33499
2010-06-11,306.86801
2010-06-12,303.23999
2010-06-13,298.45499
2010-06-14,298.98499
2010-06-15,300.758
2010-06-16,301.703
2010-06-17,300.772
2010-06-18,300.92001
2010-06-19,298.939
2010-06-20,300.112
2010-06-21,300.069
2010-06-22,299.88501
2010-06-23,300.26001
2010-06-24,302.04001
2010-06-25,301.854
2010-06-26,300.84601
2010-06-27,300.14099
2010-06-28,298.534
2010-06-29,298.552
2010-06-30,298.76801
2010-07-01,297.72699
2010-07-02,297.767
2010-07-03,298.48801
2010-07-04,297.965
2010-07-05,298.20901
2010-07-06,297.728
2010-07-07,298.008
2010-07-08,298.90399
2010-07-09,298.32501
2010-07-10,297.79599
2010-07-11,298.01099
2010-07-12,298.83801
2010-07-13,299.09299
2010-07-14,299.96301
2010-07-15,299.38
2010-07-16,299.77499
2010-07-17,299.16599
2010-07-18,298.87299
2010-07-19,298.98999
2010-07-20,297.63501
2010-07-21,297.86301
2010-07-22,298.121
2010-07-23,296.836
2010-07-24,297.57401
2010-07-25,297.694
2010-07-26,298.58401
2010-07-27,298.547
2010-07-28,298.89999
2010-07-29,297.797
2010-07-30,297.54599
2010-07-31,296.95801
2010-08-01,296.427
2010-08-02,296.444
2010-08-03,297.56799
2010-08-04,296.733
2010-08-05,294.797
2010-08-06,295.55399
2010-08-07,297.70401
2010-08-08,298.97101
2010-08-09,299.871
2010-08-10,299.61499
2010-08-11,298.92801
2010-08-12,298.21301
2010-08-13,299.798
2010-08-14,299.19501
2010-08-15,299.22
2010-08-16,297.92801
2010-08-17,298.54001
2010-08-18,298.535
2010-08-19,297.742
2010-08-20,298.397
2010-08-21,298.396
2010-08-22,298.41699
2010-08-23,298.80701
2010-08-24,299.31601
2010-08-25,298.92401
2010-08-26,299.504
2010-08-27,297.896
2010-08-28,296.78699
2010-08-29,296.535
2010-08-30,297.384
2010-08-31,297.68301
2010-09-01,297.66
2010-09-02,297.59201
2010-09-03,297.73801
2010-09-04,297.29599
2010-09-05,297.422
2010-09-06,297.41
2010-09-07,296.086
2010-09-08,296.866
2010-09-09,297.23901
2010-09-10,297.883
2010-09-11,298.401
2010-09-12,298.508
2010-09-13,298.31699
2010-09-14,298.09601
2010-09-15,297.965
2010-09-16,297.58301
2010-09-17,297.85501
2010-09-18,298.68399
2010-09-19,298.772
2010-09-20,298.931
2010-09-21,298.79001
2010-09-22,298.65799
2010-09-23,298.04001
2010-09-24,298.655
2010-09-25,299.211
2010-09-26,299.142
2010-09-27,299.04999
2010-09-28,298.45999
2010-09-29,296.73599
2010-09-30,296.89401
2010-10-01,298.505
2010-10-02,298.53101
2010-10-03,297.52399
2010-10-04,296.97601
2010-10-05,296.39401
2010-10-06,297.147
2010-10-07,297.01099
2010-10-08,296.57999
2010-10-09,296.47101
2010-10-10,296.681
2010-10-11,296.85699
2010-10-12,296.91
2010-10-13,297.323
2010-10-14,296.42099
2010-10-15,297.74301
2010-10-16,298.10699
2010-10-17,298.57501
2010-10-18,298.039
2010-10-19,297.81699
2010-10-20,297.56299
2010-10-21,297.18399
2010-10-22,296.35999
2010-10-23,296.25699
2010-10-24,295.98199
2010-10-25,296.435
2010-10-26,296.104
2010-10-27,296.38101
2010-10-28,295.97
2010-10-29,295.17599
2010-10-30,293.59698
2010-10-31,293.444
2010-11-01,296.21701
2010-11-02,297.51901
2010-11-03,297.55499
2010-11-04,295.70801
2010-11-05,293.89899
2010-11-06,295.42401
2010-11-07,295.97
2010-11-08,297.05701
2010-11-09,297.63901
2010-11-10,297.24301
2010-11-11,296.90201
2010-11-12,297.21301
2010-11-13,297.60699
2010-11-14,296.68201
2010-11-15,295.42099
2010-11-16,296.21799
2010-11-17,296.60501
2010-11-18,296.54599
2010-11-19,296.23199
2010-11-20,295.582
2010-11-21,295.75201
2010-11-22,296.07101
2010-11-23,295.40302
2010-11-24,295.508
2010-11-25,294.672
2010-11-26,294.022
2010-11-27,294.37201
2010-11-28,294.60999
2010-11-29,294.40399
2010-11-30,295.59799
2010-12-01,294.931
2010-12-02,294.73599
2010-12-03,293.96301
2010-12-04,292.142
2010-12-05,291.29501
2010-12-06,292.992
2010-12-07,294.17899
2010-12-08,292.755
2010-12-09,290.95499
2010-12-10,289.504
2010-12-11,290.13
2010-12-12,290.70901
2010-12-13,291.517
2010-12-14,291.64401
2010-12-15,291.53699
2010-12-16,291.25201
2010-12-17,290.509
2010-12-18,290.216
2010-12-19,291.21799
2010-12-20,291.17099
2010-12-21,291.44901
2010-12-22,291.62201
2010-12-23,291.93799
2010-12-24,292.13599
2010-12-25,293.00201
2010-12-26,293.55099
2010-12-27,293.20401
2010-12-28,293.284
2010-12-29,292.14301
2010-12-30,291.504
2010-12-31,292.36301
2011-01-01,293.51099
2011-01-02,294.203
2011-01-03,293.88
2011-01-04,291.79001
2011-01-05,290.41
2011-01-06,291.20801
2011-01-07,292.01901
2011-01-08,291.698
2011-01-09,292.36301
2011-01-10,292.76401
2011-01-11,292.383
2011-01-12,292.93301
2011-01-13,293.45599
2011-01-14,292.66901
2011-01-15,292.543
2011-01-16,293.099
2011-01-17,294.17401
2011-01-18,294.638
2011-01-19,294.10199
2011-01-20,293.64999
2011-01-21,293.98401
2011-01-22,294.10599
2011-01-23,295.07101
2011-01-24,294.565
2011-01-25,295.23901
2011-01-26,294.78699
2011-01-27,294.90799
2011-01-28,294.939
2011-01-29,294.302
2011-01-30,295.741
2011-01-31,296.50101
2011-02-01,296.341
2011-02-02,296.034
2011-02-03,295.92499
2011-02-04,296.06601
2011-02-05,295.84399
2011-02-06,296.23901
2011-02-07,295.901
2011-02-08,296.47198
2011-02-09,296.22101
2011-02-10,297.00601
2011-02-11,297.38699
2011-02-12,297.10999
2011-02-13,296.36301
2011-02-14,294.121
2011-02-15,294.60901
2011-02-16,295.55499
2011-02-17,295.91199
2011-02-18,295.746
2011-02-19,295.98099
2011-02-20,296.89999
2011-02-21,297.634
2011-02-22,297.543
2011-02-23,296.84399
2011-02-24,296.76099
2011-02-25,297.85101
2011-02-26,298.647
2011-02-27,298.83099
2011-02-28,300.08301
2011-03-01,300.414
2011-03-02,300.57001
2011-03-03,300.67801
2011-03-04,301.54401
2011-03-05,301.89999
2011-03-06,302.38
2011-03-07,299.70499
2011-03-08,299.246
2011-03-09,298.685
2011-03-10,299.67499
2011-03-11,299.888
2011-03-12,300.23001
2011-03-13,300.94199
2011-03-14,301.095
2011-03-15,301.51801
2011-03-16,302.47501
2011-03-17,302.328
2011-03-18,301.134
2011-03-19,301.10199
2011-03-20,300.68799
2011-03-21,300.93799
2011-03-22,301.36099
2011-03-23,301.651
2011-03-24,301.95401
2011-03-25,301.707
2011-03-26,303.72699
2011-03-27,302.66199
2011-03-28,302.39301
2011-03-29,302.27802
2011-03-30,301.612
2011-03-31,302.34799
2011-04-01,301.27899
2011-04-02,301.311
2011-04-03,301.85101
2011-04-04,303.383
2011-04-05,303.54599
2011-04-06,304.228
2011-04-07,304.33899
2011-04-08,304.504
2011-04-09,305.12799
2011-04-10,304.58899
2011-04-11,305.37
2011-04-12,305.70999
2011-04-13,305.259
2011-04-14,306.04099
2011-04-15,306.504
2011-04-16,304.95099
2011-04-17,305.17801
2011-04-18,305.298
2011-04-19,305.60699
2011-04-20,305.90701
2011-04-21,305.40799
2011-04-22,305.33401
2011-04-23,305.45401
2011-04-24,305.85199
2011-04-25,306.46399
2011-04-26,306.74701
2011-04-27,306.35999
2011-04-28,306.61801
2011-04-29,306.87601
2011-04-30,305.979
2011-05-01,304.811
2011-05-02,304.185
2011-05-03,304.53799
2011-05-04,304.37701
2011-05-05,304.44501
2011-05-06,305.63101
2011-05-07,305.526
2011-05-08,305.41699
2011-05-09,305.13699
2011-05-10,305.45499
2011-05-11,305.88501
2011-05-12,306.802
2011-05-13,307.388
2011-05-14,305.93201
2011-05-15,307.77399
2011-05-16,307.66
2011-05-17,306.67999
2011-05-18,305.785
2011-05-19,305.03299
2011-05-20,305.16699
2011-05-21,306.147
2011-05-22,306.20401
2011-05-23,307.21701
2011-05-24,306.62399
2011-05-25,306.98901
2011-05-26,307.01199
2011-05-27,307.172
2011-05-28,307.12799
2011-05-29,305.952
2011-05-30,306.15302
2011-05-31,307.50601
2011-06-01,305.87201
2011-06-02,304.23599
2011-06-03,303.63501
2011-06-04,304.03799
2011-06-05,304.328
2011-06-06,305.01401
2011-06-07,302.496
2011-06-08,300.36499
2011-06-09,300.85999
2011-06-10,302.52301
2011-06-11,303.15601
2011-06-12,301.224
2011-06-13,301.46399
2011-06-14,301.08899
2011-06-15,301.61099
2011-06-16,301.53799
2011-06-17,301.53799
2011-06-18,301.65399
2011-06-19,300.79099
2011-06-20,300.69101
2011-06-21,300.79401
2011-06-22,300.383
2011-06-23,301.23401
2011-06-24,300.82599
2011-06-25,300.802
2011-06-26,300.08301
2011-06-27,299.87
2011-06-28,300.93201
2011-06-29,302.099
2011-06-30,302.548
2011-07-01,302.021
2011-07-02,302.384
2011-07-03,303.19101
2011-07-04,300.741
2011-07-05,299.54999
2011-07-06,296.647
2011-07-07,297.27499
2011-07-08,298.52899
2011-07-09,298.12399
2011-07-10,297.43301
2011-07-11,298.13901
2011-07-12,298.31601
2011-07-13,299.763
2011-07-14,300.34201
2011-07-15,298.82599
2011-07-16,298.16101
2011-07-17,297.80801
2011-07-18,297.32101
2011-07-19,298.237
2011-07-20,298.405
2011-07-21,298.39301
2011-07-22,298.42499
2011-07-23,300.194
2011-07-24,300.30801
2011-07-25,299.685
2011-07-26,298.81299
2011-07-27,298.79199
2011-07-28,298.13599
2011-07-29,297.388
2011-07-30,297.203
2011-07-31,297.60901
2011-08-01,297.302
2011-08-02,297.479
2011-08-03,296.82999
2011-08-04,295.99799
2011-08-05,297.267
2011-08-06,296.621
2011-08-07,295.78
2011-08-08,296.24701
2011-08-09,297.45801
2011-08-10,296.70099
2011-08-11,297.151
2011-08-12,297.134
2011-08-13,297.29999
2011-08-14,297.82401
2011-08-15,297.99799
2011-08-16,298.80099
2011-08-17,298.806
2011-08-18,298.664
2011-08-19,297.46399
2011-08-20,299.677
2011-08-21,298.22501
2011-08-22,296.724
2011-08-23,295.85699
2011-08-24,296.401
2011-08-25,296.82001
2011-08-26,296.44
2011-08-27,297.526
2011-08-28,299.58499
2011-08-29,297.98999
2011-08-30,296.99701
2011-08-31,297.49899
2011-09-01,296.58099
2011-09-02,297.14801
2011-09-03,296.87601
2011-09-04,297.08401
2011-09-05,297.52802
2011-09-06,297.70599
2011-09-07,297.38599
2011-09-08,297.62399
2011-09-09,296.87601
2011-09-10,298.46701
2011-09-11,299.14301
2011-09-12,298.32501
2011-09-13,297.74301
2011-09-14,297.358
2011-09-15,297.17999
2011-09-16,297.39899
2011-09-17,297.04401
2011-09-18,296.47198
2011-09-19,296.867
2011-09-20,296.80499
2011-09-21,296.806
2011-09-22,297.39499
2011-09-23,297.13699
2011-09-24,297.203
2011-09-25,297.40601
2011-09-26,297.785
2011-09-27,297.98401
2011-09-28,298.271
2011-09-29,297.931
2011-09-30,297.186
2011-10-01,296.29599
2011-10-02,297.039
2011-10-03,298.17899
2011-10-04,298.155
2011-10-05,297.94501
2011-10-06,298.39999
2011-10-07,298.34799
2011-10-08,299.11099
2011-10-09,299.159
2011-10-10,299.17401
2011-10-11,300.04099
2011-10-12,300.215
2011-10-13,298.78201
2011-10-14,298.14899
2011-10-15,298.147
2011-10-16,297.54001
2011-10-17,296.259
2011-10-18,295.78101
2011-10-19,295.97198
2011-10-20,295.95999
2011-10-21,295.77701
2011-10-22,295.97699
2011-10-23,296.26901
2011-10-24,296.586
2011-10-25,297.039
2011-10-26,297.47501
2011-10-27,297.32001
2011-10-28,297.36499
2011-10-29,297.37299
2011-10-30,296.979
2011-10-31,297.004
2011-11-01,297.112
2011-11-02,297.01599
2011-11-03,297.297
2011-11-04,296.57999
2011-11-05,296.879
2011-11-06,296.71301
2011-11-07,296.10501
2011-11-08,296.49799
2011-11-09,296.616
2011-11-10,297.41699
2011-11-11,298.02899
2011-11-12,297.51001
2011-11-13,296.04401
2011-11-14,294.87799
2011-11-15,295.42599
2011-11-16,296.31299
2011-11-17,296.216
2011-11-18,296.272
2011-11-19,295.375
2011-11-20,294.90601
2011-11-21,295.21701
2011-11-22,295.87
2011-11-23,296.76501
2011-11-24,297.259
2011-11-25,297.15399
2011-11-26,298.37601
2011-11-27,298.76901
2011-11-28,298.15601
2011-11-29,296.32501
2011-11-30,296.72601
2011-12-01,297.09799
2011-12-02,297.319
2011-12-03,296.73801
2011-12-04,296.72198
2011-12-05,295.83301
2011-12-06,294.89099
2011-12-07,295.55399
2011-12-08,294.729
2011-12-09,294.905
2011-12-10,295.95401
2011-12-11,295.728
2011-12-12,294.758
2011-12-13,293.98901
2011-12-14,294.37
2011-12-15,294.888
2011-12-16,295.095
2011-12-17,294.37201
2011-12-18,294.16901
2011-12-19,294.457
2011-12-20,294.16699
2011-12-21,293.98999
2011-12-22,293.638
2011-12-23,293.17099
2011-12-24,291.664
2011-12-25,292.26401
2011-12-26,293.104
2011-12-27,292.86301
2011-12-28,295.784
2011-12-29,295.32401
2011-12-30,294.603
2011-12-31,294.66501
2012-01-01,294.211
2012-01-02,294.47
2012-01-03,294.207
2012-01-04,293.142
2012-01-05,291.79901
2012-01-06,291.50201
2012-01-07,291.672
2012-01-08,291.45999
2012-01-09,291.444
2012-01-10,291.431
2012-01-11,291.43301
2012-01-12,293.353
2012-01-13,293.58899
2012-01-14,293.69501
2012-01-15,291.79501
2012-01-16,291.14499
2012-01-17,291.40201
2012-01-18,291.62299
2012-01-19,293.664
2012-01-20,294.034
2012-01-21,294.72699
2012-01-22,295.39899
2012-01-23,294.711
2012-01-24,294.63101
2012-01-25,293.48401
2012-01-26,291.746
2012-01-27,294.314
2012-01-28,296.59601
2012-01-29,295.59299
2012-01-30,296.51999
2012-01-31,295.729
2012-02-01,296.48001
2012-02-02,296.854
2012-02-03,297.10901
2012-02-04,295.44901
2012-02-05,291.48199
2012-02-06,291.92599
2012-02-07,293.785
2012-02-08,295.46399
2012-02-09,296.888
2012-02-10,297.17099
2012-02-11,297.362
2012-02-12,295.53299
2012-02-13,294.431
2012-02-14,295.89099
2012-02-15,298.47299
2012-02-16,299.66699
2012-02-17,299.957
2012-02-18,300.01999
2012-02-19,300.03299
2012-02-20,300.047
2012-02-21,299.61899
2012-02-22,299.99301
2012-02-23,300.18399
2012-02-24,300.43399
2012-02-25,298.72501
2012-02-26,298.077
2012-02-27,296.69901
2012-02-28,297.08899
2012-02-29,298.38199
2012-03-01,299.836
2012-03-02,301.01801
2012-03-03,299.43201
2012-03-04,298.82599
2012-03-05,296.86499
2012-03-06,296.685
2012-03-07,296.98401
2012-03-08,299.159
2012-03-09,299.328
2012-03-10,299.474
2012-03-11,299.93201
2012-03-12,300.98199
2012-03-13,302.22501
2012-03-14,302.71399
2012-03-15,302.26901
2012-03-16,302.595
2012-03-17,303.94901
2012-03-18,303.14999
2012-03-19,303.21201
2012-03-20,303.15799
2012-03-21,304.133
2012-03-22,304.078
2012-03-23,303.80801
2012-03-24,304.00101
2012-03-25,304.802
2012-03-26,304.73199
2012-03-27,304.384
2012-03-28,304.97699
2012-03-29,306.09
2012-03-30,306.508
2012-03-31,305.72699
2012-04-01,306.39401
2012-04-02,304.99701
2012-04-03,304.29001
2012-04-04,304.58499
2012-04-05,306.09399
2012-04-06,306.60901
2012-04-07,306.00201
2012-04-08,305.98999
2012-04-09,305.091
2012-04-10,304.474
2012-04-11,305.41599
2012-04-12,306.87799
2012-04-13,307.39001
2012-04-14,305.84799
2012-04-15,306.16699
2012-04-16,305.82199
2012-04-17,304.81
2012-04-18,305.93201
2012-04-19,305.87299
2012-04-20,305.14099
2012-04-21,304.20001
2012-04-22,305.57901
2012-04-23,305.24899
2012-04-24,305.40799
2012-04-25,305.88599
2012-04-26,305.74899
2012-04-27,306.315
2012-04-28,305.68799
2012-04-29,304.647
2012-04-30,306.784
2012-05-01,306.159
2012-05-02,304.62799
2012-05-03,304.435
2012-05-04,306.78201
2012-05-05,307.508
2012-05-06,307.37
2012-05-07,307.60699
2012-05-08,307.245
2012-05-09,306.22299
2012-05-10,305.435
2012-05-11,305.86899
2012-05-12,306.54901
2012-05-13,306.74301
2012-05-14,306.82401
2012-05-15,307.07599
2012-05-16,307.00299
2012-05-17,307.53101
2012-05-18,306.85599
2012-05-19,306.81799
2012-05-20,306.733
2012-05-21,306.93399
2012-05-22,306.90601
2012-05-23,306.991
2012-05-24,306.461
2012-05-25,305.41599
2012-05-26,305.995
2012-05-27,305.84399
2012-05-28,305.25
2012-05-29,305.254
2012-05-30,304.08301
2012-05-31,304.58301
2012-06-01,305.56201
2012-06-02,306.211
2012-06-03,301.33401
2012-06-04,303.76199
2012-06-05,304.20499
2012-06-06,300.01401
2012-06-07,301.70999
2012-06-08,303.34
2012-06-09,306.01999
2012-06-10,304.95901
2012-06-11,304.936
2012-06-12,303.74701
2012-06-13,301.76599
2012-06-14,301.77802
2012-06-15,300.82199
2012-06-16,301.495
2012-06-17,302.36301
2012-06-18,303.07501
2012-06-19,301.09
2012-06-20,302.67599
2012-06-21,301.80301
2012-06-22,302.96201
2012-06-23,302.76099
2012-06-24,301.92899
2012-06-25,303.077
2012-06-26,303.207
2012-06-27,302.58801
2012-06-28,302.23499
2012-06-29,302.98401
2012-06-30,302.86899
2012-07-01,298.966
2012-07-02,298.862
2012-07-03,300.16101
2012-07-04,300.47299
2012-07-05,300.276
2012-07-06,301.34601
2012-07-07,300.65302
2012-07-08,301.08301
2012-07-09,301.03299
2012-07-10,300.65201
2012-07-11,299.56799
2012-07-12,300.85501
2012-07-13,301.39999
2012-07-14,299.784
2012-07-15,298.061
2012-07-16,300.37799
2012-07-17,299.89301
2012-07-18,298.35901
2012-07-19,297.42001
2012-07-20,298.68399
2012-07-21,298.72601
2012-07-22,299.15201
2012-07-23,297.483
2012-07-24,298.026
2012-07-25,297.95999
2012-07-26,296.03
2012-07-27,297.49799
2012-07-28,296.388
2012-07-29,297.44601
2012-07-30,298.737
2012-07-31,300.02899
2012-08-01,298.67001
2012-08-02,298.17999
2012-08-03,298.66599
2012-08-04,298.14099
2012-08-05,298.41699
2012-08-06,297.491
2012-08-07,297.25201
2012-08-08,296.987
2012-08-09,296.92401
2012-08-10,298.59698
2012-08-11,297.76199
2012-08-12,297.62399
2012-08-13,297.32501
2012-08-14,296.758
2012-08-15,297.591
2012-08-16,298.15302
2012-08-17,298.95801
2012-08-18,299.375
2012-08-19,299.849
2012-08-20,299.69
2012-08-21,298.328
2012-08-22,296.94501
2012-08-23,298.28699
2012-08-24,299.05701
2012-08-25,300.07501
2012-08-26,299.763
2012-08-27,299.38101
2012-08-28,299.98999
2012-08-29,298.78101
2012-08-30,296.513
2012-08-31,296.306
2012-09-01,296.87399
2012-09-02,297.67099
2012-09-03,298.14099
2012-09-04,297.89401
2012-09-05,298.06299
2012-09-06,296.228
2012-09-07,297.44601
2012-09-08,297.495
2012-09-09,297.60199
2012-09-10,296.983
2012-09-11,297.63599
2012-09-12,297.83301
2012-09-13,297.95901
2012-09-14,298.319
2012-09-15,297.465
2012-09-16,297.95599
2012-09-17,297.19101
2012-09-18,297.888
2012-09-19,297.216
2012-09-20,296.509
2012-09-21,296.759
2012-09-22,297.129
2012-09-23,297.84399
2012-09-24,298.19901
2012-09-25,299.54599
2012-09-26,300.15799
2012-09-27,299.79099
2012-09-28,299.11499
2012-09-29,299.004
2012-09-30,298.22198
2012-10-01,298.61301
2012-10-02,298.328
2012-10-03,298.29199
2012-10-04,298.29199
2012-10-05,298.42599
2012-10-06,297.13599
2012-10-07,297.647
2012-10-08,297.311
2012-10-09,296.97501
2012-10-10,297.79001
2012-10-11,297.35699
2012-10-12,298.18201
2012-10-13,298.24399
2012-10-14,298.26501
2012-10-15,297.92499
2012-10-16,298.06299
2012-10-17,298.13199
2012-10-18,299.327
2012-10-19,298.70801
2012-10-20,298.728
2012-10-21,298.61801
2012-10-22,298.103
2012-10-23,297.64999
2012-10-24,296.68701
2012-10-25,295.32901
2012-10-26,296.47299
2012-10-27,296.66699
2012-10-28,298.29001
2012-10-29,297.457
2012-10-30,296.923
2012-10-31,296.508
2012-11-01,296.952
2012-11-02,296.38501
2012-11-03,296.388
2012-11-04,297.323
2012-11-05,297.55399
2012-11-06,298.09601
2012-11-07,296.72198
2012-11-08,296.90302
2012-11-09,296.56299
2012-11-10,295.134
2012-11-11,294.517
2012-11-12,294.677
2012-11-13,294.06299
2012-11-14,293.965
2012-11-15,294.31601
2012-11-16,295.19299
2012-11-17,296.03
2012-11-18,295.79999
2012-11-19,296.48099
2012-11-20,297.01999
2012-11-21,297.40399
2012-11-22,296.17401
2012-11-23,294.95801
2012-11-24,294.16501
2012-11-25,294.50201
2012-11-26,295.79999
2012-11-27,296.64401
2012-11-28,296.25699
2012-11-29,297.16299
2012-11-30,298.345
2012-12-01,298.461
2012-12-02,298.561
2012-12-03,297.68201
2012-12-04,296.36099
2012-12-05,295.20499
2012-12-06,294.052
2012-12-07,294.27899
2012-12-08,294.155
2012-12-09,294.84299
2012-12-10,297.353
2012-12-11,296.62799
2012-12-12,295.909
2012-12-13,295.00699
2012-12-14,295.32199
2012-12-15,295.17401
2012-12-16,295.76401
2012-12-17,295.92599
2012-12-18,296.48999
2012-12-19,295.01801
2012-12-20,293.297
2012-12-21,292.88
2012-12-22,293.22198
2012-12-23,293.48001
2012-12-24,295.573
