2006-01-01,3013.0
2006-01-02,3013.0
2006-01-03,1937.0
2006-01-04,1190.4
2006-01-05,2619.0
2006-01-06,2906.661742833964
2006-01-07,3101.4771047413014
2006-01-08,3212.053914277988
2006-01-09,3247.0
2006-01-10,2322.0
2006-01-11,1023.9951909673822
2006-01-12,215.0
2006-01-13,563.984375
2006-01-14,1331.75
2006-01-15,2099.515625
2006-01-16,2448.5
2006-01-17,1989.0
2006-01-18,2004.4631147540983
2006-01-19,2031.0
2006-01-20,2050.9695098876646
2006-01-21,2067.9687938537254
2006-01-22,2084.0766063036035
2006-01-23,2101.371701642721
2006-01-24,2121.932834276498
2006-01-25,2147.838758610356
2006-01-26,2181.1682290497165
2006-01-27,2224.0
2006-01-28,2388.5670397070608
2006-01-29,2643.6168531868634
2006-01-30,2776.0
2006-01-31,2710.6875
2006-02-01,2538.5
2006-02-02,2295.0625
2006-02-03,2016.0
2006-02-04,1736.9375
2006-02-05,1493.5
2006-02-06,1321.3125
2006-02-07,1256.0
2006-02-08,1261.7055393586006
2006-02-09,1276.4198250728864
2006-02-10,1296.539358600583
2006-02-11,1318.460641399417
2006-02-12,1338.5801749271136
2006-02-13,1353.2944606413996
2006-02-14,1359.0
2006-02-15,893.0
2006-02-16,933.2222222222223
2006-02-17,1033.777777777778
2006-02-18,1164.5
2006-02-19,1295.2222222222222
2006-02-20,1395.7777777777778
2006-02-21,1436.0
2006-02-22,1435.3135473948432
2006-02-23,1433.299574875582
2006-02-24,1430.0261603865297
2006-02-25,1425.5613818719985
2006-02-26,1419.973317276302
2006-02-27,1413.3300445437528
2006-02-28,1405.6996416186648
2006-03-01,1397.150186445351
2006-03-02,1387.749756968123
2006-03-03,1377.566431131295
2006-03-04,1366.6682868791806
2006-03-05,1355.1234021560915
2006-03-06,1342.9998549063419
2006-03-07,1330.365723074244
2006-03-08,1317.289084604112
2006-03-09,1303.8380174402578
2006-03-10,1290.0805995269948
2006-03-11,1276.0849088086363
2006-03-12,1261.919023229495
2006-03-13,1247.6510207338836
2006-03-14,1233.3489792661162
2006-03-15,1219.0809767705052
2006-03-16,1204.9150911913641
2006-03-17,1190.9194004730052
2006-03-18,1177.1619825597425
2006-03-19,1163.7109153958882
2006-03-20,1150.6342769257558
2006-03-21,1138.000145093658
2006-03-22,1125.8765978439083
2006-03-23,1114.3317131208196
2006-03-24,1103.4335688687047
2006-03-25,1093.250243031877
2006-03-26,1083.8498135546495
2006-03-27,1075.3003583813352
2006-03-28,1067.669955456247
2006-03-29,1061.0266827236983
2006-03-30,1055.4386181280015
2006-03-31,1050.9738396134705
2006-04-01,1047.700425124418
2006-04-02,1045.6864526051565
2006-04-03,1045.0
2006-04-04,1212.0
2006-04-05,1447.2572706935127
2006-04-06,1696.2953020134228
2006-04-07,1812.0
2006-04-08,1755.209039998936
2006-04-09,1609.0847466645382
2006-04-10,1410.0
2006-04-11,913.1398300011972
2006-04-12,523.0
2006-04-13,564.0
2006-04-14,384.0
2006-04-15,292.68804510215614
2006-04-16,227.02526312955933
2006-04-17,170.84984959218284
2006-04-18,108.0
2006-04-19,34.6
2006-04-20,48.0
2006-04-21,57.0
2006-04-22,594.4968452966241
2006-04-23,1576.6928670927564
2006-04-24,2104.0
2006-04-25,2099.3247180404965
2006-04-26,2085.693991512723
2006-04-27,2063.7004994427825
2006-04-28,2033.9369208567796
2006-04-29,1996.995934780819
2006-04-30,1953.470220241004
2006-05-01,1903.9524562634383
2006-05-02,1849.0353218742284
2006-05-03,1789.3114960994753
2006-05-04,1725.3736579652864
2006-05-05,1657.8144864977628
2006-05-06,1587.2266607230104
2006-05-07,1514.2028596671332
2006-05-08,1439.3357623562351
2006-05-09,1363.21804781642
2006-05-10,1286.4423950737923
2006-05-11,1209.6014831544564
2006-05-12,1133.2879910845159
2006-05-13,1058.0945978900754
2006-05-14,984.6139825972388
2006-05-15,913.43882423211
2006-05-16,845.1618018207937
2006-05-17,780.3755943893935
2006-05-18,719.672880964014
2006-05-19,663.6463405707593
2006-05-20,612.8886522357332
2006-05-21,567.9924949850401
2006-05-22,529.5505478447841
2006-05-23,498.1554898410694
2006-05-24,474.4
2006-05-25,454.6782842649263
2006-05-26,435.150019307485
2006-05-27,416.0560902462097
2006-05-28,397.63738219963443
2006-05-29,380.1347802862926
2006-05-30,363.7891696247176
2006-05-31,348.84143533344354
2006-06-01,335.53246253100383
2006-06-02,324.10313633593216
2006-06-03,314.79434186676235
2006-06-04,307.8469642420279
2006-06-05,303.5018885802626
2006-06-06,302.0
2006-06-07,308.7881566339305
2006-06-08,328.2583555433292
2006-06-09,359.0691902396073
2006-06-10,399.8792542341757
2006-06-11,449.3471410384454
2006-06-12,506.13144416382755
2006-06-13,568.8907571217331
2006-06-14,636.2836734235731
2006-06-15,706.9687865807584
2006-06-16,779.6046901047005
2006-06-17,852.8499775068098
2006-06-18,925.3632422984977
2006-06-19,995.8030779911747
2006-06-20,1062.8280780962527
2006-06-21,1125.096836125142
2006-06-22,1181.2679455892544
2006-06-23,1230.0
2006-06-24,1280.9179517279408
2006-06-25,1328.7923091973037
2006-06-26,1350.0
2006-06-27,1349.9301291758163
2006-06-28,1349.7237107980852
2006-06-29,1349.3855360090367
2006-06-30,1348.9203959509005
2006-07-01,1348.333081765906
2006-07-02,1347.628384596283
2006-07-03,1346.811095584261
2006-07-04,1345.8860058720707
2006-07-05,1344.8579066019404
2006-07-06,1343.7315889161014
2006-07-07,1342.5118439567827
2006-07-08,1341.2034628662134
2006-07-09,1339.811236786624
2006-07-10,1338.3399568602435
2006-07-11,1336.794414229303
2006-07-12,1335.1794000360312
2006-07-13,1333.4997054226578
2006-07-14,1331.7601215314126
2006-07-15,1329.9654395045254
2006-07-16,1328.1204504842265
2006-07-17,1326.2299456127455
2006-07-18,1324.2987160323112
2006-07-19,1322.3315528851535
2006-07-20,1320.3332473135033
2006-07-21,1318.3085904595894
2006-07-22,1316.2623734656418
2006-07-23,1314.1993874738898
2006-07-24,1312.1244236265634
2006-07-25,1310.042273065893
2006-07-26,1307.9577269341073
2006-07-27,1305.8755763734366
2006-07-28,1303.8006125261102
2006-07-29,1301.7376265343585
2006-07-30,1299.6914095404109
2006-07-31,1297.666752686497
2006-08-01,1295.6684471148462
2006-08-02,1293.701283967689
2006-08-03,1291.7700543872547
2006-08-04,1289.8795495157733
2006-08-05,1288.0345604954744
2006-08-06,1286.2398784685874
2006-08-07,1284.5002945773424
2006-08-08,1282.820599963969
2006-08-09,1281.2055857706973
2006-08-10,1279.6600431397565
2006-08-11,1278.1887632133762
2006-08-12,1276.7965371337868
2006-08-13,1275.4881560432177
2006-08-14,1274.2684110838986
2006-08-15,1273.1420933980592
2006-08-16,1272.1139941279293
2006-08-17,1271.1889044157388
2006-08-18,1270.371615403717
2006-08-19,1269.666918234094
2006-08-20,1269.0796040490995
2006-08-21,1268.614463990963
2006-08-22,1268.2762892019146
2006-08-23,1268.0698708241835
2006-08-24,1268.0
2006-08-25,1269.9503314779947
2006-08-26,1275.4806974530125
2006-08-27,1284.1101552366044
2006-08-28,1295.357762140319
2006-08-29,1308.7425754757076
2006-08-30,1323.7836525543205
2006-08-31,1340.0000506877072
2006-09-01,1356.9108271874184
2006-09-02,1374.0350393650042
2006-09-03,1390.8917445320144
2006-09-04,1407.0
2006-09-05,1424.777027106765
2006-09-06,1446.1825946016695
2006-09-07,1470.0495809135966
2006-09-08,1495.2108644714322
2006-09-09,1520.499323704059
2006-09-10,1544.7478370403605
2006-09-11,1566.789282909222
2006-09-12,1585.4565397395263
2006-09-13,1599.5824859601576
2006-09-14,1608.0
2006-09-15,1613.0722756435644
2006-09-16,1617.9404229702973
2006-09-17,1622.6041948514853
2006-09-18,1627.063344158416
2006-09-19,1631.3176237623763
2006-09-20,1635.3667865346536
2006-09-21,1639.2105853465346
2006-09-22,1642.8487730693064
2006-09-23,1646.2811025742576
2006-09-24,1649.5073267326734
2006-09-25,1652.5271984158417
2006-09-26,1655.3404704950497
2006-09-27,1657.9468958415844
2006-09-28,1660.3462273267326
2006-09-29,1662.5382178217822
2006-09-30,1664.5226201980197
2006-10-01,1666.2991873267326
2006-10-02,1667.867672079208
2006-10-03,1669.2278273267327
2006-10-04,1670.3794059405939
2006-10-05,1671.3221607920793
2006-10-06,1672.0558447524752
2006-10-07,1672.5802106930694
2006-10-08,1672.8950114851486
2006-10-09,1673.0
2006-10-10,1672.1606945984058
2006-10-11,1669.7195685606318
2006-10-12,1665.7918071371937
2006-10-13,1660.4925955786052
2006-10-14,1653.937119135382
2006-10-15,1646.2405630580377
2006-10-16,1637.5181125970873
2006-10-17,1627.884953003045
2006-10-18,1617.4562695264256
2006-10-19,1606.3472474177438
2006-10-20,1594.6730719275145
2006-10-21,1582.5489283062516
2006-10-22,1570.0900018044697
2006-10-23,1557.4114776726842
2006-10-24,1544.628541161409
2006-10-25,1531.8563775211587
2006-10-26,1519.210172002448
2006-10-27,1506.8051098557917
2006-10-28,1494.7563763317044
2006-10-29,1483.1791566807
2006-10-30,1472.1886361532936
2006-10-31,1461.9
2006-11-01,1451.6351486572719
2006-11-02,1440.689661102969
2006-11-03,1429.1392403997186
2006-11-04,1417.0595896101474
2006-11-05,1404.5264117968832
2006-11-06,1391.6154100225515
2006-11-07,1378.402287349779
2006-11-08,1364.9627468411934
2006-11-09,1351.3724915594216
2006-11-10,1337.7072245670888
2006-11-11,1324.0426489268236
2006-11-12,1310.4544677012516
2006-11-13,1297.018383953
2006-11-14,1283.8101007446953
2006-11-15,1270.9053211389653
2006-11-16,1258.3797481984357
2006-11-17,1246.3090849857333
2006-11-18,1234.7690345634855
2006-11-19,1223.8352999943188
2006-11-20,1213.5835843408597
2006-11-21,1204.0895906657352
2006-11-22,1195.4290220315725
2006-11-23,1187.6775815009973
2006-11-24,1180.9109721366376
2006-11-25,1175.2048970011194
2006-11-26,1170.6350591570697
2006-11-27,1167.2771616671155
2006-11-28,1165.2069075938832
2006-11-29,1164.5
2006-11-30,1187.0933941432613
2006-12-01,1248.1632992545017
2006-12-02,1337.6442993559042
2006-12-03,1445.470978469652
2006-12-04,1561.5779206179293
2006-12-05,1675.8997098229188
2006-12-06,1778.3709301068052
2006-12-07,1858.926165491771
2006-12-08,1907.5
2006-12-09,1930.7604904527543
2006-12-10,1947.8689839651156
2006-12-11,1967.5
2006-12-12,1995.0
2006-12-13,2054.0670443814925
2006-12-14,2127.2001888574127
2006-12-15,2163.0
2006-12-16,2155.2222222222226
2006-12-17,2140.7777777777783
2006-12-18,2133.0
2006-12-19,2739.0
2006-12-20,2634.0
2006-12-21,2529.0
2006-12-22,3180.0
2006-12-23,3029.1111111111118
2006-12-24,2748.8888888888887
2006-12-25,2598.0
2006-12-26,3165.0
2006-12-27,786.0
2006-12-28,2325.0
2006-12-29,3018.0
2006-12-30,2833.666666666667
2006-12-31,2491.3333333333335
2007-01-01,2307.0
2007-01-02,2454.0
2007-01-03,738.5
2007-01-04,1693.75
2007-01-05,2649.0
2007-01-06,2529.2222222222226
2007-01-07,2306.7777777777783
2007-01-08,2187.0
2007-01-09,2268.0
2007-01-10,689.5
2007-01-11,1914.0
2007-01-12,2667.0
2007-01-13,2576.7777777777783
2007-01-14,2409.222222222222
2007-01-15,2319.0
2007-01-16,2691.0
2007-01-17,630.0
2007-01-18,2808.0
2007-01-19,2919.307729363501
2007-01-20,2988.1902038786675
2007-01-21,3023.2275764545
2007-01-22,3033.0
2007-01-23,2529.0
2007-01-24,1120.0
2007-01-25,2875.0
2007-01-26,2846.2078651685392
2007-01-27,2764.887640449438
2007-01-28,2638.623595505618
2007-01-29,2475.0
2007-01-30,2091.0
2007-01-31,640.5
2007-02-01,2289.0
2007-02-02,1782.0
2007-02-03,1856.6666666666672
2007-02-04,1995.3333333333335
2007-02-05,2070.0
2007-02-06,1964.0
2007-02-07,621.5
2007-02-08,2187.0
2007-02-09,2727.0
2007-02-10,2515.444444444445
2007-02-11,2122.5555555555557
2007-02-12,1911.0
2007-02-13,2064.0
2007-02-14,642.5
2007-02-15,2256.0
2007-02-16,2391.7067570025465
2007-02-17,2477.378228446708
2007-02-18,2522.1105856675154
2007-02-19,2535.0
2007-02-20,2319.0
2007-02-21,658.6
2007-02-22,2217.0
2007-02-23,2112.0
2007-02-24,1891.1835862863538
2007-02-25,1597.7501953470332
2007-02-26,1371.0
2007-02-27,1257.0
2007-02-28,513.5
2007-03-01,1533.0
2007-03-02,1408.78125
2007-03-03,1135.5
2007-03-04,862.21875
2007-03-05,738.0
2007-03-06,927.0
2007-03-07,322.0
2007-03-08,1524.0
2007-03-09,1330.1057692307693
2007-03-10,897.948717948718
2007-03-11,451.81730769230774
2007-03-12,216.0
2007-03-13,180.0
2007-03-14,108.0
2007-03-15,406.0
2007-03-16,192.0
2007-03-17,653.25
2007-03-18,1668.0
2007-03-19,2682.75
2007-03-20,3144.0
2007-03-21,33.5
2007-03-22,3147.0
2007-03-23,2088.0
2007-03-24,1711.6937937811344
2007-03-25,1375.9332021237851
2007-03-26,1079.726464225068
2007-03-27,822.0818192820982
2007-03-28,602.0075064919927
2007-03-29,418.51176505186737
2007-03-30,270.60283415883777
2007-03-31,157.28895301002024
2007-04-01,77.57836080253077
2007-04-02,30.479296733485384
2007-04-03,15.0
2007-04-04,1550.0
2007-04-05,1869.0
2007-04-06,2205.0
2007-04-07,2189.9451127149614
2007-04-08,2147.5568920965875
2007-04-09,2082.0
2007-04-10,1890.0
2007-04-11,549.5
2007-04-12,1737.0
2007-04-13,3207.0
2007-04-14,3048.0571484298816
2007-04-15,2657.1142968597624
2007-04-16,2163.0
2007-04-17,1214.3107080163838
2007-04-18,517.0
2007-04-19,1367.0
2007-04-20,1977.0
2007-04-21,1745.2222222222226
2007-04-22,1314.7777777777778
2007-04-23,1083.0
2007-04-24,1782.0
2007-04-25,2294.06106870229
2007-04-26,2550.0
2007-04-27,1635.0
2007-04-28,1254.5041883543847
2007-04-29,945.6222118986827
2007-04-30,715.7881412657885
2007-05-01,572.4360470885961
2007-05-02,523.0
2007-05-03,880.9979868698334
2007-05-04,1557.440418184111
2007-05-05,1956.0
2007-05-06,2005.710598104771
2007-05-07,2025.0
2007-05-08,1956.0
2007-05-09,850.0
2007-05-10,1825.0
2007-05-11,1643.0
2007-05-12,1722.5925925925928
2007-05-13,1870.4074074074074
2007-05-14,1950.0
2007-05-15,1536.0
2007-05-16,1902.5
2007-05-17,2269.0
2007-05-18,2158.0
2007-05-19,2238.370370370371
2007-05-20,2387.6296296296296
2007-05-21,2468.0
2007-05-22,1613.0
2007-05-23,1647.3315926892951
2007-05-24,1721.0
2007-05-25,1845.0
2007-05-26,1812.4599156118147
2007-05-27,1715.9198312236288
2007-05-28,1557.0
2007-05-29,933.0
2007-05-30,635.0
2007-05-31,1426.0
2007-06-01,1402.4224277394305
2007-06-02,1339.2931406384814
2007-06-03,1248.0172832182916
2007-06-04,1140.0
2007-06-05,957.5
2007-06-06,530.0
2007-06-07,1471.0
2007-06-08,870.0
2007-06-09,926.0000000000001
2007-06-10,1030.0
2007-06-11,1086.0
2007-06-12,850.0
2007-06-13,851.0748848418854
2007-06-14,854.4935126648218
2007-06-15,860.5468434147309
2007-06-16,869.5258370375341
2007-06-17,881.7214534791527
2007-06-18,897.4246526855072
2007-06-19,916.9263946025197
2007-06-20,940.5176391761115
2007-06-21,968.4893463522034
2007-06-22,1001.132476076717
2007-06-23,1038.7379882955734
2007-06-24,1081.596842954694
2007-06-25,1130.0
2007-06-26,1350.0
2007-06-27,920.0
2007-06-28,1326.0
2007-06-29,1155.0
2007-06-30,964.6561343663275
2007-07-01,760.1110083256244
2007-07-02,596.7603781221092
2007-07-03,530.0
2007-07-04,713.0
2007-07-05,1713.0
2007-07-06,1477.0
2007-07-07,1383.9531792474124
2007-07-08,1324.7474869283803
2007-07-09,1213.0
2007-07-10,750.0
2007-07-11,693.0
2007-07-12,1048.0
2007-07-13,823.0
2007-07-14,883.1481481481483
2007-07-15,994.8518518518518
2007-07-16,1055.0
2007-07-17,950.0
2007-07-18,343.0
2007-07-19,963.0
2007-07-20,1063.0
2007-07-21,1181.6765172779935
2007-07-22,1298.949369750108
2007-07-23,1352.0
2007-07-24,1214.0
2007-07-25,416.0
2007-07-26,926.0
2007-07-27,1436.0
2007-07-28,1362.40625
2007-07-29,1200.5
2007-07-30,1038.59375
2007-07-31,965.0
2007-08-01,1433.0
2007-08-02,1315.0
2007-08-03,1365.0
2007-08-04,1268.7381869282638
2007-08-05,1062.254151634305
2007-08-06,869.0
2007-08-07,735.0
2007-08-08,719.1206457094307
2007-08-09,714.0
2007-08-10,1102.0
2007-08-11,1234.215124600514
2007-08-12,1319.6631178558125
2007-08-13,1350.0
2007-08-14,909.0
2007-08-15,1017.5
2007-08-16,1126.0
2007-08-17,1101.3125
2007-08-18,1047.0
2007-08-19,992.6875
2007-08-20,968.0
2007-08-21,1317.0
2007-08-22,942.5
2007-08-23,516.0
2007-08-24,1372.5
2007-08-25,1361.9095846607354
2007-08-26,1328.9887539822053
2007-08-27,1272.0131309733079
2007-08-28,1189.2583386429403
2007-08-29,1079.0
2007-08-30,643.0
2007-08-31,949.0
2007-09-01,1147.3493191938942
2007-09-02,1302.3968818191693
2007-09-03,1365.0
2007-09-04,1115.5
2007-09-05,866.0
2007-09-06,872.0
2007-09-07,1268.0
2007-09-08,1229.71875
2007-09-09,1145.5
2007-09-10,1061.28125
2007-09-11,1023.0
2007-09-12,1044.0
2007-09-13,1148.5
2007-09-14,790.0
2007-09-15,820.46875
2007-09-16,887.5
2007-09-17,954.53125
2007-09-18,985.0
2007-09-19,618.0
2007-09-20,558.0
2007-09-21,1178.0
2007-09-22,1175.0509499589257
2007-09-23,1165.8796776956285
2007-09-24,1150.0
2007-09-25,802.6510146295423
2007-09-26,465.0
2007-09-27,489.0
2007-09-28,685.0
2007-09-29,777.7645107794363
2007-09-30,843.2155887230514
2007-10-01,868.0
2007-10-02,805.270206527282
2007-10-03,725.5
2007-10-04,700.2415959565021
2007-10-05,686.6017792004598
2007-10-06,675.5411644661664
2007-10-07,658.0203664879153
2007-10-08,625.0
2007-10-09,450.0
2007-10-10,619.0
2007-10-11,788.0
2007-10-12,550.0
2007-10-13,586.2962962962964
2007-10-14,653.7037037037037
2007-10-15,690.0
2007-10-16,650.0
2007-10-17,355.0
2007-10-18,562.5
2007-10-19,553.0
2007-10-20,538.674983512578
2007-10-21,515.6266554783149
2007-10-22,475.0
2007-10-23,285.0
2007-10-24,2.5
2007-10-25,5.0
2007-10-26,403.0
2007-10-27,307.59259259259267
2007-10-28,130.40740740740742
2007-10-29,35.0
2007-10-30,174.5
2007-10-31,183.0
2007-11-01,199.99811320754716
2007-11-02,211.8
2007-11-03,207.8884259259259
2007-11-04,197.07407407407413
2007-11-05,180.7375
2007-11-06,160.2592592592593
2007-11-07,137.01990740740737
2007-11-08,112.4
2007-11-09,87.78009259259258
2007-11-10,64.54074074074076
2007-11-11,44.06250000000001
2007-11-12,27.72592592592592
2007-11-13,16.91157407407408
2007-11-14,13.0
2007-11-15,316.5
2007-11-16,542.0
2007-11-17,936.0031221840927
2007-11-18,1389.2237833142685
2007-11-19,1606.0
2007-11-20,7.5
2007-11-21,653.0
2007-11-22,2.5
2007-11-23,884.0
2007-11-24,1251.7768699673518
2007-11-25,1502.0828794281201
2007-11-26,1594.5
2007-11-27,1198.5
2007-11-28,611.5
2007-11-29,778.0
2007-11-30,1625.5
2007-12-01,1501.72962962963
2007-12-02,1271.8703703703704
2007-12-03,1148.1
2007-12-04,1414.0
2007-12-05,624.3
2007-12-06,1154.7121543636727
2007-12-07,1826.0
2007-12-08,2087.5932070571753
2007-12-09,2278.241047973032
2007-12-10,2352.0
2007-12-11,2163.0
2007-12-12,690.0
2007-12-13,2031.0
2007-12-14,1598.0
2007-12-15,1791.7331253952184
2007-12-16,2195.6884730126585
2007-12-17,2544.0
2007-12-18,2739.0
2007-12-19,726.5
2007-12-20,3105.0
2007-12-21,2459.0
2007-12-22,2586.0370370370374
2007-12-23,2821.962962962963
2007-12-24,2949.0
2007-12-25,2589.0
2007-12-26,670.5
2007-12-27,2298.0
2007-12-28,3189.0
2007-12-29,3112.0900243309006
2007-12-30,2919.180048661801
2007-12-31,2667.0
2008-01-01,2253.0
2008-01-02,2301.5199610516065
2008-01-03,2418.0
2008-01-04,2700.0
2008-01-05,3154.0089733438904
2008-01-06,3660.3378200052784
2008-01-07,3900.0
2008-01-08,2292.0
2008-01-09,684.0
2008-01-10,711.5747380094763
2008-01-11,790.0245324647261
2008-01-12,912.9377540059826
2008-01-13,1073.9027732734776
2008-01-14,1266.5079609074437
2008-01-15,1484.3416875481125
2008-01-16,1720.9923238357167
2008-01-17,1970.0482404104891
2008-01-18,2225.0978079126617
2008-01-19,2479.729396982467
2008-01-20,2727.5313782601365
2008-01-21,2962.0921223859036
2008-01-22,3177.0
2008-01-23,3431.308548698521
2008-01-24,3690.9876076825935
2008-01-25,3810.0
2008-01-26,3799.0428288370686
2008-01-27,3767.2809023014784
2008-01-28,3716.3786008230445
2008-01-29,3648.0003048315807
2008-01-30,3563.8103947568975
2008-01-31,3465.4732510288063
2008-02-01,3354.653254077122
2008-02-02,3233.014784331657
2008-02-03,3102.2222222222226
2008-02-04,2963.9399481786318
2008-02-05,2819.832342630696
2008-02-06,2671.5637860082306
2008-02-07,2520.7986587410464
2008-02-08,2369.201341258955
2008-02-09,2218.4362139917694
2008-02-10,2070.167657369304
2008-02-11,1926.0600518213685
2008-02-12,1787.777777777778
2008-02-13,1656.9852156683432
2008-02-14,1535.346745922878
2008-02-15,1424.5267489711935
2008-02-16,1326.1896052431034
2008-02-17,1241.9996951684193
2008-02-18,1173.6213991769548
2008-02-19,1122.7190976985216
2008-02-20,1090.9571711629326
2008-02-21,1080.0
2008-02-22,2446.0
2008-02-23,2581.449840791018
2008-02-24,2654.2804759510645
2008-02-25,2676.0
2008-02-26,1650.0
2008-02-27,624.0
2008-02-28,630.6261359739369
2008-02-29,650.0044581618656
2008-03-01,681.3848379629629
2008-03-02,724.017146776406
2008-03-03,777.1512560013718
2008-03-04,840.0370370370371
2008-03-05,911.924361282579
2008-03-06,992.0631001371742
2008-03-07,1079.703125
2008-03-08,1174.0943072702332
2008-03-09,1274.4865183470508
2008-03-10,1380.1296296296298
2008-03-11,1490.2735125171466
2008-03-12,1604.1680384087792
2008-03-13,1721.0630787037035
2008-03-14,1840.2085048010972
2008-03-15,1960.8541881001372
2008-03-16,2082.25
2008-03-17,2203.645811899863
2008-03-18,2324.2914951989023
2008-03-19,2443.4369212962965
2008-03-20,2560.331961591221
2008-03-21,2674.226487482853
2008-03-22,2784.3703703703704
2008-03-23,2890.013481652949
2008-03-24,2990.405692729767
2008-03-25,3084.796875
2008-03-26,3172.436899862826
2008-03-27,3252.575638717421
2008-03-28,3324.4629629629635
2008-03-29,3387.3487439986284
2008-03-30,3440.482853223594
2008-03-31,3483.1151620370365
2008-04-01,3514.4955418381346
2008-04-02,3533.8738640260635
2008-04-03,3540.5
2008-04-04,1463.0
2008-04-05,798.4414639910975
2008-04-06,379.65469638590247
2008-04-07,183.0
2008-04-08,123.0
2008-04-09,246.0
2008-04-10,1731.0
2008-04-11,1991.3212650334078
2008-04-12,2179.666423162583
2008-04-13,2304.1509487750554
2008-04-14,2372.890316258352
2008-04-15,2394.0
2008-04-16,469.0
2008-04-17,648.9200000000001
2008-04-18,1077.96
2008-04-19,1590.04
2008-04-20,2019.08
2008-04-21,2199.0
2008-04-22,955.0
2008-04-23,985.860058309038
2008-04-24,1072.2682215743441
2008-04-25,1204.966472303207
2008-04-26,1374.6967930029152
2008-04-27,1572.2011661807576
2008-04-28,1788.221574344023
2008-04-29,2013.5
2008-04-30,2238.7784256559767
2008-05-01,2454.7988338192426
2008-05-02,2652.3032069970845
2008-05-03,2822.033527696793
2008-05-04,2954.7317784256556
2008-05-05,3041.1399416909617
2008-05-06,3072.0
2008-05-07,675.0
2008-05-08,740.2929000378167
2008-05-09,925.5987001134503
2008-05-10,1215.0580501701752
2008-05-11,1592.8116001512672
2008-05-12,2043.0
2008-05-13,2973.0
2008-05-14,2968.633188131832
2008-05-15,2956.054162899647
2008-05-16,2936.0450398619214
2008-05-17,2909.3879345771347
2008-05-18,2876.8649626037645
2008-05-19,2839.258239500287
2008-05-20,2797.349880825183
2008-05-21,2751.922002136928
2008-05-22,2703.756718994001
2008-05-23,2653.6361469548783
2008-05-24,2602.3424015780392
2008-05-25,2550.657598421961
2008-05-26,2499.363853045122
2008-05-27,2449.243281006
2008-05-28,2401.077997863072
2008-05-29,2355.650119174817
2008-05-30,2313.741760499712
2008-05-31,2276.1350373962355
2008-06-01,2243.6120654228653
2008-06-02,2216.9549601380786
2008-06-03,2196.9458371003534
2008-06-04,2184.366811868168
2008-06-05,2180.0
2008-06-06,2235.0
2008-06-07,2185.78125
2008-06-08,2077.5
2008-06-09,1969.21875
2008-06-10,1920.0
2008-06-11,2109.0
2008-06-12,2298.0
2008-06-13,2283.421846152008
2008-06-14,2242.82111982642
2008-06-15,2180.8984238508206
2008-06-16,2102.354361052795
2008-06-17,2011.8895342599267
2008-06-18,1914.2045462998003
2008-06-19,1814.0
2008-06-20,1667.7378764858042
2008-06-21,1456.0911485684958
2008-06-22,1220.0769066046682
2008-06-23,1000.7122409509145
2008-06-24,839.0142419638275
2008-06-25,776.0
2008-06-26,2275.5
2008-06-27,1868.0
2008-06-28,1603.8532124036358
2008-06-29,1397.3710506462621
2008-06-30,1314.0
2008-07-01,1664.6
2008-07-02,1664.3200343834326
2008-07-03,1663.4892052460093
2008-07-04,1662.1211141561455
2008-07-05,1660.2293626822573
2008-07-06,1657.8275523927618
2008-07-07,1654.9292848560738
2008-07-08,1651.5481616406112
2008-07-09,1647.6977843147884
2008-07-10,1643.3917544470232
2008-07-11,1638.6436736057312
2008-07-12,1633.4671433593278
2008-07-13,1627.8757652762301
2008-07-14,1621.883140924855
2008-07-15,1615.5028718736173
2008-07-16,1608.7485596909335
2008-07-17,1601.633805945221
2008-07-18,1594.1722122048943
2008-07-19,1586.3773800383706
2008-07-20,1578.2629110140665
2008-07-21,1569.842406700397
2008-07-22,1561.1294686657789
2008-07-23,1552.1376984786293
2008-07-24,1542.8806977073627
2008-07-25,1533.3720679203964
2008-07-26,1523.6254106861475
2008-07-27,1513.6543275730296
2008-07-28,1503.472420149461
2008-07-29,1493.0932899838574
2008-07-30,1482.5305386446348
2008-07-31,1471.7977677002095
2008-08-01,1460.9085787189986
2008-08-02,1449.8765732694164
2008-08-03,1438.7153529198806
2008-08-04,1427.4385192388074
2008-08-05,1416.059673794612
2008-08-06,1404.5924181557116
2008-08-07,1393.050353890522
2008-08-08,1381.4470825674596
2008-08-09,1369.7962057549398
2008-08-10,1358.1113250213803
2008-08-11,1346.4060419351965
2008-08-12,1334.6939580648038
2008-08-13,1322.9886749786197
2008-08-14,1311.3037942450599
2008-08-15,1299.6529174325406
2008-08-16,1288.0496461094779
2008-08-17,1276.507581844288
2008-08-18,1265.0403262053874
2008-08-19,1253.6614807611927
2008-08-20,1242.3846470801188
2008-08-21,1231.2234267305832
2008-08-22,1220.1914212810016
2008-08-23,1209.30223229979
2008-08-24,1198.5694613553646
2008-08-25,1188.0067100161423
2008-08-26,1177.6275798505387
2008-08-27,1167.44567242697
2008-08-28,1157.474589313853
2008-08-29,1147.7279320796029
2008-08-30,1138.219302292637
2008-08-31,1128.9623015213706
2008-09-01,1119.9705313342206
2008-09-02,1111.2575932996028
2008-09-03,1102.8370889859334
2008-09-04,1094.7226199616289
2008-09-05,1086.9277877951054
2008-09-06,1079.466194054779
2008-09-07,1072.3514403090662
2008-09-08,1065.5971281263826
2008-09-09,1059.2168590751448
2008-09-10,1053.2242347237695
2008-09-11,1047.6328566406721
2008-09-12,1042.4563263942691
2008-09-13,1037.708245552977
2008-09-14,1033.4022156852116
2008-09-15,1029.551838359389
2008-09-16,1026.170715143926
2008-09-17,1023.2724476072383
2008-09-18,1020.8706373177425
2008-09-19,1018.9788858438544
2008-09-20,1017.6107947539905
2008-09-21,1016.7799656165671
2008-09-22,1016.5
2008-09-23,1162.5
2008-09-24,950.0
2008-09-25,965.4302501374383
2008-09-26,1013.0101337731356
2008-09-27,1094.6733507421661
2008-09-28,1212.3536008796043
2008-09-29,1367.984584020524
2008-09-30,1563.5
2008-10-01,2250.0
2008-10-02,2250.0
2008-10-03,2250.0
2008-10-04,2247.7210299401195
2008-10-05,2240.9725508982033
2008-10-06,2229.8872095808383
2008-10-07,2214.597652694611
2008-10-08,2195.236526946108
2008-10-09,2171.9364790419163
2008-10-10,2144.8301556886227
2008-10-11,2114.050203592815
2008-10-12,2079.729269461078
2008-10-13,2042.0
2008-10-14,1961.5
2008-10-15,1283.0
2008-10-16,1480.5
2008-10-17,2460.0
2008-10-18,2459.933406397225
2008-10-19,2459.6807110247873
2008-10-20,2459.1625420365217
2008-10-21,2458.299527586263
2008-10-22,2457.012295827844
2008-10-23,2455.221474915097
2008-10-24,2452.8476930018564
2008-10-25,2449.8115782419586
2008-10-26,2446.0337587892345
2008-10-27,2441.434862797518
2008-10-28,2435.9355184206433
2008-10-29,2429.456353812444
2008-10-30,2421.917997126754
2008-10-31,2413.2410765174077
2008-11-01,2403.346220138238
2008-11-02,2392.1540561430784
2008-11-03,2379.585212685763
2008-11-04,2365.560317920126
2008-11-05,2350.0
2008-11-06,1409.0
2008-11-07,1050.0
2008-11-08,1157.203703703704
2008-11-09,1356.2962962962963
2008-11-10,1463.5
2008-11-11,1250.0
2008-11-12,1430.5
2008-11-13,1611.0
2008-11-14,1512.0
2008-11-15,1521.8518518518522
2008-11-16,1540.148148148148
2008-11-17,1550.0
2008-11-18,1125.0
2008-11-19,1170.0
2008-11-20,1254.5
2008-11-21,1550.0
2008-11-22,1409.6000000000001
2008-11-23,1074.8
2008-11-24,675.2
2008-11-25,340.4
2008-11-26,200.0
2008-11-27,275.036
2008-11-28,453.96799999999996
2008-11-29,667.5319999999998
2008-11-30,846.4640000000002
2008-12-01,921.5
2008-12-02,509.5
2008-12-03,452.12949012294473
2008-12-04,418.46013752021406
2008-12-05,398.62722719918105
2008-12-06,382.76604416721904
2008-12-07,361.011873431701
2008-12-08,323.5
2008-12-09,248.5
2008-12-10,350.0
2008-12-11,637.7337157622738
2008-12-12,1118.6729302325582
2008-12-13,1645.0952868217055
2008-12-14,2069.2784289405686
2008-12-15,2243.5
2008-12-16,1256.5
2008-12-17,1752.0
2008-12-18,879.5
2008-12-19,2850.0
2008-12-20,2487.4259259259265
2008-12-21,1814.074074074074
2008-12-22,1451.5
2008-12-23,2195.5
2008-12-24,2041.5
2008-12-25,1933.0
2008-12-26,2908.0
2008-12-27,3249.0560873127956
2008-12-28,3470.861376989731
2008-12-29,3550.0
2008-12-30,2041.5
2008-12-31,3813.0
2009-01-01,1959.0
2009-01-02,4559.5
2009-01-03,4266.3240000000005
2009-01-04,3567.212
2009-01-05,2732.788
2009-01-06,2033.6759999999995
2009-01-07,1740.5
2009-01-08,2272.5
2009-01-09,2825.0
2009-01-10,2905.9240200272548
2009-01-11,2940.0408715957274
2009-01-12,3025.0
2009-01-13,3806.5
2009-01-14,3318.6079948546035
2009-01-15,2560.5
2009-01-16,1966.741386577142
2009-01-17,1363.034010290793
2009-01-18,894.4346288590473
2009-01-19,706.0
2009-01-20,3217.0
2009-01-21,1231.0
2009-01-22,1033.5
2009-01-23,4023.0
2009-01-24,3979.851454536695
2009-01-25,3841.853878764521
2009-01-26,3596.1793636100865
2009-01-27,3230.0
2009-01-28,1257.0
2009-01-29,2875.0
2009-01-30,2803.1723484848485
2009-01-31,2615.1262626262624
2009-02-01,2352.0170454545455
2009-02-02,2055.0
2009-02-03,1620.0
2009-02-04,936.5
2009-02-05,2124.0
2009-02-06,1503.0
2009-02-07,1531.0000000000002
2009-02-08,1583.0
2009-02-09,1611.0
2009-02-10,1521.0
2009-02-11,1537.9324444444444
2009-02-12,1585.5795555555555
2009-02-13,1659.2160000000001
2009-02-14,1754.116444444445
2009-02-15,1865.555555555556
2009-02-16,1988.808
2009-02-17,2119.1484444444445
2009-02-18,2251.8515555555555
2009-02-19,2382.192
2009-02-20,2505.4444444444443
2009-02-21,2616.8835555555556
2009-02-22,2711.7839999999997
2009-02-23,2785.420444444444
2009-02-24,2833.0675555555554
2009-02-25,2850.0
2009-02-26,2382.0
2009-02-27,2490.28125
2009-02-28,2728.5
2009-03-01,2966.71875
2009-03-02,3075.0
2009-03-03,2493.0
2009-03-04,1550.0
2009-03-05,2950.0
2009-03-06,3182.5
2009-03-07,3737.2806162002657
2009-03-08,4448.362530322354
2009-03-09,4800.0
2009-03-10,4679.213196868521
2009-03-11,4350.128282120642
2009-03-12,3862.658497726205
2009-03-13,3266.7170856550474
2009-03-14,2612.2172878770084
2009-03-15,1949.072346361928
2009-03-16,1327.1955030796457
2009-03-17,796.5
2009-03-18,345.0
2009-03-19,1741.5
2009-03-20,4710.0
2009-03-21,4683.004697993801
2009-03-22,4589.262527983468
2009-03-23,4409.639093981402
2009-03-24,4125.0
2009-03-25,715.0
2009-03-26,756.9490740740739
2009-03-27,872.925925925926
2009-03-28,1048.125
2009-03-29,1267.7407407407409
2009-03-30,1516.9675925925924
2009-03-31,1781.0
2009-04-01,2045.0324074074074
2009-04-02,2294.259259259259
2009-04-03,2513.875
2009-04-04,2689.074074074074
2009-04-05,2805.050925925926
2009-04-06,2847.0
2009-04-07,2103.0
2009-04-08,1359.0
2009-04-09,1792.5
2009-04-10,2400.0
2009-04-11,1863.0056527115355
2009-04-12,842.677972089737
2009-04-13,225.0
2009-04-14,124.74364069952304
2009-04-15,85.0
2009-04-16,2397.0
2009-04-17,3450.0
2009-04-18,2983.333333333334
2009-04-19,2116.6666666666665
2009-04-20,1650.0
2009-04-21,1686.0
2009-04-22,1389.0
2009-04-23,1669.5
2009-04-24,1950.0
2009-04-25,1665.3333333333337
2009-04-26,1136.6666666666667
2009-04-27,852.0
2009-04-28,2089.5
2009-04-29,1077.0
2009-04-30,1552.0
2009-05-01,1750.5686407842109
2009-05-02,1903.1026806970765
2009-05-03,2000.9603802614038
2009-05-04,2035.5
2009-05-05,1708.5
2009-05-06,1137.5
2009-05-07,1821.0
2009-05-08,1650.0
2009-05-09,1713.984375
2009-05-10,1854.75
2009-05-11,1995.515625
2009-05-12,2059.5
2009-05-13,861.0
2009-05-14,2100.0
2009-05-15,1350.0
2009-05-16,1385.15625
2009-05-17,1462.5
2009-05-18,1539.84375
2009-05-19,1575.0
2009-05-20,1385.0
2009-05-21,1878.0
2009-05-22,2139.0
2009-05-23,2329.788771103259
2009-05-24,2485.561052218296
2009-05-25,2550.0
2009-05-26,1950.0
2009-05-27,1336.0
2009-05-28,1403.703703703704
2009-05-29,1572.9629629629633
2009-05-30,1793.0
2009-05-31,2013.0370370370374
2009-06-01,2182.2962962962965
2009-06-02,2250.0
2009-06-03,1775.0
2009-06-04,3900.0
2009-06-05,2766.0
2009-06-06,2399.1863876567018
2009-06-07,2077.8323162970105
2009-06-08,1800.3249257473478
2009-06-09,1565.051355834137
2009-06-10,1370.3987463837993
2009-06-11,1214.754237222758
2009-06-12,1096.5049681774349
2009-06-13,1014.0380790742527
2009-06-14,965.7407097396335
2009-06-15,950.0
2009-06-16,1566.0
2009-06-17,1529.444444444445
2009-06-18,1461.5555555555557
2009-06-19,1425.0
2009-06-20,1659.375
2009-06-21,2175.0
2009-06-22,2690.625
2009-06-23,2925.0
2009-06-24,1665.0
2009-06-25,1810.5
2009-06-26,1956.0
2009-06-27,1942.8466435185182
2009-06-28,1906.4814814814815
2009-06-29,1851.546875
2009-06-30,1782.6851851851854
2009-07-01,1704.5387731481478
2009-07-02,1621.75
2009-07-03,1538.961226851852
2009-07-04,1460.8148148148148
2009-07-05,1391.953125
2009-07-06,1337.0185185185185
2009-07-07,1300.6533564814813
2009-07-08,1287.5
2009-07-09,1318.5
2009-07-10,1800.0
2009-07-11,2002.4105691056916
2009-07-12,2140.455284552846
2009-07-13,2191.5
2009-07-14,1823.0
2009-07-15,1454.5
2009-07-16,2700.0
2009-07-17,2434.5
2009-07-18,2419.9946527093807
2009-07-19,2415.170650115731
2009-07-20,2400.0
2009-07-21,1650.0
2009-07-22,1666.0740551583249
2009-07-23,1708.5
2009-07-24,1855.5
2009-07-25,1800.2566327548375
2009-07-26,1680.346598843008
2009-07-27,1564.5
2009-07-28,1477.5
2009-07-29,1665.0
2009-07-30,1810.103323699422
2009-07-31,1884.0
2009-08-01,1837.0980392156869
2009-08-02,1738.1960784313728
2009-08-03,1650.0
2009-08-04,1596.0
2009-08-05,1636.0
2009-08-06,1676.0
2009-08-07,1634.0
2009-08-08,1644.8888888888894
2009-08-09,1665.1111111111113
2009-08-10,1676.0
2009-08-11,1483.5
2009-08-12,1470.0
2009-08-13,2686.5
2009-08-14,2571.3720000000003
2009-08-15,2296.8360000000002
2009-08-16,1969.1640000000002
2009-08-17,1694.628
2009-08-18,1579.5
2009-08-19,1839.0
2009-08-20,1506.75
2009-08-21,1174.5
2009-08-22,1210.359375
2009-08-23,1289.25
2009-08-24,1368.140625
2009-08-25,1404.0
2009-08-26,1316.0
2009-08-27,1316.0
2009-08-28,2109.0
2009-08-29,1976.4461850884832
2009-08-30,1688.5590368436324
2009-08-31,1410.0
2009-09-01,1200.0
2009-09-02,1228.2902001380264
2009-09-03,1288.2470669427194
2009-09-04,1342.5
2009-09-05,1372.9667019294718
2009-09-06,1399.470670939689
2009-09-07,1441.5
2009-09-08,1555.0
2009-09-09,1107.5
2009-09-10,1407.0
2009-09-11,1614.0
2009-09-12,1610.20877221412
2009-09-13,1597.750877761573
2009-09-14,1575.0
2009-09-15,1387.5
2009-09-16,1647.0
2009-09-17,1867.5
2009-09-18,1763.203125
2009-09-19,1533.75
2009-09-20,1304.296875
2009-09-21,1200.0
2009-09-22,1312.5
2009-09-23,1184.0
2009-09-24,900.0
2009-09-25,863.6197812562463
2009-09-26,840.03702778333
2009-09-27,827.3107604187487
2009-09-28,823.5
2009-09-29,1184.0
2009-09-30,1530.0
2009-10-01,1816.5
2009-10-02,1739.625
2009-10-03,1570.5
2009-10-04,1401.375
2009-10-05,1324.5
2009-10-06,1375.5
2009-10-07,9.0
2009-10-08,2592.0
2009-10-09,3000.0
2009-10-10,2950.2160030052587
2009-10-11,2813.7114951164535
2009-10-12,2609.757700976709
2009-10-13,2357.625845229151
2009-10-14,2076.5871525169046
2009-10-15,1785.9128474830954
2009-10-16,1504.8741547708491
2009-10-17,1252.7422990232908
2009-10-18,1048.788504883546
2009-10-19,912.2839969947407
2009-10-20,862.5
2009-10-21,1204.0
2009-10-22,112.5
2009-10-23,1620.0
2009-10-24,1571.7020202020205
2009-10-25,1450.4040404040406
2009-10-26,1291.5
2009-10-27,1029.0
2009-10-28,257.5
2009-10-29,300.0
2009-10-30,435.0
2009-10-31,594.0352348993289
2009-11-01,769.1979865771812
2009-11-02,910.761744966443
2009-11-03,969.0
2009-11-04,821.0
2009-11-05,886.5
2009-11-06,480.0
2009-11-07,486.6111111111112
2009-11-08,498.8888888888889
2009-11-09,505.5
2009-11-10,135.0
2009-11-11,577.5
2009-11-12,1020.0
2009-11-13,955.7280000000002
2009-11-14,802.464
2009-11-15,619.536
2009-11-16,466.27200000000005
2009-11-17,402.0
2009-11-18,484.5
2009-11-19,175.5
2009-11-20,330.0
2009-11-21,495.6131585682426
2009-11-22,652.6676903952324
2009-11-23,722.5
2009-11-24,57.5
2009-11-25,45.0
2009-11-26,1888.0
2009-11-27,1884.9694237955694
2009-11-28,1874.2101301215184
2009-11-29,1853.2207713867083
2009-11-30,1819.5
2009-12-01,1264.0
2009-12-02,849.5
2009-12-03,1249.0
2009-12-04,1700.5
2009-12-05,1009.5
2009-12-06,1018.1145496896348
2009-12-07,1042.7496893458206
2009-12-08,1081.5926548494797
2009-12-09,1132.8306820815333
2009-12-10,1194.6510069229043
2009-12-11,1265.2408652545146
2009-12-12,1342.7874929572858
2009-12-13,1425.47812591214
2009-12-14,1511.5
2009-12-15,1640.5
2009-12-16,1663.2237230899113
2009-12-17,1671.0
2009-12-18,1261.5
2009-12-19,1265.0000000000002
2009-12-20,1271.5
2009-12-21,1275.0
2009-12-22,1230.0
2009-12-23,697.5
2009-12-24,913.5
2009-12-25,1590.0
2009-12-26,1615.4017462369711
2009-12-27,1628.367539785152
2009-12-28,1632.0
2009-12-29,1296.0
2009-12-30,731.5
2009-12-31,2250.0
2010-01-01,1639.5
2010-01-02,1640.586625154051
2010-01-03,1644.451028085879
2010-01-04,1652.0
2010-01-05,1836.5
2010-01-06,1018.5
2010-01-07,2050.0
2010-01-08,1951.640625
2010-01-09,1735.25
2010-01-10,1518.859375
2010-01-11,1420.5
2010-01-12,2172.0
2010-01-13,1518.0
2010-01-14,1434.127606005243
2010-01-15,1374.763556755898
2010-01-16,1336.535704503932
2010-01-17,1316.0719015013105
2010-01-18,1310.0
2010-01-19,1597.0
2010-01-20,602.0
2010-01-21,1532.5
2010-01-22,2223.0
2010-01-23,2392.488619544782
2010-01-24,2494.744309772391
2010-01-25,2529.0
2010-01-26,1858.75
2010-01-27,1188.5
2010-01-28,2453.0
2010-01-29,2619.5
2010-01-30,2359.8518518518526
2010-01-31,1877.6481481481483
2010-02-01,1618.0
2010-02-02,2158.0
2010-02-03,663.0
2010-02-04,2910.0
2010-02-05,2352.0
2010-02-06,2090.559824590198
2010-02-07,1908.4462094126154
2010-02-08,1776.0
2010-02-09,1684.0
2010-02-10,1599.0
2010-02-11,2860.5
2010-02-12,2770.5
2010-02-13,2572.5
2010-02-14,2374.5
2010-02-15,2284.5
2010-02-16,2433.0
2010-02-17,1132.0
2010-02-18,2555.0
2010-02-19,2548.5219827586207
2010-02-20,2528.308620689655
2010-02-21,2493.190948275862
2010-02-22,2442.0
2010-02-23,2212.5
2010-02-24,1152.5
2010-02-25,87.0
2010-02-26,97.0
2010-02-27,404.0581450500173
2010-02-28,1058.2183511555709
2010-03-01,1708.2693816833391
2010-03-02,2003.0
2010-03-03,533.5
2010-03-04,169.5
2010-03-05,189.17454261888759
2010-03-06,252.5904469837002
2010-03-07,366.33612785666276
2010-03-08,537.0
2010-03-09,1515.0
2010-03-10,474.0
2010-03-11,322.5
2010-03-12,837.0
2010-03-13,846.9989761867215
2010-03-14,853.0798776218261
2010-03-15,856.6112909635705
2010-03-16,858.9618028702097
2010-03-17,861.5
2010-03-18,864.0
2010-03-19,650.0
2010-03-20,666.8518518518521
2010-03-21,698.1481481481483
2010-03-22,715.0
2010-03-23,475.0
2010-03-24,402.79972502554017
2010-03-25,354.0
2010-03-26,300.0
2010-03-27,303.23739269288717
2010-03-28,312.6011723098882
2010-03-29,327.56874115851235
2010-03-30,347.6175015462692
2010-03-31,372.22485578066767
2010-04-01,400.86820616921733
2010-04-02,433.0249550194275
2010-04-03,468.17250463880737
2010-04-04,505.78825733486656
2010-04-05,545.3496154151138
2010-04-06,586.333981187059
2010-04-07,628.2187569582111
2010-04-08,670.4813450360797
2010-04-09,712.5991477281738
2010-04-10,754.049567342003
2010-04-11,794.3100061850766
2010-04-12,832.8578665649036
2010-04-13,869.1705507889938
2010-04-14,902.725461164856
2010-04-15,933.0
2010-04-16,960.0
2010-04-17,1138.2469922151452
2010-04-18,1424.956829440906
2010-04-19,1575.0
2010-04-20,870.0
2010-04-21,793.5
2010-04-22,931.5
2010-04-23,1031.0
2010-04-24,1144.8345049794966
2010-04-25,1255.667252489748
2010-04-26,1305.5
2010-04-27,936.0
2010-04-28,1119.0
2010-04-29,1390.0
2010-04-30,1638.0
2010-05-01,1547.4444444444446
2010-05-02,1321.0555555555559
2010-05-03,1026.75
2010-05-04,732.4444444444445
2010-05-05,506.05555555555554
2010-05-06,415.5
2010-05-07,909.0
2010-05-08,989.7908496732028
2010-05-09,1035.562091503268
2010-05-10,1050.0
2010-05-11,1029.0
2010-05-12,884.5
2010-05-13,619.5
2010-05-14,647.6061066039686
2010-05-15,725.5746176105829
2010-05-16,843.8808198119058
2010-05-17,993.0
2010-05-18,1306.5
2010-05-19,1234.0
2010-05-20,1488.0
2010-05-21,653.0
2010-05-22,675.8148148148149
2010-05-23,718.1851851851852
2010-05-24,741.0
2010-05-25,645.5
2010-05-26,1206.0
2010-05-27,965.0
2010-05-28,842.0
2010-05-29,932.8703703703704
2010-05-30,1101.6296296296296
2010-05-31,1192.5
2010-06-01,821.0
2010-06-02,851.5
2010-06-03,1072.5
2010-06-04,1315.5
2010-06-05,1315.3357224251852
2010-06-06,1314.7270004059255
2010-06-07,1313.5
2010-06-08,1062.0
2010-06-09,939.0
2010-06-10,1041.0
2010-06-11,938.0
2010-06-12,1067.3703703703707
2010-06-13,1307.6296296296296
2010-06-14,1437.0
2010-06-15,964.0
2010-06-16,565.0
2010-06-17,968.0
2010-06-18,966.491253644315
2010-06-19,962.2667638483966
2010-06-20,955.7791545189503
2010-06-21,947.4810495626821
2010-06-22,937.8250728862972
2010-06-23,927.2638483965013
2010-06-24,916.25
2010-06-25,905.2361516034985
2010-06-26,894.6749271137027
2010-06-27,885.0189504373178
2010-06-28,876.7208454810495
2010-06-29,870.2332361516035
2010-06-30,866.0087463556852
2010-07-01,864.5
2010-07-02,1856.0
2010-07-03,1796.3703703703707
2010-07-04,1685.6296296296296
2010-07-05,1626.0
2010-07-06,1918.5
2010-07-07,1451.0
2010-07-08,1231.0
2010-07-09,1384.5
2010-07-10,1477.3832213538096
2010-07-11,1548.2749440102382
2010-07-12,1576.5
2010-07-13,1224.0
2010-07-14,1186.5
2010-07-15,1449.4388531356021
2010-07-16,1756.0
2010-07-17,1832.6272240552257
2010-07-18,1883.535834249835
2010-07-19,1902.0
2010-07-20,1271.0
2010-07-21,1355.5
2010-07-22,1440.0
2010-07-23,907.0
2010-07-24,982.9629629629632
2010-07-25,1124.037037037037
2010-07-26,1200.0
2010-07-27,957.0
2010-07-28,1059.0
2010-07-29,1095.1369754402788
2010-07-30,1119.2044770506648
2010-07-31,1135.6882226124671
2010-08-01,1149.0739299069935
2010-08-02,1163.8473167155526
2010-08-03,1184.494100819452
2010-08-04,1215.5
2010-08-05,1279.5
2010-08-06,1269.0
2010-08-07,1300.171875
2010-08-08,1368.75
2010-08-09,1437.328125
2010-08-10,1468.5
2010-08-11,1141.5
2010-08-12,900.0
2010-08-13,1232.5
2010-08-14,1245.494600867898
2010-08-15,1252.136189322838
2010-08-16,1254.0
2010-08-17,1212.0
2010-08-18,1235.0
2010-08-19,1286.298076923077
2010-08-20,1323.0
2010-08-21,990.8888888888891
2010-08-22,374.1111111111112
2010-08-23,42.0
2010-08-24,275.8228571428572
2010-08-25,706.0
2010-08-26,1166.0
2010-08-27,1360.5
2010-08-28,1339.1799094025464
2010-08-29,1290.2714250734575
2010-08-30,1236.3522282076397
2010-08-31,1200.0
2010-09-01,1180.4146873979757
2010-09-02,1162.3507998694095
2010-09-03,1146.717862389814
2010-09-04,1134.4253999347047
2010-09-05,1126.382937479595
2010-09-06,1123.5
2010-09-07,1131.0229597186121
2010-09-08,1147.768141659446
2010-09-09,1165.0
2010-09-10,1178.0221697826914
2010-09-11,1189.0922457660336
2010-09-12,1199.9056217016694
2010-09-13,1212.1576913412414
2010-09-14,1227.5438484363922
2010-09-15,1247.7594867387643
2010-09-16,1274.5
2010-09-17,1346.0
2010-09-18,1330.6351968288336
2010-09-19,1283.1592825465555
2010-09-20,1201.5
2010-09-21,786.5
2010-09-22,795.8263319672132
2010-09-23,826.5
2010-09-24,1289.5
2010-09-25,1388.02110478987
2010-09-26,1446.010552394935
2010-09-27,1465.0
2010-09-28,901.5
2010-09-29,912.5
2010-09-30,966.4560204953032
2010-10-01,1012.0
2010-10-02,937.9814814814816
2010-10-03,800.5185185185186
2010-10-04,726.5
2010-10-05,900.0
2010-10-06,953.2239548175153
2010-10-07,986.806421853202
2010-10-08,998.5
2010-10-09,927.5950967283827
2010-10-10,789.5790823456539
2010-10-11,696.5
2010-10-12,674.0
2010-10-13,509.5
2010-10-14,469.0
2010-10-15,747.0
2010-10-16,729.7384552728668
2010-10-17,675.2546883235111
2010-10-18,579.5
2010-10-19,13.5
2010-10-20,398.0
2010-10-21,912.5
2010-10-22,1220.0
2010-10-23,1036.09375
2010-10-24,631.5
2010-10-25,226.90625
2010-10-26,43.0
2010-10-27,515.5
2010-10-28,703.0
2010-10-29,881.0
2010-10-30,990.0510435176477
2010-10-31,1073.636632869935
2010-11-01,1107.0
2010-11-02,1061.83984375
2010-11-03,942.78125
2010-11-04,774.45703125
2010-11-05,581.5
2010-11-06,388.54296875
2010-11-07,220.21875
2010-11-08,101.16015625
2010-11-09,56.0
2010-11-10,619.5
2010-11-11,423.0
2010-11-12,725.5
2010-11-13,604.4721602673256
2010-11-14,364.2220983124286
2010-11-15,189.0
2010-11-16,130.5
2010-11-17,684.75
2010-11-18,1239.0
2010-11-19,133.5
2010-11-20,314.3333333333333
2010-11-21,650.1666666666666
2010-11-22,831.0
2010-11-23,87.0
2010-11-24,738.5
2010-11-25,665.0
2010-11-26,623.0
2010-11-27,450.64472143693433
2010-11-28,195.5168051629116
2010-11-29,64.5
2010-11-30,1068.0
2010-12-01,26.0
2010-12-02,860.0
2010-12-03,1163.5
2010-12-04,1129.925925925926
2010-12-05,1067.5740740740744
2010-12-06,1034.0
2010-12-07,1288.5
2010-12-08,1359.2620497848802
2010-12-09,1401.3227769281636
2010-12-10,1432.0
2010-12-11,1463.299886174591
2010-12-12,1489.205498642851
2010-12-13,1500.0
2010-12-14,979.0
2010-12-15,933.5
2010-12-16,1032.0
2010-12-17,981.375
2010-12-18,870.0
2010-12-19,758.625
2010-12-20,708.0
2010-12-21,1272.5
2010-12-22,807.0
2010-12-23,896.0
2010-12-24,1098.0
2010-12-25,980.814814814815
2010-12-26,763.1851851851852
2010-12-27,646.0
2010-12-28,775.5
2010-12-29,443.5
2010-12-30,692.0
2010-12-31,804.0
2011-01-01,1009.7919376412528
2011-01-02,1250.951524376182
2011-01-03,1367.0
2011-01-04,1130.25
2011-01-05,893.5
2011-01-06,923.0
2011-01-07,1396.0
2011-01-08,1354.1307164634145
2011-01-09,1260.0152439024391
2011-01-10,1160.892149390244
2011-01-11,1104.0
2011-01-12,1090.5
2011-01-13,1054.5
2011-01-14,1590.5
2011-01-15,1494.2703343820262
2011-01-16,1293.2628909862742
2011-01-17,1119.0
2011-01-18,1020.0
2011-01-19,619.0
2011-01-20,926.0
2011-01-21,615.5
2011-01-22,708.5
2011-01-23,785.8063079676853
2011-01-24,899.0
2011-01-25,1305.5
2011-01-26,1227.25
2011-01-27,1149.0
2011-01-28,1350.0
2011-01-29,1489.6140005966445
2011-01-30,1601.696848545313
2011-01-31,1653.0
2011-02-01,1661.3876097447528
2011-02-02,1666.6660270945983
2011-02-03,1668.5
2011-02-04,1639.984375
2011-02-05,1577.25
2011-02-06,1514.515625
2011-02-07,1486.0
2011-02-08,1518.0
2011-02-09,143.5
2011-02-10,290.3123627347757
2011-02-11,658.357088204327
2011-02-12,1139.0456323064907
2011-02-13,1623.7894509391028
2011-02-14,2004.0
2011-02-15,2260.5
2011-02-16,2428.586328480437
2011-02-17,2509.5
2011-02-18,2269.0
2011-02-19,2344.574074074075
2011-02-20,2484.925925925926
2011-02-21,2560.5
2011-02-22,2158.5
2011-02-23,1347.5
2011-02-24,1708.0
2011-02-25,2645.0
2011-02-26,1965.7407407407416
2011-02-27,704.2592592592595
2011-02-28,25.0
2011-03-01,2763.0
2011-03-02,2686.25
2011-03-03,2609.5
2011-03-04,2643.171875
2011-03-05,2717.25
2011-03-06,2791.328125
2011-03-07,2825.0
2011-03-08,2417.9874355670104
2011-03-09,1537.0
2011-03-10,14.0
2011-03-11,2375.5
2011-03-12,2366.3164565952593
2011-03-13,2333.244024301629
2011-03-14,2268.0
2011-03-15,58.5
2011-03-16,2014.0
2011-03-17,1495.0
2011-03-18,232.0
2011-03-19,187.23174619304123
2011-03-20,169.7490608694464
2011-03-21,139.0
2011-03-22,45.0
2011-03-23,121.0
2011-03-24,925.9569120556322
2011-03-25,1667.5
2011-03-26,1644.1277235161533
2011-03-27,1580.042449286251
2011-03-28,1484.29151014275
2011-03-29,1365.9222389181068
2011-03-30,1233.981968444778
2011-03-31,1097.5180315552218
2011-04-01,965.5777610818934
2011-04-02,847.2084898572501
2011-04-03,751.457550713749
2011-04-04,687.3722764838467
2011-04-05,664.0
2011-04-06,678.5
2011-04-07,692.0
2011-04-08,965.0
2011-04-09,854.740145584398
2011-04-10,641.813624502129
2011-04-11,503.0
2011-04-12,475.22983621755253
2011-04-13,450.5
2011-04-14,394.0853820721885
2011-04-15,328.0
2011-04-16,274.29115370337445
2011-04-17,223.86554848814052
2011-04-18,174.5
2011-04-19,126.0
2011-04-20,128.5
2011-04-21,107.0
2011-04-22,114.890625
2011-04-23,132.25
2011-04-24,149.609375
2011-04-25,157.5
2011-04-26,102.0
2011-04-27,824.0
2011-04-28,1124.5
2011-04-29,43.5
2011-04-30,397.64814814814815
2011-05-01,1055.3518518518517
2011-05-02,1409.5
2011-05-03,733.25
2011-05-04,57.0
2011-05-05,166.20000000000002
2011-05-06,426.6
2011-05-07,737.4
2011-05-08,997.8
2011-05-09,1107.0
2011-05-10,15.5
2011-05-11,485.5
2011-05-12,893.5
2011-05-13,1102.5
2011-05-14,1153.9919880260613
2011-05-15,1185.079327346364
2011-05-16,1195.5
2011-05-17,1135.174030172414
2011-05-18,1055.5
2011-05-19,1027.0
2011-05-20,800.5
2011-05-21,881.0000000000002
2011-05-22,1030.5
2011-05-23,1111.0
2011-05-24,575.0
2011-05-25,895.0
2011-05-26,1035.0
2011-05-27,883.0
2011-05-28,940.8148148148151
2011-05-29,1048.1851851851852
2011-05-30,1106.0
2011-05-31,853.5
2011-06-01,977.0
2011-06-02,1100.5
2011-06-03,668.5
2011-06-04,735.2592592592594
2011-06-05,859.2407407407408
2011-06-06,926.0
2011-06-07,686.5
2011-06-08,800.5
2011-06-09,850.5
2011-06-10,928.782132596416
2011-06-11,1026.4313400857031
2011-06-12,1109.7398775321387
2011-06-13,1145.0
2011-06-14,906.5
2011-06-15,788.0
2011-06-16,797.0
2011-06-17,746.0
2011-06-18,815.4814814814816
2011-06-19,944.5185185185185
2011-06-20,1014.0
2011-06-21,788.0
2011-06-22,1121.5
2011-06-23,1147.6
2011-06-24,964.5
2011-06-25,1018.5555555555558
2011-06-26,1118.9444444444443
2011-06-27,1173.0
2011-06-28,844.5
2011-06-29,734.5
2011-06-30,936.5
2011-07-01,1059.275083581874
2011-07-02,1163.8972965172215
2011-07-03,1236.695861193958
2011-07-04,1264.0
2011-07-05,954.0
2011-07-06,666.5
2011-07-07,381.0
2011-07-08,879.0
2011-07-09,944.9283070304529
2011-07-10,972.549881268659
2011-07-11,997.2715148725356
2011-07-12,1054.5
2011-07-13,1284.5
2011-07-14,1561.1405380333952
2011-07-15,1725.0
2011-07-16,1723.2002917347918
2011-07-17,1716.8450279140275
2011-07-18,1704.5
2011-07-19,1444.5
2011-07-20,1072.0
2011-07-21,879.0
2011-07-22,1051.0
2011-07-23,1010.7072158143413
2011-07-24,913.1359088382435
2011-07-25,793.2466474430239
2011-07-26,686.0
2011-07-27,598.0
2011-07-28,760.0
2011-07-29,851.0
2011-07-30,856.5871449617982
2011-07-31,858.5631788124851
2011-08-01,864.0
2011-08-02,930.0
2011-08-03,884.0
2011-08-04,546.0
2011-08-05,886.0
2011-08-06,884.4288681204571
2011-08-07,879.5244029075805
2011-08-08,871.0
2011-08-09,824.5
2011-08-10,929.25
2011-08-11,1034.0
2011-08-12,1006.0
2011-08-13,964.065357402032
2011-08-14,912.7525399129172
2011-08-15,869.313452467344
2011-08-16,851.0
2011-08-17,858.5
2011-08-18,1102.0
2011-08-19,1074.4515427706285
2011-08-20,1007.234628311885
2011-08-21,923.4919424678275
2011-08-22,846.3661710825133
2011-08-23,799.0
2011-08-24,781.0
2011-08-25,792.5
2011-08-26,738.203125
2011-08-27,618.75
2011-08-28,499.296875
2011-08-29,445.0
2011-08-30,715.0
2011-08-31,767.1083745049118
2011-09-01,795.817028681855
2011-09-02,812.1682404253324
2011-09-03,827.2042876298473
2011-09-04,851.9674481899023
2011-09-05,897.5
2011-09-06,1043.0
2011-09-07,795.0
2011-09-08,1004.0
2011-09-09,1002.5011379153392
2011-09-10,998.3286299499318
2011-09-11,991.9685935366407
2011-09-12,983.9071461083295
2011-09-13,974.6304050978608
2011-09-14,964.6244879380974
2011-09-15,954.3755120619026
2011-09-16,944.3695949021394
2011-09-17,935.0928538916705
2011-09-18,927.0314064633592
2011-09-19,920.6713700500683
2011-09-20,916.4988620846609
2011-09-21,915.0
2011-09-22,1131.0
2011-09-23,2081.0
2011-09-24,2048.919464584231
2011-09-25,1965.2833736129057
2011-09-26,1849.0
2011-09-27,1534.1739356760738
2011-09-28,1282.5
2011-09-29,1331.0
2011-09-30,1278.96875
2011-10-01,1164.5
2011-10-02,1050.03125
2011-10-03,998.0
2011-10-04,1165.0
2011-10-05,1284.0
2011-10-06,1.0
2011-10-07,1132.0
2011-10-08,1238.2419753086422
2011-10-09,1295.120987654321
2011-10-10,1312.0
2011-10-11,1031.0
2011-10-12,857.5
2011-10-13,833.5
2011-10-14,998.0
2011-10-15,974.4074074074076
2011-10-16,930.5925925925926
2011-10-17,907.0
2011-10-18,991.0
2011-10-19,3.0
2011-10-20,4.0
2011-10-21,1132.0
2011-10-22,1105.7978963185574
2011-10-23,1033.953418482344
2011-10-24,926.6093163035312
2011-10-25,793.9083395942899
2011-10-26,645.9932381667917
2011-10-27,493.00676183320815
2011-10-28,345.09166040571
2011-10-29,212.39068369646878
2011-10-30,105.04658151765585
2011-10-31,33.20210368144254
2011-11-01,7.0
2011-11-02,717.0
2011-11-03,848.0
2011-11-04,9.0
2011-11-05,170.875
2011-11-06,527.0
2011-11-07,883.125
2011-11-08,1045.0
2011-11-09,64.0
2011-11-10,542.0
2011-11-11,1020.0
2011-11-12,1010.9614781510625
2011-11-13,984.8118451910135
2011-11-14,943.0
2011-11-15,801.0
2011-11-16,617.0
2011-11-17,108.0
2011-11-18,753.5
2011-11-19,695.6328067197634
2011-11-20,581.6545023284154
2011-11-21,501.0
2011-11-22,477.0
2011-11-23,568.5
2011-11-24,715.0
2011-11-25,688.8995740081384
2011-11-26,626.9821973550356
2011-11-27,553.823722024415
2011-11-28,494.0
2011-11-29,454.0
2011-11-30,256.0
2011-12-01,336.75
2011-12-02,417.5
2011-12-03,387.81481481481495
2011-12-04,332.6851851851852
2011-12-05,303.0
2011-12-06,567.5
2011-12-07,832.0
2011-12-08,141.5
2011-12-09,191.5
2011-12-10,190.19650067294756
2011-12-11,185.89300134589502
2011-12-12,178.0
2011-12-13,110.0
2011-12-14,712.0
2011-12-15,726.0
2011-12-16,94.0
2011-12-17,80.29970346520922
2011-12-18,75.008023897944
2011-12-19,66.0
2011-12-20,40.0
2011-12-21,846.5
2011-12-22,867.5
2011-12-23,44.0
2011-12-24,346.6851851851852
2011-12-25,908.8148148148148
2011-12-26,1211.5
2011-12-27,1211.5
2011-12-28,1121.5
2011-12-29,1223.5
2011-12-30,16.0
2011-12-31,509.2407407407407
2012-01-01,1425.2592592592591
2012-01-02,1918.5
2012-01-03,13.0
2012-01-04,1387.0
2012-01-05,4.5
2012-01-06,2.5
2012-01-07,60.5313935604137
2012-01-08,229.29204949443653
2012-01-09,500.7816806812411
2012-01-10,867.0
2012-01-11,1896.5
2012-01-12,4.0
2012-01-13,2137.5
2012-01-14,2173.506800016225
2012-01-15,2191.558955563668
2012-01-16,2196.5
2012-01-17,1181.0
2012-01-18,1958.5
2012-01-19,1647.5
2012-01-20,2337.5
2012-01-21,2337.3808361961273
2012-01-22,2336.9322298563397
2012-01-23,2336.0175085883825
2012-01-24,2334.5
2012-01-25,2135.5
2012-01-26,2285.75
2012-01-27,2436.0
2012-01-28,2273.833333333334
2012-01-29,1972.6666666666667
2012-01-30,1810.5
2012-01-31,2019.0
2012-02-01,2201.0
2012-02-02,1843.5
2012-02-03,1827.0
2012-02-04,1846.2541106128554
2012-02-05,1887.5082212257103
2012-02-06,1926.0
2012-02-07,1959.2141255605382
2012-02-08,1978.0
2012-02-09,1892.5
2012-02-10,2140.5
2012-02-11,2169.71193921194
2012-02-12,2185.6615251615253
2012-02-13,2190.5
2012-02-14,907.0
2012-02-15,959.5032237206151
2012-02-16,1087.117558552341
2012-02-17,1245.0
2012-02-18,1444.3797924407907
2012-02-19,1713.8167854136925
2012-02-20,2034.4638821661993
2012-02-21,2387.473985945804
2012-02-22,2754.0
2012-02-23,3179.5
2012-02-24,3179.5
2012-02-25,2977.507771490402
2012-02-26,2591.6266540919128
2012-02-27,2352.0
2012-02-28,2316.0
2012-02-29,4.0
2012-03-01,2021.0
2012-03-02,4.0
2012-03-03,4.822088014373228
2012-03-04,7.866398250968677
2012-03-05,14.0
2012-03-06,1150.0
2012-03-07,1917.0
2012-03-08,1817.751460099235
2012-03-09,1692.5
2012-03-10,1657.9388643535108
2012-03-11,1641.9678120063024
2012-03-12,1620.1378536559428
2012-03-13,1568.0
2012-03-14,82.5
2012-03-15,1776.5
2012-03-16,1818.0
2012-03-17,1417.8333333333337
2012-03-18,674.6666666666669
2012-03-19,274.5
2012-03-20,1114.5
2012-03-21,1071.5
2012-03-22,998.9125139390462
2012-03-23,900.0502140644019
2012-03-24,787.6316572202347
2012-03-25,674.3754002507116
2012-03-26,573.0
2012-03-27,486.5
2012-03-28,507.5495626822158
2012-03-29,561.8352769679301
2012-03-30,636.0626822157434
2012-03-31,716.9373177842565
2012-04-01,791.16472303207
2012-04-02,845.4504373177842
2012-04-03,866.5
2012-04-04,55.0
2012-04-05,244.43600000000004
2012-04-06,696.168
2012-04-07,1235.3319999999999
2012-04-08,1687.064
2012-04-09,1876.5
2012-04-10,1214.5
2012-04-11,1312.5
2012-04-12,1433.5
2012-04-13,1589.0
2012-04-14,1178.4629629629633
2012-04-15,416.0370370370371
2012-04-16,5.5
2012-04-17,18.5
2012-04-18,16.5
2012-04-19,18.5
2012-04-20,1711.5
2012-04-21,1712.729237817455
2012-04-22,1713.3368411309493
2012-04-23,1713.5
2012-04-24,416.0
2012-04-25,1256.0
2012-04-26,554.0
2012-04-27,1453.5
2012-04-28,1882.9574661116453
2012-04-29,2186.7565108336003
2012-04-30,2302.0
2012-05-01,2178.2622276567363
2012-05-02,1932.0
2012-05-03,1601.0
2012-05-04,1633.5
2012-05-05,1719.3366275905214
2012-05-06,1832.8627582397048
2012-05-07,1889.5
2012-05-08,1177.5
2012-05-09,1837.0
2012-05-10,2036.0
2012-05-11,2524.0
2012-05-12,2478.2328042328045
2012-05-13,2376.910052910053
2012-05-14,2274.0
2012-05-15,2186.5
2012-05-16,2006.0
2012-05-17,1610.0
2012-05-18,1526.0
2012-05-19,1562.8148148148152
2012-05-20,1631.1851851851852
2012-05-21,1668.0
2012-05-22,1299.0
2012-05-23,1334.0
2012-05-24,1545.0
2012-05-25,1407.0
2012-05-26,1255.9411764705885
2012-05-27,1111.4705882352941
2012-05-28,1047.0
2012-05-29,1073.0
2012-05-30,1069.0
2012-05-31,860.0
2012-06-01,1287.0
2012-06-02,1474.5371455204395
2012-06-03,1601.6904526570397
2012-06-04,1714.0
2012-06-05,1822.0
2012-06-06,1874.5
2012-06-07,1792.0
2012-06-08,1410.0
2012-06-09,1440.333333333334
2012-06-10,1496.6666666666667
2012-06-11,1527.0
2012-06-12,1207.0
2012-06-13,1371.5
2012-06-14,1530.0
2012-06-15,1670.0
2012-06-16,1778.3564349325748
2012-06-17,1876.0348797731458
2012-06-18,1998.0
2012-06-19,2240.1908366031894
2012-06-20,2409.5
2012-06-21,2189.5
2012-06-22,2268.0
2012-06-23,2108.6042673107895
2012-06-24,1802.3196457326892
2012-06-25,1607.0
2012-06-26,1572.0
2012-06-27,1286.5
2012-06-28,1227.0
2012-06-29,1239.0
2012-06-30,1324.173896435662
2012-07-01,1491.9629095554058
2012-07-02,1669.0
2012-07-03,1880.0513623301522
2012-07-04,2012.5
2012-07-05,1830.0
2012-07-06,1749.0
2012-07-07,1801.6296296296302
2012-07-08,1899.3703703703704
2012-07-09,1952.0
2012-07-10,1667.5
2012-07-11,1713.0
2012-07-12,1735.0
2012-07-13,1684.0
2012-07-14,1769.5555555555557
2012-07-15,1928.4444444444443
2012-07-16,2014.0
2012-07-17,1911.0
2012-07-18,1257.5
2012-07-19,1640.75
2012-07-20,2024.0
2012-07-21,1783.1481481481487
2012-07-22,1335.851851851852
2012-07-23,1095.0
2012-07-24,2238.0
2012-07-25,2119.0
2012-07-26,1685.0
2012-07-27,2110.0
2012-07-28,2056.40625
2012-07-29,1938.5
2012-07-30,1820.59375
2012-07-31,1767.0
2012-08-01,2035.0
2012-08-02,2009.5
2012-08-03,1984.0
2012-08-04,2061.8125
2012-08-05,2233.0
2012-08-06,2404.1875
2012-08-07,2482.0
2012-08-08,2321.0
2012-08-09,2194.0
2012-08-10,2298.375
2012-08-11,2528.0
2012-08-12,2757.625
2012-08-13,2862.0
2012-08-14,2704.370370370371
2012-08-15,2411.6296296296296
2012-08-16,2254.0
2012-08-17,2262.4814814814818
2012-08-18,2283.6851851851857
2012-08-19,2311.25
2012-08-20,2338.814814814815
2012-08-21,2360.0185185185187
2012-08-22,2368.5
2012-08-23,2236.5
2012-08-24,2049.0
2012-08-25,1948.0054488778276
2012-08-26,1872.1101430729846
2012-08-27,1752.5
2012-08-28,1440.0
2012-08-29,1392.5
2012-08-30,1224.0
2012-08-31,1354.0
2012-09-01,1456.9565035023702
2012-09-02,1543.589362862296
2012-09-03,1580.0
2012-09-04,1069.0
2012-09-05,759.5
2012-09-06,750.0
2012-09-07,850.0
2012-09-08,931.76032365768
2012-09-09,1010.5183163130287
2012-09-10,1126.0
2012-09-11,1383.0
2012-09-12,1439.5
2012-09-13,1681.3538494077834
2012-09-14,1881.0
2012-09-15,1814.6366862917037
2012-09-16,1657.828928138962
2012-09-17,1474.0
2012-09-18,1250.0
2012-09-19,1285.2592592592594
2012-09-20,1350.7407407407409
2012-09-21,1386.0
2012-09-22,1244.3520000000003
2012-09-23,906.5759999999999
2012-09-24,503.4240000000001
2012-09-25,165.64799999999997
2012-09-26,24.0
2012-09-27,1044.0
2012-09-28,1145.0
2012-09-29,27.6
2012-09-30,899.3499999999999
2012-10-01,1771.1
2012-10-02,1334.8500000000001
2012-10-03,898.6
2012-10-04,1079.0
2012-10-05,32.1
2012-10-06,45.6
2012-10-07,797.4969649861
2012-10-08,1575.6
2012-10-09,1620.0
2012-10-10,1736.8
2012-10-11,2185.0
2012-10-12,2265.0
2012-10-13,11.6
2012-10-14,6.447141781375621
2012-10-15,5.0
2012-10-16,1614.0
2012-10-17,1723.0
2012-10-18,2019.0
2012-10-19,2178.0
2012-10-20,11.7
2012-10-21,897.0195836403832
2012-10-22,1827.5
2012-10-23,1880.0
2012-10-24,1855.16182155559
2012-10-25,1777.0
2012-10-26,1033.0
2012-10-27,3.4
2012-10-28,2.8532086210453502
2012-10-29,2.7
2012-10-30,1636.0
2012-10-31,1560.0
2012-11-01,2.0
2012-11-02,6.0
2012-11-03,377.436753531787
2012-11-04,1060.1072656547824
2012-11-05,1427.0
2012-11-06,93.0
2012-11-07,36.0
2012-11-08,1541.5
2012-11-09,1490.5
2012-11-10,1410.5380506180106
2012-11-11,1301.788030606239
2012-11-12,1173.0131288993523
2012-11-13,1032.976534432019
2012-11-14,890.4414361389053
2012-11-15,754.1710229546793
2012-11-16,632.9284838140084
2012-11-17,535.4770076515597
2012-11-18,470.5797834020011
2012-11-19,447.0
2012-11-20,772.5
2012-11-21,990.0
2012-11-22,396.0
2012-11-23,822.5
2012-11-24,862.6330606812533
2012-11-25,884.1220858961822
2012-11-26,890.5
2012-11-27,794.5
2012-11-28,736.8737689932966
2012-11-29,695.0
2012-11-30,665.0
2012-12-01,807.4629629629632
2012-12-02,1072.0370370370372
2012-12-03,1214.5
2012-12-04,349.0
2012-12-05,342.5
2012-12-06,262.0
2012-12-07,232.5
2012-12-08,768.2592592592594
2012-12-09,1763.2407407407406
2012-12-10,2299.0
2012-12-11,1300.0
2012-12-12,2811.0
2012-12-13,3454.5392904310243
2012-12-14,3725.0
2012-12-15,3562.3598135447355
2012-12-16,3209.830738200581
2012-12-17,2870.5
2012-12-18,2618.0
2012-12-19,47.0
2012-12-20,2380.0
2012-12-21,3003.0
2012-12-22,3339.4815733847995
2012-12-23,3586.796342247955
2012-12-24,3683.0
2012-12-25,3460.5352990033225
2012-12-26,3150.5
2012-12-27,3013.0
2012-12-28,2801.5
2012-12-29,2767.0518886299656
2012-12-30,2751.7320846658595
2012-12-31,2717.5
2013-01-01,2513.5
2013-01-02,2598.0
2013-01-03,1775.0
2013-01-04,2558.5
2013-01-05,2671.1740994854204
2013-01-06,2734.003716409377
2013-01-07,2753.5
2013-01-08,2743.5
2013-01-09,2220.0
2013-01-10,3158.5
2013-01-11,2863.34375
2013-01-12,2214.0
2013-01-13,1564.65625
2013-01-14,1269.5
2013-01-15,2652.5
2013-01-16,2492.0
2013-01-17,1608.0
2013-01-18,2466.5
2013-01-19,2494.083605581939
2013-01-20,2508.0973583465247
2013-01-21,2512.0
2013-01-22,2324.5
2013-01-23,2655.5
2013-01-24,2836.0
2013-01-25,2824.1749546802903
2013-01-26,2786.716545814107
2013-01-27,2720.64986404087
2013-01-28,2623.0
2013-01-29,2134.0
2013-01-30,2504.5
2013-01-31,2341.5
2013-02-01,2887.0
2013-02-02,2831.6047994753076
2013-02-03,2687.7651545061694
2013-02-04,2489.0
2013-02-05,2102.5
2013-02-06,2102.5
2013-02-07,53.0
2013-02-08,2483.5
2013-02-09,1871.7004166815834
2013-02-10,728.4563889187218
2013-02-11,92.0
2013-02-12,70.0
2013-02-13,1552.0
2013-02-14,1262.5
2013-02-15,1638.5
2013-02-16,1631.2760390904868
2013-02-17,1610.496522625418
2013-02-18,1577.5
2013-02-19,1255.8182921893972
2013-02-20,698.9091460946985
2013-02-21,403.0
2013-02-22,2123.5
2013-02-23,2046.6899641577068
2013-02-24,1869.8799283154121
2013-02-25,1673.5
2013-02-26,1465.0
2013-02-27,1342.5
2013-02-28,1244.0
2013-03-01,1095.5
2013-03-02,1016.1340152242077
2013-03-03,955.9371527252067
2013-03-04,846.5
2013-03-05,416.0
2013-03-06,320.5
2013-03-07,1003.0
2013-03-08,300.0
2013-03-09,220.87078430451692
2013-03-10,173.78219468754352
2013-03-11,146.42750772679838
2013-03-12,126.5
2013-03-13,111.5
2013-03-14,79.0
2013-03-15,84.0
2013-03-16,68.44444444444446
2013-03-17,39.55555555555556
2013-03-18,24.0
2013-03-19,2553.0
2013-03-20,950.0
2013-03-21,1300.0
2013-03-22,1984.0
2013-03-23,1884.444444444445
2013-03-24,1699.5555555555554
2013-03-25,1600.0
2013-03-26,1604.5782085449805
2013-03-27,1618.0717150113621
2013-03-28,1640.1188406463039
2013-03-29,1670.3579066969655
2013-03-30,1708.4272344105066
2013-03-31,1753.9651450340864
2013-04-01,1806.6099598148644
2013-04-02,1866.0
2013-04-03,1996.5
2013-04-04,2143.5
2013-04-05,1972.0
2013-04-06,1894.1493689858607
2013-04-07,1840.5246485295816
2013-04-08,1737.0
2013-04-09,1254.5
2013-04-10,1319.314814814815
2013-04-11,1439.6851851851852
2013-04-12,1504.5
2013-04-13,1438.474501552951
2013-04-14,1288.7823364392345
2013-04-15,1128.0
2013-04-16,971.0
2013-04-17,1164.0
2013-04-18,960.0
2013-04-19,1163.203125
2013-04-20,1610.25
2013-04-21,2057.296875
2013-04-22,2260.5
2013-04-23,2242.607686567164
2013-04-24,2187.0
2013-04-25,1709.5
2013-04-26,1878.0
2013-04-27,1763.5370370370372
2013-04-28,1550.962962962963
2013-04-29,1436.5
2013-04-30,1584.5
2013-05-01,1302.25
2013-05-02,1020.0
2013-05-03,1038.097029834843
2013-05-04,1091.4254128929142
2013-05-05,1178.5410895045284
2013-05-06,1298.0
2013-05-07,1663.0
2013-05-08,1986.5
2013-05-09,1950.9976328512107
2013-05-10,1864.0
2013-05-11,1456.0412453015517
2013-05-12,806.2984004285536
2013-05-13,467.0
2013-05-14,1451.0
2013-05-15,1817.5
2013-05-16,1795.0
2013-05-17,1507.0
2013-05-18,1284.6993111063107
2013-05-19,1099.4607666642664
2013-05-20,1022.0
2013-05-21,1050.0
2013-05-22,1052.0
2013-05-23,771.0
2013-05-24,910.0
2013-05-25,908.7037037037039
2013-05-26,906.2962962962963
2013-05-27,905.0
2013-05-28,945.0
2013-05-29,1010.0
2013-05-30,802.5
2013-05-31,1033.5
2013-06-01,980.7407407407411
2013-06-02,882.7592592592594
2013-06-03,830.0
2013-06-04,1343.5
2013-06-05,1526.5
2013-06-06,1149.0
2013-06-07,1102.0
2013-06-08,1175.1111111111115
2013-06-09,1310.8888888888887
2013-06-10,1384.0
2013-06-11,965.0
2013-06-12,770.5
2013-06-13,941.0
2013-06-14,1131.0
2013-06-15,1192.8625552158678
2013-06-16,1229.0743408127594
2013-06-17,1290.0
2013-06-18,1470.0
2013-06-19,1519.5
2013-06-20,1293.0
2013-06-21,925.5
2013-06-22,938.5925925925927
2013-06-23,962.9074074074074
2013-06-24,976.0
2013-06-25,706.0
2013-06-26,828.0
2013-06-27,909.0
2013-06-28,929.5
2013-06-29,936.8514359854539
2013-06-30,941.2737760277271
2013-07-01,951.5
2013-07-02,1057.0
2013-07-03,966.0
2013-07-04,908.0
2013-07-05,1029.5
2013-07-06,1119.6428359577221
2013-07-07,1201.890854184642
2013-07-08,1261.8184453192407
2013-07-09,1285.0
2013-07-10,1146.7
2013-07-11,764.6
2013-07-12,789.1
2013-07-13,858.9170724553578
2013-07-14,959.3392521630137
2013-07-15,1030.3
2013-07-16,1056.3
2013-07-17,987.7
2013-07-18,1327.9
2013-07-19,1310.8303884659963
2013-07-20,1258.0631653979876
2013-07-21,1167.2607480969816
2013-07-22,1036.0855538639835
2013-07-23,862.2
2013-07-24,202.4
2013-07-25,1025.2
2013-07-26,1008.8
2013-07-27,968.5013419141715
2013-07-28,901.7349469577039
2013-07-29,818.5
2013-07-30,696.4
2013-07-31,587.7
2013-08-01,458.0
2013-08-02,506.1
2013-08-03,596.2555109326195
2013-08-04,702.6721999107542
2013-08-05,754.0
2013-08-06,721.8000000000001
2013-08-07,689.6
2013-08-08,729.5
2013-08-09,741.3271878035696
2013-08-10,746.9642023436888
2013-08-11,753.1191157119638
2013-08-12,766.5
2013-08-13,835.0
2013-08-14,585.4
2013-08-15,677.95
2013-08-16,770.5
2013-08-17,4.9
2013-08-18,353.0
2013-08-19,701.1
2013-08-20,60.9
2013-08-21,375.9
2013-08-22,354.1
2013-08-23,424.9
2013-08-24,0.1
2013-08-25,61.60284939256237
2013-08-26,182.3
2013-08-27,338.0
2013-08-28,197.04999999999998
2013-08-29,56.1
2013-08-30,266.3
2013-08-31,373.0567296907547
2013-09-01,459.27264861400414
2013-09-02,516.9022432302515
2013-09-03,537.9
2013-09-04,243.3
2013-09-05,317.30000000000007
2013-09-06,391.3
2013-09-07,0.5
2013-09-08,71.1056607687976
2013-09-09,217.44465487092853
2013-09-10,341.3
2013-09-11,407.2
2013-09-12,377.9
2013-09-13,409.8
2013-09-14,370.0814814814816
2013-09-15,296.31851851851854
2013-09-16,256.6
2013-09-17,300.0
2013-09-18,273.2457555450886
2013-09-19,230.1
2013-09-20,192.64392502355057
2013-09-21,152.85848890982277
2013-09-22,121.26880834118353
2013-09-23,108.4
2013-09-24,123.9
2013-09-25,164.0437472355141
2013-09-26,220.0
2013-09-27,279.5
2013-09-28,207.2444444444445
2013-09-29,73.05555555555559
2013-09-30,0.8
2013-10-01,253.7
2013-10-02,128.35
2013-10-03,3.0
2013-10-04,3.1875
2013-10-05,3.6
2013-10-06,4.0125
2013-10-07,4.2
2013-10-08,0.6
2013-10-09,122.4
2013-10-10,101.2
2013-10-11,95.94721805873981
2013-10-12,93.77107021635913
2013-10-13,91.20938726579892
2013-10-14,84.8
2013-10-15,8.3
2013-10-16,20.07039667923646
2013-10-17,45.95190446958402
2013-10-18,71.8
2013-10-19,97.5703177526382
2013-10-20,123.30738109854133
2013-10-21,135.0
2013-10-22,34.7
2013-10-23,86.9
2013-10-24,35.4
2013-10-25,116.3
2013-10-26,89.92997497695248
2013-10-27,40.35994995390492
2013-10-28,11.9
2013-10-29,10.0
2013-10-30,130.0
2013-10-31,80.0
2013-11-01,62.36086342254086
2013-11-02,48.636523958420035
2013-11-03,38.18262474587152
2013-11-04,30.354808923129358
2013-11-05,24.508719628427514
2013-11-06,20.0
2013-11-07,16.052914933837435
2013-11-08,12.504529300567109
2013-11-09,9.629686200378075
2013-11-10,7.703228733459357
2013-11-11,7.0
2013-11-12,400.0
2013-11-13,400.0
2013-11-14,350.0
2013-11-15,0.5
2013-11-16,266.08518518518525
2013-11-17,759.3148148148149
2013-11-18,1024.9
2013-11-19,880.6
2013-11-20,742.8
2013-11-21,865.6
2013-11-22,1199.4
2013-11-23,1110.7592592592598
2013-11-24,946.1407407407409
2013-11-25,857.5
2013-11-26,1166.1
2013-11-27,1239.1
2013-11-28,1296.2
2013-11-29,1425.5
2013-11-30,1202.90625
2013-12-01,713.1999999999999
2013-12-02,223.49374999999998
2013-12-03,0.9
2013-12-04,1463.3
2013-12-05,1680.0
2013-12-06,1717.1
2013-12-07,1715.7274224302305
2013-12-08,1711.0881781937942
2013-12-09,1702.4
2013-12-10,1606.7
2013-12-11,1259.0
2013-12-12,1297.4
2013-12-13,2146.0
2013-12-14,2052.150307292148
2013-12-15,1874.9450590287404
2013-12-16,1770.9
2013-12-17,1761.5
2013-12-18,1753.9
2013-12-19,1739.1
2013-12-20,1954.6
2013-12-21,207.9
2013-12-22,682.4377681877253
2013-12-23,1500.0
2013-12-24,2221.8
2013-12-25,2030.9
2013-12-26,1840.0
2013-12-27,2364.5
2013-12-28,2360.6334523101336
2013-12-29,2346.766904620266
2013-12-30,2319.5
2013-12-31,1500.0
2014-01-01,2091.25
2014-01-02,2682.5
2014-01-03,2475.0
2014-01-04,1162.0
2014-01-05,1977.75
2014-01-06,2793.5
2014-01-07,2482.0
2014-01-08,2550.5
2014-01-09,2330.5
2014-01-10,2412.5
2014-01-11,1059.5
2014-01-12,1716.6385001794044
2014-01-13,2399.5
2014-01-14,2439.111499820596
2014-01-15,2453.0
2014-01-16,2171.5
2014-01-17,2307.0
2014-01-18,1500.0
2014-01-19,1855.25
2014-01-20,2210.5
2014-01-21,1903.5
2014-01-22,1677.0
2014-01-23,1879.5
2014-01-24,2067.0
2014-01-25,912.0
2014-01-26,1442.75
2014-01-27,1973.5
2014-01-28,1800.0
2014-01-29,2394.0
2014-01-30,2799.260718424102
2014-01-31,2997.0
2014-02-01,893.0
2014-02-02,1514.0
2014-02-03,2135.0
2014-02-04,1500.0
2014-02-05,83.0
2014-02-06,1745.0
2014-02-07,1200.0
2014-02-08,724.0991821879647
2014-02-09,308.07678632744245
2014-02-10,128.0
2014-02-11,126.0
2014-02-12,141.0
2014-02-13,135.52659574468086
2014-02-14,120.0
2014-02-15,45.0
2014-02-16,442.75
2014-02-17,840.5
2014-02-18,218.5
2014-02-19,641.25
2014-02-20,1064.0
2014-02-21,212.5
2014-02-22,234.0
2014-02-23,294.98173056461906
2014-02-24,382.0
2014-02-25,475.0
2014-02-26,505.0
2014-02-27,504.01201449123636
2014-02-28,501.1189952858764
2014-03-01,496.42734836531656
2014-03-02,490.0434797109536
2014-03-03,482.0737953041841
2014-03-04,472.62470112640415
2014-03-05,461.8026031590106
2014-03-06,449.7139073833997
2014-03-07,436.46501978096836
2014-03-08,422.16234633311285
2014-03-09,406.9122930212297
2014-03-10,390.8212658267155
2014-03-11,373.9956707309665
2014-03-12,356.54191371537985
2014-03-13,338.56640076135136
2014-03-14,320.175537850278
2014-03-15,301.4757309635561
2014-03-16,282.57338608258226
2014-03-17,263.57490918875294
2014-03-18,244.58670626346472
2014-03-19,225.71518328811416
2014-03-20,207.0667462440976
2014-03-21,188.7478011128118
2014-03-22,170.86475387565307
2014-03-23,153.52401051401802
2014-03-24,136.8319770093032
2014-03-25,120.89505934290506
2014-03-26,105.81966349622013
2014-03-27,91.71219545064503
2014-03-28,78.67906118757615
2014-03-29,66.82666668841009
2014-03-30,56.26141793454339
2014-03-31,47.08972090737248
2014-04-01,39.41798158829394
2014-04-02,33.35260595870427
2014-04-03,29.0
2014-04-04,26.5
2014-04-05,404.5
2014-04-06,221.334641959799
2014-04-07,28.0
2014-04-08,12.165358040201005
2014-04-09,6.5
2014-04-10,1365.0
2014-04-11,1347.989505754058
2014-04-12,1302.2441961907637
2014-04-13,1235.6933310719132
2014-04-14,1156.2661701593045
2014-04-15,1071.8919732147344
2014-04-16,990.5
2014-04-17,900.0
2014-04-18,1054.0910025706942
2014-04-19,1328.0
2014-04-20,1647.2622825787357
2014-04-21,1872.5
2014-04-22,1917.5332334137825
2014-04-23,1949.54342970114
2014-04-24,1968.6569111379276
2014-04-25,1975.0
2014-04-26,1034.0
2014-04-27,1765.1801190869996
2014-04-28,2512.5
2014-04-29,2537.0698809130004
2014-04-30,2545.5
2014-05-01,1818.25
2014-05-02,1091.0
2014-05-03,1393.5555555555557
2014-05-04,1955.4444444444446
2014-05-05,2258.0
2014-05-06,1853.5
2014-05-07,1653.0
2014-05-08,1000.0
2014-05-09,1004.1787580385852
2014-05-10,1018.726688102894
2014-05-11,1046.6612741157555
2014-05-12,1091.0
2014-05-13,1640.0
2014-05-14,1834.619033877645
2014-05-15,1943.0
2014-05-16,2002.0
2014-05-17,938.0
2014-05-18,1216.8333333333337
2014-05-19,1734.6666666666665
2014-05-20,2013.5
2014-05-21,1750.0
2014-05-22,1969.5
2014-05-23,1597.0
2014-05-24,1471.051594518754
2014-05-25,1389.8035750371548
2014-05-26,1361.0
2014-05-27,1739.5
2014-05-28,1739.7
2014-05-29,1450.0
2014-05-30,1751.5
2014-05-31,1708.9444444444446
2014-06-01,1602.555555555556
2014-06-02,1464.25
2014-06-03,1325.9444444444443
2014-06-04,1219.5555555555557
2014-06-05,1177.0
2014-06-06,1308.40625
2014-06-07,1597.5
2014-06-08,1886.59375
2014-06-09,2018.0
2014-06-10,1882.5
2014-06-11,1450.0
2014-06-12,1847.0
2014-06-13,1812.6666666666667
2014-06-14,1726.8333333333337
2014-06-15,1615.25
2014-06-16,1503.6666666666667
2014-06-17,1417.8333333333335
2014-06-18,1383.5
2014-06-19,1805.0
2014-06-20,1818.5
2014-06-21,551.5
2014-06-22,1256.75
2014-06-23,1962.0
2014-06-24,1668.5
2014-06-25,1717.5
2014-06-26,1735.0
2014-06-27,1205.5
2014-06-28,676.0
2014-06-29,1181.0
2014-06-30,1686.0
2014-07-01,1515.0
2014-07-02,1225.0
2014-07-03,1474.5
2014-07-04,1615.0
2014-07-05,723.5
2014-07-06,832.9532998216313
2014-07-07,1086.5
2014-07-08,1630.5
2014-07-09,1564.784038755737
2014-07-10,1415.0
2014-07-11,990.4659612442631
2014-07-12,650.0
2014-07-13,784.5
2014-07-14,919.0
2014-07-15,867.5
2014-07-16,987.0
2014-07-17,1141.0
2014-07-18,1315.5
2014-07-19,561.0
2014-07-20,949.25
2014-07-21,1337.5
2014-07-22,1012.5
2014-07-23,495.0
2014-07-24,1026.0
2014-07-25,989.5
2014-07-26,989.8888888888891
2014-07-27,990.6111111111111
2014-07-28,991.0
2014-07-29,816.5
2014-07-30,642.0
2014-07-31,1567.0
2014-08-01,1196.75
2014-08-02,826.5
2014-08-03,836.1320000000001
2014-08-04,862.2760000000002
2014-08-05,900.8039999999997
2014-08-06,947.5880000000001
2014-08-07,998.5
2014-08-08,1049.412
2014-08-09,1096.196
2014-08-10,1134.7240000000002
2014-08-11,1160.868
2014-08-12,1170.5
2014-08-13,1116.359375
2014-08-14,997.25
2014-08-15,878.140625
2014-08-16,824.0
2014-08-17,827.7035730541648
2014-08-18,838.424442421484
2014-08-19,855.5778334091942
2014-08-20,878.5789713245333
2014-08-21,906.8430814747385
2014-08-22,939.785389167046
2014-08-23,976.8211197086937
2014-08-24,1017.3654984069185
2014-08-25,1060.8337505689578
2014-08-26,1106.6411015020485
2014-08-27,1154.2027765134274
2014-08-28,1202.9340009103323
2014-08-29,1252.25
2014-08-30,1301.5659990896675
2014-08-31,1350.2972234865726
2014-09-01,1397.858898497952
2014-09-02,1443.6662494310422
2014-09-03,1487.1345015930815
2014-09-04,1527.6788802913063
2014-09-05,1564.714610832954
2014-09-06,1597.656918525262
2014-09-07,1625.9210286754665
2014-09-08,1648.9221665908058
2014-09-09,1666.0755575785163
2014-09-10,1676.7964269458353
2014-09-11,1680.5
2014-09-12,1400.0
2014-09-13,1400.507065892384
2014-09-14,1401.9836863482262
2014-09-15,1404.3629955355643
2014-09-16,1407.578127622436
2014-09-17,1411.562216776879
2014-09-18,1416.2483971669292
2014-09-19,1421.5698029606258
2014-09-20,1427.4595683260045
2014-09-21,1433.8508274311034
2014-09-22,1440.6767144439598
2014-09-23,1447.8703635326106
2014-09-24,1455.3649088650934
2014-09-25,1463.0934846094456
2014-09-26,1470.9892249337047
2014-09-27,1478.9852640059075
2014-09-28,1487.0147359940922
2014-09-29,1495.0107750662953
2014-09-30,1502.906515390554
2014-10-01,1510.6350911349064
2014-10-02,1518.1296364673892
2014-10-03,1525.3232855560404
2014-10-04,1532.1491725688966
2014-10-05,1538.5404316739955
2014-10-06,1544.4301970393744
2014-10-07,1549.7516028330704
2014-10-08,1554.4377832231212
2014-10-09,1558.4218723775634
2014-10-10,1561.6370044644357
2014-10-11,1564.0163136517742
2014-10-12,1565.4929341076163
2014-10-13,1566.0
2014-10-14,1546.1690370370372
2014-10-15,1490.3656296296297
2014-10-16,1404.1240000000005
2014-10-17,1292.9783703703706
2014-10-18,1162.4629629629635
2014-10-19,1018.1119999999997
2014-10-20,865.4597037037037
2014-10-21,710.0402962962963
2014-10-22,557.3880000000001
2014-10-23,413.0370370370372
2014-10-24,282.5216296296297
2014-10-25,171.37599999999995
2014-10-26,85.13437037037035
2014-10-27,29.330962962962953
2014-10-28,9.5
2014-10-29,456.0
2014-10-30,606.9789571845605
2014-10-31,666.5
2014-11-01,329.0
2014-11-02,126.4834403603014
2014-11-03,24.0
2014-11-04,8.947772657450077
2014-11-05,3.5
2014-11-06,455.75
2014-11-07,908.0
2014-11-08,336.0
2014-11-09,125.80301569080191
2014-11-10,31.0
2014-11-11,15.0
2014-11-12,12.5
2014-11-13,9.444444444444446
2014-11-14,6.388888888888889
2014-11-15,5.0
2014-11-16,142.5
2014-11-17,280.0
2014-11-18,272.0233236151604
2014-11-19,251.45189504373178
2014-11-20,223.32361516034985
2014-11-21,192.67638483965015
2014-11-22,164.54810495626822
2014-11-23,143.97667638483966
2014-11-24,136.0
2014-11-25,193.5
2014-11-26,170.5
2014-11-27,50.0
2014-11-28,98.256
2014-11-29,213.32800000000003
2014-11-30,350.672
2014-12-01,465.744
2014-12-02,514.0
2014-12-03,31.5
2014-12-04,476.0
2014-12-05,711.0
2014-12-06,9.5
2014-12-07,11.103215534720427
2014-12-08,15.0
2014-12-09,81.24186221866417
2014-12-10,244.69533017898365
2014-12-11,466.2136394208038
2014-12-12,706.6500254839702
2014-12-13,926.8577239083281
2014-12-14,1087.6899702337228
2014-12-15,1150.0
2014-12-16,1122.1093294460643
2014-12-17,1050.1807580174927
2014-12-18,951.8294460641398
2014-12-19,844.67055393586
2014-12-20,746.3192419825073
2014-12-21,674.3906705539358
2014-12-22,646.5
2014-12-23,1952.5
2014-12-24,2892.0
2014-12-25,2776.225007898478
2014-12-26,2478.5
2014-12-27,1550.0
2014-12-28,1783.2520413887678
2014-12-29,2237.5
2014-12-30,2810.5
2014-12-31,2441.75
2015-01-01,2073.0
2015-01-02,2255.5
2015-01-03,1325.5
2015-01-04,1693.5
2015-01-05,2061.5
2015-01-06,1979.5
2015-01-07,1993.5
2015-01-08,1500.0
2015-01-09,1200.0
2015-01-10,1539.1111111111115
2015-01-11,2168.8888888888887
2015-01-12,2508.0
2015-01-13,2356.5
2015-01-14,2122.0
2015-01-15,2104.0
2015-01-16,1744.968993573089
2015-01-17,1401.5
2015-01-18,2078.75
2015-01-19,2756.0
2015-01-20,2703.761092240739
2015-01-21,2547.0
2015-01-22,1500.0
2015-01-23,2607.5
2015-01-24,1808.0
2015-01-25,1680.2618243243244
2015-01-26,1595.8716216216217
2015-01-27,1549.2956081081081
2015-01-28,1535.0
2015-01-29,1879.5
2015-01-30,2164.0
2015-01-31,1233.0
2015-02-01,1661.3170616857637
2015-02-02,2216.0
2015-02-03,2398.0
2015-02-04,2210.5
2015-02-05,2092.0
2015-02-06,2321.0
2015-02-07,1399.0
2015-02-08,1846.0
2015-02-09,2293.0
2015-02-10,2134.0
2015-02-11,3.0
2015-02-12,2469.0
2015-02-13,1250.0
2015-02-14,1809.4814814814815
2015-02-15,2848.5185185185182
2015-02-16,3408.0
2015-02-17,3375.5804510067323
2015-02-18,3286.7647686618957
2015-02-19,3154.2173999179417
2015-02-20,2990.6027917273254
2015-02-21,2808.5853910424944
2015-02-22,2620.829644815902
2015-02-23,2440.0
2015-02-24,2236.0
2015-02-25,2514.0
2015-02-26,2561.0
2015-02-27,2564.0
2015-02-28,1597.0
2015-03-01,1621.3519656019657
2015-03-02,1687.0
2015-03-03,1936.0
2015-03-04,2484.0
2015-03-05,1547.0
2015-03-06,1517.5766978922716
2015-03-07,1509.0
2015-03-08,1817.6654288452323
2015-03-09,2200.0
2015-03-10,2306.466632493608
2015-03-11,2374.041075241169
2015-03-12,2467.0
2015-03-13,2650.0
2015-03-14,2627.1875
2015-03-15,2577.0
2015-03-16,2526.8125
2015-03-17,2504.0
2015-03-18,2772.5
2015-03-19,3041.0
2015-03-20,3013.459356819651
2015-03-21,2931.2249515190692
2015-03-22,2794.8780704589526
2015-03-23,2605.0
2015-03-24,1526.8875242404654
2015-03-25,557.0
2015-03-26,768.0
2015-03-27,600.0
2015-03-28,540.6857142857143
2015-03-29,488.3428571428572
2015-03-30,442.8
2015-03-31,403.8857142857143
2015-04-01,371.42857142857144
2015-04-02,345.2571428571429
2015-04-03,325.2
2015-04-04,311.0857142857143
2015-04-05,302.74285714285713
2015-04-06,300.0
2015-04-07,367.0
2015-04-08,356.0
2015-04-09,254.0
2015-04-10,232.0
2015-04-11,112.0
2015-04-12,121.0
2015-04-13,130.0
2015-04-14,108.06395348837209
2015-04-15,81.0
2015-04-16,74.0
2015-04-17,1500.0
2015-04-18,1122.777777777778
2015-04-19,422.2222222222223
2015-04-20,45.0
2015-04-21,585.2962962962963
2015-04-22,1588.7037037037037
2015-04-23,2129.0
2015-04-24,2068.0
2015-04-25,805.0
2015-04-26,1384.5
2015-04-27,1964.0
2015-04-28,867.0
2015-04-29,1048.0
2015-04-30,1717.0
2015-05-01,1407.5
2015-05-02,1098.0
2015-05-03,1358.0370370370372
2015-05-04,1840.962962962963
2015-05-05,2101.0
2015-05-06,1952.0
2015-05-07,1500.0
2015-05-08,2130.0
2015-05-09,915.0
2015-05-10,1462.0
2015-05-11,2009.0
2015-05-12,1925.0
2015-05-13,2021.0
2015-05-14,1119.0
2015-05-15,952.0
2015-05-16,704.0
2015-05-17,1113.1111111111113
2015-05-18,1872.888888888889
2015-05-19,2282.0
2015-05-20,2133.0
2015-05-21,1684.0
2015-05-22,1577.0
2015-05-23,678.0
2015-05-24,1109.5
2015-05-25,1541.0
2015-05-26,1385.0
2015-05-27,1270.0
2015-05-28,1267.0
2015-05-29,1434.0
2015-05-30,826.0
2015-05-31,961.0
2015-06-01,1258.0
2015-06-02,1555.0
2015-06-03,1690.0
2015-06-04,1514.0
2015-06-05,1530.0
2015-06-06,603.0
2015-06-07,932.2667287819753
2015-06-08,1406.0
2015-06-09,1642.0
2015-06-10,1601.0
2015-06-11,1611.0
2015-06-12,1294.5
2015-06-13,978.0
2015-06-14,1127.3630541871921
2015-06-15,1400.0
2015-06-16,1758.1369458128079
2015-06-17,1993.0
2015-06-18,1850.0
2015-06-19,1650.0
2015-06-20,856.0
2015-06-21,1193.5
2015-06-22,1531.0
2015-06-23,1308.0
